timestamp,step,lr,loss,cumulative_tok_per_s
2026-09-20T07:26:12,1,1.2500000000000002e-07,1.0517414808273315,834.4034272620438
2026-09-20T07:27:08,2,2.5000000000000004e-07,0.7785962820053101,826.7120986221893
2026-09-20T07:28:11,3,3.75e-07,0.8644694089889526,832.8734422520942
2026-09-20T07:28:47,4,5.000000000000001e-07,1.2126082181930542,834.2955695095143
2026-09-20T07:29:39,5,6.25e-07,0.796379029750824,843.2865407196668
2026-09-20T07:30:34,6,7.5e-07,0.8329333066940308,835.9715768894215
2026-09-20T07:31:42,7,8.75e-07,0.8579350709915161,833.356046739922
2026-09-20T07:32:31,8,1.0000000000000002e-06,0.7885422706604004,839.3466345056469
2026-09-20T07:33:00,9,1.125e-06,1.0584280490875244,840.2388364912191
2026-09-20T07:33:45,10,1.25e-06,0.9999125599861145,843.7850032665718
2026-09-20T07:34:09,11,1.3750000000000002e-06,0.8553094863891602,844.0669736702789
2026-09-20T07:34:37,12,1.5e-06,1.1651355028152466,845.6640173436413
2026-09-20T07:35:05,13,1.6250000000000001e-06,0.8796920776367188,848.4057608348115
2026-09-20T07:35:45,14,1.75e-06,0.7312405109405518,853.922431936866
2026-09-20T07:36:21,15,1.8750000000000003e-06,0.9790149927139282,856.181374624633
2026-09-20T07:37:30,16,2.0000000000000003e-06,0.9095370769500732,854.5491388518808
2026-09-20T07:38:02,17,2.125e-06,0.907364547252655,857.4829546949887
2026-09-20T07:39:08,18,2.25e-06,0.684977650642395,860.7165262860002
2026-09-20T07:39:47,19,2.375e-06,0.890654444694519,861.9122755015991
2026-09-20T07:40:07,20,2.5e-06,0.6065823435783386,859.2443523465155
2026-09-20T07:40:43,21,2.6250000000000003e-06,0.7714462280273438,859.3922628479474
2026-09-20T07:41:41,22,2.7500000000000004e-06,0.5930901765823364,860.8108716015254
2026-09-20T07:42:11,23,2.875e-06,0.6515255570411682,861.8376732306299
2026-09-20T07:42:41,24,3e-06,0.746857762336731,861.181401241102
2026-09-20T07:43:20,25,3.125e-06,0.6371625661849976,862.9622826357033
2026-09-20T07:43:50,26,3.2500000000000002e-06,0.7429884672164917,863.1633574621741
2026-09-20T07:44:58,27,3.3750000000000003e-06,0.668923020362854,858.9255803142893
2026-09-20T07:45:32,28,3.5e-06,0.7703351974487305,859.9162196325909
2026-09-20T07:46:25,29,3.625e-06,0.523512065410614,860.3847805557363
2026-09-20T07:46:51,30,3.7500000000000005e-06,0.827995777130127,859.4201396347813
2026-09-20T07:47:27,31,3.875e-06,0.690669059753418,860.5074783328962
2026-09-20T07:48:26,32,4.000000000000001e-06,0.7309456467628479,857.3842983455788
2026-09-20T07:49:01,33,4.125e-06,0.6979559063911438,858.1381955143398
2026-09-20T07:49:35,34,4.25e-06,0.6863470077514648,858.8547142634102
2026-09-20T07:50:57,35,4.3750000000000005e-06,0.557561993598938,856.908428726471
2026-09-20T07:52:08,36,4.5e-06,0.7416031956672668,855.1343480558081
2026-09-20T07:52:40,37,4.625000000000001e-06,0.5694460868835449,854.798460106531
2026-09-20T07:53:35,38,4.75e-06,0.5917634963989258,853.1350724983646
2026-09-20T07:54:03,39,4.875e-06,0.571446418762207,853.3405237004853
2026-09-20T07:54:48,40,5e-06,0.5522571206092834,854.0162138022072
2026-09-20T07:55:33,41,5.125e-06,0.720254123210907,854.3958727493078
2026-09-20T07:56:06,42,5.2500000000000006e-06,0.7424246668815613,855.0248492770687
2026-09-20T07:56:34,43,5.375e-06,0.6354084610939026,855.778947613317
2026-09-20T07:57:00,44,5.500000000000001e-06,0.58438640832901,856.1016286174016
2026-09-20T07:57:30,45,5.625e-06,0.5552828311920166,855.8944094960507
2026-09-20T07:58:24,46,5.75e-06,0.5462992191314697,855.2325612538621
2026-09-20T07:59:09,47,5.8750000000000005e-06,0.4499601423740387,856.8523525571102
2026-09-20T07:59:45,48,6e-06,0.5371080040931702,857.375235830396
2026-09-20T08:00:22,49,6.125000000000001e-06,0.5657359957695007,857.3205713945587
2026-09-20T08:00:54,50,6.25e-06,0.4763146936893463,857.4617382042061
2026-09-20T08:01:30,51,6.375e-06,0.5118611454963684,856.9549970295029
2026-09-20T08:02:03,52,6.5000000000000004e-06,0.45374804735183716,857.4563224062346
2026-09-20T08:03:02,53,6.625e-06,0.4522901475429535,857.3830071791754
2026-09-20T08:04:00,54,6.750000000000001e-06,0.6090661883354187,854.7853820494133
2026-09-20T08:04:27,55,6.875e-06,0.6276943683624268,855.1492474317197
2026-09-20T08:05:21,56,7e-06,0.5409585237503052,855.9324147784057
2026-09-20T08:05:50,57,7.125e-06,0.5960294008255005,855.3910841798022
2026-09-20T08:06:18,58,7.25e-06,0.38591939210891724,855.1232351514944
2026-09-20T08:06:50,59,7.375000000000001e-06,0.461028516292572,855.9477424103821
2026-09-20T08:08:19,60,7.500000000000001e-06,0.49018704891204834,854.8803700272399
2026-09-20T08:08:43,61,7.625e-06,0.5681809782981873,854.5481066583557
2026-09-20T08:09:26,62,7.75e-06,0.602837324142456,854.8489634926332
2026-09-20T08:10:02,63,7.875e-06,0.47564685344696045,854.9527163493916
2026-09-20T08:10:40,64,8.000000000000001e-06,0.4889295995235443,856.0139025332675
2026-09-20T08:11:27,65,8.125000000000001e-06,0.5937891602516174,856.4027200887919
2026-09-20T08:11:58,66,8.25e-06,0.568279504776001,857.1106317598003
2026-09-20T08:12:34,67,8.375e-06,0.4707944095134735,857.574328028623
2026-09-20T08:13:44,68,8.5e-06,0.5149576663970947,858.0183996933175
2026-09-20T08:14:31,69,8.625000000000001e-06,0.5689709186553955,857.4545042995413
2026-09-20T08:15:20,70,8.750000000000001e-06,0.6216066479682922,857.4901391356819
2026-09-20T08:16:29,71,8.875e-06,0.5588884949684143,857.4093686055182
2026-09-20T08:17:14,72,9e-06,0.5608003735542297,858.1696891842303
2026-09-20T08:18:49,73,9.125e-06,0.48795807361602783,857.4718533197453
2026-09-20T08:19:18,74,9.250000000000001e-06,0.4900294840335846,857.5205768498578
2026-09-20T08:19:47,75,9.375000000000001e-06,0.49439001083374023,857.6805364593899
2026-09-20T08:20:51,76,9.5e-06,0.5144226551055908,857.2001305012564
2026-09-20T08:21:27,77,9.625e-06,0.5842679738998413,857.5558502612955
2026-09-20T08:22:02,78,9.75e-06,0.52342689037323,857.8493604853601
2026-09-20T08:22:26,79,9.875000000000001e-06,0.6446212530136108,857.4874676106485
2026-09-20T08:23:08,80,1e-05,0.5367543697357178,856.7466123860017
2026-09-20T08:24:03,81,1.0125e-05,0.5355454683303833,855.3201836476148
2026-09-20T08:24:37,82,1.025e-05,0.4378925561904907,855.6457292174803
2026-09-20T08:25:05,83,1.0375000000000001e-05,0.4921029806137085,855.4712493493673
2026-09-20T08:25:55,84,1.0500000000000001e-05,0.44303932785987854,855.5959283168163
2026-09-20T08:26:26,85,1.0625e-05,0.5012118816375732,855.6710129397037
2026-09-20T08:26:56,86,1.075e-05,0.4957367181777954,855.7794149491089
2026-09-20T08:27:45,87,1.0875e-05,0.546021580696106,855.8888968288153
2026-09-20T08:28:21,88,1.1000000000000001e-05,0.449421226978302,856.411736385894
2026-09-20T08:29:20,89,1.1125000000000001e-05,0.45053374767303467,856.5379746102863
2026-09-20T08:30:12,90,1.125e-05,0.46885740756988525,856.7085096088762
2026-09-20T08:30:39,91,1.1375e-05,0.5028181076049805,856.5920379311635
2026-09-20T08:31:20,92,1.15e-05,0.4954591989517212,857.0982010570189
2026-09-20T08:31:49,93,1.1625000000000001e-05,0.3949006199836731,856.7626929104134
2026-09-20T08:32:26,94,1.1750000000000001e-05,0.4140070676803589,857.207110241728
2026-09-20T08:33:14,95,1.1875e-05,0.49303334951400757,856.8128153959509
2026-09-20T08:33:48,96,1.2e-05,0.3844532370567322,857.131429602638
2026-09-20T08:34:09,97,1.2125e-05,0.5264321565628052,857.008186472907
2026-09-20T08:34:36,98,1.2250000000000001e-05,0.48333051800727844,856.7309558749896
2026-09-20T08:36:15,99,1.2375000000000001e-05,0.48167264461517334,856.2188449595958
2026-09-20T08:37:18,100,1.25e-05,0.3767893612384796,856.1338051985848
2026-09-20T08:38:10,101,1.2625e-05,0.4673353135585785,856.0879826629493
2026-09-20T08:38:51,102,1.275e-05,0.43353337049484253,856.2738684949773
2026-09-20T08:39:30,103,1.2875000000000001e-05,0.49409234523773193,856.7570052091837
2026-09-20T08:40:03,104,1.3000000000000001e-05,0.42188143730163574,857.0732518200014
2026-09-20T08:40:34,105,1.3125e-05,0.3480257987976074,857.165618814821
2026-09-20T08:41:23,106,1.325e-05,0.378953754901886,856.4927289651437
2026-09-20T08:42:07,107,1.3375e-05,0.4691818356513977,856.8356697878326
2026-09-20T08:43:03,108,1.3500000000000001e-05,0.5036168098449707,856.9100715726937
2026-09-20T08:44:08,109,1.3625e-05,0.3856414258480072,856.131584276342
2026-09-20T08:44:47,110,1.375e-05,0.3908877968788147,856.248225898883
2026-09-20T08:46:28,111,1.3875e-05,0.46469634771347046,855.5094881033152
2026-09-20T08:47:12,112,1.4e-05,0.49684250354766846,855.7020698240319
2026-09-20T08:47:37,113,1.4125000000000003e-05,0.4606640338897705,855.445475582997
2026-09-20T08:48:15,114,1.425e-05,0.4647323787212372,855.8476410696755
2026-09-20T08:48:54,115,1.4375e-05,0.4562898278236389,856.0406141414396
2026-09-20T08:49:22,116,1.45e-05,0.5195565223693848,856.0689031091189
2026-09-20T08:50:21,117,1.4625e-05,0.40010178089141846,855.4977511203919
2026-09-20T08:50:54,118,1.4750000000000003e-05,0.341067910194397,855.7248148784221
2026-09-20T08:51:26,119,1.4875000000000002e-05,0.4910849332809448,855.9396100125111
2026-09-20T08:51:55,120,1.5000000000000002e-05,0.4095122814178467,856.1706228293851
2026-09-20T08:52:19,121,1.5125e-05,0.4851495623588562,855.9837424454656
2026-09-20T08:52:45,122,1.525e-05,0.36658042669296265,856.1996230056499
2026-09-20T08:53:28,123,1.5375e-05,0.45667314529418945,856.2764959873515
2026-09-20T08:53:59,124,1.55e-05,0.39233747124671936,856.48468525293
2026-09-20T08:54:19,125,1.5625e-05,0.37687867879867554,855.945464910193
2026-09-20T08:54:48,126,1.575e-05,0.526014506816864,855.8605007897658
2026-09-20T08:55:11,127,1.5875e-05,0.3668787479400635,855.6052494321294
2026-09-20T08:56:10,128,1.6000000000000003e-05,0.3647388219833374,855.3409557114032
2026-09-20T08:56:36,129,1.6125000000000002e-05,0.4014890789985657,855.3100239779196
2026-09-20T08:57:14,130,1.6250000000000002e-05,0.4123675227165222,855.3374882481648
2026-09-20T08:57:38,131,1.6375e-05,0.3541225790977478,855.408102014019
2026-09-20T08:58:32,132,1.65e-05,0.39657387137413025,855.1495108312711
2026-09-20T08:59:07,133,1.6625e-05,0.49335503578186035,855.2262707374113
2026-09-20T08:59:52,134,1.675e-05,0.3862016797065735,855.3523124623119
2026-09-20T09:00:44,135,1.6875e-05,0.45367908477783203,855.5278710122715
2026-09-20T09:01:29,136,1.7e-05,0.5423917770385742,855.7813086948478
2026-09-20T09:01:51,137,1.7125e-05,0.42421865463256836,855.6921544444904
2026-09-20T09:02:31,138,1.7250000000000003e-05,0.4203713536262512,855.9928164241201
2026-09-20T09:03:07,139,1.7375000000000002e-05,0.5331571102142334,856.203913482733
2026-09-20T09:03:48,140,1.7500000000000002e-05,0.48615366220474243,856.2442268827766
2026-09-20T09:04:44,141,1.7625e-05,0.5288693904876709,856.6156068461264
2026-09-20T09:05:07,142,1.775e-05,0.4114333987236023,856.404504626568
2026-09-20T09:05:33,143,1.7875e-05,0.407462477684021,856.3817310842478
2026-09-20T09:07:10,144,1.8e-05,0.2755822539329529,855.7541926113468
2026-09-20T09:08:03,145,1.8125e-05,0.4724200367927551,855.8658353248292
2026-09-20T09:08:23,146,1.825e-05,0.4089353382587433,855.5712256795051
2026-09-20T09:09:26,147,1.8375e-05,0.3842909038066864,854.7206058449218
2026-09-20T09:10:05,148,1.8500000000000002e-05,0.44657468795776367,854.7592635633592
2026-09-20T09:10:35,149,1.8625000000000002e-05,0.3986903429031372,854.8578445727172
2026-09-20T09:10:57,150,1.8750000000000002e-05,0.3220934271812439,854.5323926955106
2026-09-20T09:11:55,151,1.8875e-05,0.4283367991447449,853.6197379235682
2026-09-20T09:12:32,152,1.9e-05,0.3993699252605438,853.9418016463153
2026-09-20T09:13:45,153,1.9125000000000004e-05,0.3315466344356537,853.5413773689746
2026-09-20T09:14:13,154,1.925e-05,0.4015994369983673,853.6368250839074
2026-09-20T09:14:41,155,1.9375e-05,0.3618151545524597,853.6173348057839
2026-09-20T09:15:03,156,1.95e-05,0.42806968092918396,853.6793373987019
2026-09-20T09:15:40,157,1.9625e-05,0.3338853120803833,853.8188729794684
2026-09-20T09:16:48,158,1.9750000000000002e-05,0.5262582302093506,853.2059119128724
2026-09-20T09:17:15,159,1.9875000000000002e-05,0.4111025333404541,853.150101728926
2026-09-20T09:17:53,160,2e-05,0.39211028814315796,853.103238904688
2026-09-20T09:18:46,161,1.9996155324875052e-05,0.34305405616760254,852.7423827284337
2026-09-20T09:19:54,162,1.9992310649750096e-05,0.4005022644996643,852.8491045471386
2026-09-20T09:20:45,163,1.9988465974625146e-05,0.33249416947364807,852.7777074468755
2026-09-20T09:21:16,164,1.9984621299500194e-05,0.37056100368499756,852.8586636937702
2026-09-20T09:21:44,165,1.998077662437524e-05,0.34628111124038696,852.8189588294791
2026-09-20T09:22:19,166,1.9976931949250288e-05,0.29474180936813354,852.854054033963
2026-09-20T09:22:46,167,1.997308727412534e-05,0.39704132080078125,852.9488918512653
2026-09-20T09:23:07,168,1.9969242599000386e-05,0.3789671063423157,852.9245508812575
2026-09-20T09:23:45,169,1.9965397923875433e-05,0.3336074650287628,853.3307256901882
2026-09-20T09:24:32,170,1.9961553248750483e-05,0.4458857774734497,853.6284724453562
2026-09-20T09:25:00,171,1.995770857362553e-05,0.3836047649383545,853.5675655579341
2026-09-20T09:26:06,172,1.9953863898500578e-05,0.34311527013778687,853.093847437947
2026-09-20T09:27:13,173,1.9950019223375628e-05,0.5019595623016357,852.6159329550316
2026-09-20T09:27:36,174,1.9946174548250675e-05,0.43141549825668335,852.504067318547
2026-09-20T09:28:49,175,1.9942329873125722e-05,0.3984695076942444,852.1027420478504
2026-09-20T09:29:48,176,1.993848519800077e-05,0.4414561688899994,852.1457826522246
2026-09-20T09:30:12,177,1.993464052287582e-05,0.38235509395599365,852.0831161144896
2026-09-20T09:31:07,178,1.9930795847750867e-05,0.46977946162223816,852.2832894207397
2026-09-20T09:31:36,179,1.9926951172625914e-05,0.3517115116119385,852.2557412249001
2026-09-20T09:32:34,180,1.9923106497500965e-05,0.3849183917045593,851.732323381143
2026-09-20T09:33:11,181,1.991926182237601e-05,0.34237217903137207,851.9206748149322
2026-09-20T09:34:39,182,1.991541714725106e-05,0.33677536249160767,851.5949468094501
2026-09-20T09:35:09,183,1.9911572472126106e-05,0.30993419885635376,851.670188718964
2026-09-20T09:35:40,184,1.9907727797001154e-05,0.39459389448165894,851.7324691082514
2026-09-20T09:36:53,185,1.9903883121876204e-05,0.38842713832855225,851.5652890528554
2026-09-20T09:37:34,186,1.990003844675125e-05,0.38106226921081543,851.8332004528378
2026-09-20T09:38:05,187,1.98961937716263e-05,0.4044272303581238,852.1083983032751
2026-09-20T09:39:11,188,1.9892349096501346e-05,0.39964380860328674,851.7048529634815
2026-09-20T09:39:47,189,1.9888504421376396e-05,0.3674449324607849,851.8604761665944
2026-09-20T09:40:13,190,1.9884659746251443e-05,0.437183141708374,851.9178446255838
2026-09-20T09:40:49,191,1.988081507112649e-05,0.38552403450012207,852.080197718955
2026-09-20T09:41:24,192,1.987697039600154e-05,0.32730743288993835,852.1338600579802
2026-09-20T09:41:56,193,1.9873125720876588e-05,0.3628895878791809,852.2854715457461
2026-09-20T09:42:47,194,1.9869281045751635e-05,0.4569993019104004,852.4525265589908
2026-09-20T09:43:09,195,1.9865436370626682e-05,0.25937479734420776,852.5002012819081
2026-09-20T09:44:11,196,1.9861591695501733e-05,0.4038679003715515,851.930693085063
2026-09-20T09:44:35,197,1.985774702037678e-05,0.3174950182437897,851.9089153627103
2026-09-20T09:44:56,198,1.9853902345251827e-05,0.42687565088272095,851.8610656963824
2026-09-20T09:45:38,199,1.9850057670126878e-05,0.3501156270503998,851.8706983561488
2026-09-20T09:46:03,200,1.9846212995001925e-05,0.3312157690525055,851.8476611642471
2026-09-20T09:46:29,201,1.9842368319876972e-05,0.36428526043891907,851.8021259118291
2026-09-20T09:46:56,202,1.983852364475202e-05,0.42749398946762085,851.8795356507646
2026-09-20T09:47:31,203,1.9834678969627066e-05,0.32548367977142334,851.9144491674219
2026-09-20T09:48:04,204,1.9830834294502117e-05,0.33769601583480835,852.0488384813806
2026-09-20T09:48:30,205,1.9826989619377164e-05,0.33062249422073364,852.1037163827947
2026-09-20T09:49:04,206,1.982314494425221e-05,0.3768918216228485,852.4703179500758
2026-09-20T09:49:27,207,1.981930026912726e-05,0.3113495111465454,852.3231889282399
2026-09-20T09:50:57,208,1.981545559400231e-05,0.4051584005355835,852.0706632996737
2026-09-20T09:51:38,209,1.9811610918877356e-05,0.3920269012451172,852.0738424894013
2026-09-20T09:52:06,210,1.9807766243752403e-05,0.39338862895965576,852.0694416188136
2026-09-20T09:52:33,211,1.9803921568627454e-05,0.4757658541202545,851.9697319952235
2026-09-20T09:53:26,212,1.98000768935025e-05,0.4542708098888397,851.9828317763471
2026-09-20T09:53:47,213,1.9796232218377548e-05,0.3795120418071747,851.7724000449505
2026-09-20T09:54:15,214,1.9792387543252595e-05,0.3308737576007843,851.9291247637428
2026-09-20T09:55:08,215,1.9788542868127646e-05,0.4883369505405426,851.9072876271227
2026-09-20T09:55:27,216,1.9784698193002693e-05,0.30605366826057434,851.6108341570944
2026-09-20T09:56:20,217,1.978085351787774e-05,0.3582214117050171,851.556645422239
2026-09-20T09:57:27,218,1.977700884275279e-05,0.44727155566215515,851.1226363642382
2026-09-20T09:57:49,219,1.9773164167627838e-05,0.3946416974067688,851.0130338758306
2026-09-20T09:58:24,220,1.9769319492502885e-05,0.3825375735759735,851.1418885050192
2026-09-20T09:59:37,221,1.9765474817377935e-05,0.41386115550994873,850.7750430360356
2026-09-20T09:59:59,222,1.9761630142252983e-05,0.3583585321903229,850.5557015590591
2026-09-20T10:00:30,223,1.975778546712803e-05,0.3633230924606323,850.5253594686129
2026-09-20T10:01:27,224,1.9753940792003077e-05,0.5532113313674927,850.491305370636
2026-09-20T10:02:29,225,1.9750096116878127e-05,0.3713659644126892,850.3555612112019
2026-09-20T10:03:05,226,1.974625144175317e-05,0.39315956830978394,850.5973828242907
2026-09-20T10:04:44,227,1.9742406766628222e-05,0.39360085129737854,849.7401042588077
2026-09-20T10:05:07,228,1.973856209150327e-05,0.34688153862953186,849.7174599842176
2026-09-20T10:06:04,229,1.9734717416378316e-05,0.3456737697124481,849.7690904811018
2026-09-20T10:06:25,230,1.9730872741253367e-05,0.29364684224128723,849.7432778763991
2026-09-20T10:06:50,231,1.9727028066128414e-05,0.42793434858322144,849.6611590715805
2026-09-20T10:07:25,232,1.972318339100346e-05,0.35271912813186646,849.9228668772463
2026-09-20T10:07:53,233,1.9719338715878508e-05,0.3647627532482147,849.8994249585438
2026-09-20T10:08:32,234,1.971549404075356e-05,0.38076454401016235,849.906055262431
2026-09-20T10:09:14,235,1.9711649365628606e-05,0.3805154263973236,850.2164927293926
2026-09-20T10:10:14,236,1.9707804690503653e-05,0.4071555435657501,849.7306293607987
2026-09-20T10:11:17,237,1.9703960015378703e-05,0.4040716290473938,849.2662919397789
2026-09-20T10:12:04,238,1.970011534025375e-05,0.3616693913936615,849.4484574889992
2026-09-20T10:12:36,239,1.9696270665128798e-05,0.30784428119659424,849.5143525345701
2026-09-20T10:13:05,240,1.9692425990003848e-05,0.3111843168735504,849.4889575759815
2026-09-20T10:13:33,241,1.9688581314878895e-05,0.339868426322937,849.5647261264393
2026-09-20T10:14:14,242,1.9684736639753943e-05,0.4368075132369995,849.7943003929262
2026-09-20T10:15:24,243,1.968089196462899e-05,0.29235848784446716,849.3940961177328
2026-09-20T10:16:14,244,1.967704728950404e-05,0.3988611698150635,849.65721635216
2026-09-20T10:17:20,245,1.9673202614379084e-05,0.33593639731407166,849.8650207461735
2026-09-20T10:17:52,246,1.9669357939254135e-05,0.37415993213653564,850.0329521915093
2026-09-20T10:18:33,247,1.9665513264129185e-05,0.39689844846725464,850.0504757490309
2026-09-20T10:19:35,248,1.966166858900423e-05,0.2963675558567047,849.6003994504725
2026-09-20T10:20:45,249,1.965782391387928e-05,0.36998146772384644,849.1911614003947
2026-09-20T10:21:30,250,1.9653979238754327e-05,0.36355990171432495,849.2756115871907
2026-09-20T10:21:51,251,1.9650134563629374e-05,0.2977897524833679,849.1840386284777
2026-09-20T10:22:47,252,1.9646289888504424e-05,0.3444179892539978,849.4340947617185
2026-09-20T10:23:14,253,1.964244521337947e-05,0.3758641481399536,849.4205213178673
2026-09-20T10:24:17,254,1.963860053825452e-05,0.40504589676856995,849.0707423652932
2026-09-20T10:25:15,255,1.9634755863129566e-05,0.37858349084854126,849.1423316311956
2026-09-20T10:26:05,256,1.9630911188004616e-05,0.33458441495895386,849.290375611904
2026-09-20T10:26:50,257,1.9627066512879663e-05,0.3477173447608948,849.4823070879655
2026-09-20T10:27:45,258,1.962322183775471e-05,0.4155293405056,849.0621949335396
2026-09-20T10:28:09,259,1.961937716262976e-05,0.360169917345047,848.9617090464573
2026-09-20T10:28:32,260,1.9615532487504808e-05,0.37089765071868896,848.8557846403538
2026-09-20T10:29:12,261,1.9611687812379855e-05,0.3580729365348816,848.9664978498438
2026-09-20T10:29:55,262,1.9607843137254903e-05,0.3077434301376343,849.1388402314085
2026-09-20T10:30:26,263,1.9603998462129953e-05,0.35025185346603394,849.1958909727248
2026-09-20T10:30:57,264,1.9600153787005e-05,0.3806455433368683,849.3227058858279
2026-09-20T10:31:37,265,1.9596309111880047e-05,0.39559847116470337,849.3125725415867
2026-09-20T10:32:18,266,1.9592464436755098e-05,0.3270232677459717,849.537412299616
2026-09-20T10:33:20,267,1.958861976163014e-05,0.3784804344177246,849.2004606809089
2026-09-20T10:34:20,268,1.9584775086505192e-05,0.4787682294845581,849.3761463580212
2026-09-20T10:35:00,269,1.958093041138024e-05,0.4509049355983734,849.2996140931704
2026-09-20T10:35:34,270,1.9577085736255286e-05,0.29495909810066223,849.437182638722
2026-09-20T10:36:21,271,1.9573241061130337e-05,0.3672511875629425,849.7121409671331
2026-09-20T10:36:45,272,1.9569396386005384e-05,0.3288015127182007,849.6390968414806
2026-09-20T10:38:28,273,1.956555171088043e-05,0.35634344816207886,849.2888104949786
2026-09-20T10:39:04,274,1.956170703575548e-05,0.2879469394683838,849.414341683835
2026-09-20T10:40:07,275,1.955786236063053e-05,0.3535473644733429,849.2942608640619
2026-09-20T10:41:09,276,1.9554017685505576e-05,0.39006495475769043,849.2439684495089
2026-09-20T10:41:33,277,1.9550173010380623e-05,0.34666141867637634,849.3045257086449
2026-09-20T10:42:55,278,1.9546328335255674e-05,0.324585884809494,849.0490417718474
2026-09-20T10:43:33,279,1.954248366013072e-05,0.3637344241142273,849.232608726329
2026-09-20T10:44:24,280,1.9538638985005768e-05,0.3613663911819458,849.3523817187267
2026-09-20T10:45:22,281,1.9534794309880815e-05,0.3420901298522949,849.3628903539703
2026-09-20T10:45:56,282,1.9530949634755866e-05,0.34930723905563354,849.409945160453
2026-09-20T10:46:57,283,1.9527104959630913e-05,0.32704347372055054,849.0066520303093
2026-09-20T10:47:20,284,1.952326028450596e-05,0.35426878929138184,848.9118201262356
2026-09-20T10:47:43,285,1.951941560938101e-05,0.30629420280456543,848.9726908013561
2026-09-20T10:48:13,286,1.9515570934256058e-05,0.3422330617904663,849.0904840990244
2026-09-20T10:49:14,287,1.9511726259131105e-05,0.41236311197280884,848.9399530451193
2026-09-20T10:50:04,288,1.9507881584006156e-05,0.3818226754665375,849.0250594381633
2026-09-20T10:50:43,289,1.95040369088812e-05,0.4674985706806183,849.0505861394257
2026-09-20T10:51:41,290,1.950019223375625e-05,0.4106907248497009,848.9299413862445
2026-09-20T10:52:58,291,1.9496347558631297e-05,0.3334816098213196,848.712708752085
2026-09-20T10:54:02,292,1.9492502883506344e-05,0.38713037967681885,848.4729956577518
2026-09-20T10:54:46,293,1.948865820838139e-05,0.40878450870513916,848.653094976835
2026-09-20T10:55:12,294,1.9484813533256442e-05,0.3019772469997406,848.6532909777002
2026-09-20T10:56:24,295,1.948096885813149e-05,0.40492862462997437,848.4493018462265
2026-09-20T10:57:29,296,1.9477124183006536e-05,0.3037527799606323,848.1316802243936
2026-09-20T10:58:32,297,1.9473279507881587e-05,0.29603666067123413,848.063074777809
2026-09-20T10:59:19,298,1.9469434832756634e-05,0.5319980382919312,848.1130727829783
2026-09-20T11:00:28,299,1.946559015763168e-05,0.3921014070510864,847.8527963418054
2026-09-20T11:00:56,300,1.9461745482506728e-05,0.3992065191268921,847.8495627933358
2026-09-20T11:01:19,301,1.945790080738178e-05,0.3106617331504822,847.6985993000682
2026-09-20T11:02:04,302,1.9454056132256826e-05,0.3639352321624756,847.6324972599193
2026-09-20T11:02:35,303,1.9450211457131873e-05,0.29811519384384155,847.6740124605551
2026-09-20T11:03:29,304,1.9446366782006923e-05,0.2369944453239441,847.620314429908
2026-09-20T11:03:48,305,1.944252210688197e-05,0.3255893588066101,847.4981179247346
2026-09-20T11:04:27,306,1.9438677431757018e-05,0.38151806592941284,847.6820025091814
2026-09-20T11:05:21,307,1.943483275663207e-05,0.3221249282360077,847.8619598228923
2026-09-20T11:05:44,308,1.9430988081507115e-05,0.2730182409286499,847.8097433357964
2026-09-20T11:06:41,309,1.9427143406382163e-05,0.4303118586540222,847.3567154698412
2026-09-20T11:07:19,310,1.942329873125721e-05,0.36625373363494873,847.4699812982318
2026-09-20T11:07:56,311,1.941945405613226e-05,0.31376683712005615,847.5637862228286
2026-09-20T11:08:28,312,1.9415609381007304e-05,0.36600789427757263,847.612439627159
2026-09-20T11:09:02,313,1.9411764705882355e-05,0.3099760413169861,847.6350049354431
2026-09-20T11:09:45,314,1.9407920030757402e-05,0.2666877210140228,847.6762528285209
2026-09-20T11:10:34,315,1.940407535563245e-05,0.3159080743789673,847.8142992389081
2026-09-20T11:11:24,316,1.94002306805075e-05,0.38986313343048096,847.785664229967
2026-09-20T11:11:49,317,1.9396386005382547e-05,0.33398163318634033,847.840517710865
2026-09-20T11:12:14,318,1.9392541330257594e-05,0.3841787576675415,847.8887568535025
2026-09-20T11:12:43,319,1.9388696655132644e-05,0.3229007422924042,847.9524594880473
2026-09-20T11:13:45,320,1.938485198000769e-05,0.3314201831817627,847.6259217025897
2026-09-20T11:14:32,321,1.938100730488274e-05,0.37054577469825745,847.5805262730003
2026-09-20T11:15:10,322,1.9377162629757786e-05,0.3112238049507141,847.6740496469104
2026-09-20T11:15:36,323,1.9373317954632836e-05,0.31606197357177734,847.5926952622726
2026-09-20T11:16:06,324,1.9369473279507883e-05,0.34198933839797974,847.6471657866241
2026-09-20T11:17:02,325,1.936562860438293e-05,0.308799147605896,847.7277096202848
2026-09-20T11:17:42,326,1.936178392925798e-05,0.2715376317501068,847.7426239967268
2026-09-20T11:18:24,327,1.9357939254133028e-05,0.3526074290275574,847.8185278508915
2026-09-20T11:18:55,328,1.9354094579008075e-05,0.3622695207595825,847.9196759573983
2026-09-20T11:19:30,329,1.9350249903883123e-05,0.317485511302948,847.946555451618
2026-09-20T11:19:55,330,1.9346405228758173e-05,0.367129921913147,847.9469416143087
2026-09-20T11:20:35,331,1.934256055363322e-05,0.34426742792129517,847.9669005912208
2026-09-20T11:21:11,332,1.9338715878508267e-05,0.39238685369491577,847.9790957329338
2026-09-20T11:21:54,333,1.9334871203383318e-05,0.3606438636779785,848.1271921967183
2026-09-20T11:22:25,334,1.9331026528258362e-05,0.28861093521118164,848.1114900110613
2026-09-20T11:23:22,335,1.9327181853133412e-05,0.3177538812160492,848.3162653852906
2026-09-20T11:24:06,336,1.932333717800846e-05,0.39566540718078613,848.5158931773825
2026-09-20T11:24:49,337,1.9319492502883507e-05,0.4131009578704834,848.5691718780646
2026-09-20T11:25:17,338,1.9315647827758557e-05,0.40061068534851074,848.6301586472514
2026-09-20T11:25:45,339,1.9311803152633604e-05,0.28859150409698486,848.628284091723
2026-09-20T11:26:50,340,1.930795847750865e-05,0.3869885206222534,848.4102558961055
2026-09-20T11:27:21,341,1.93041138023837e-05,0.3276737332344055,848.5212225933717
2026-09-20T11:28:01,342,1.930026912725875e-05,0.41381755471229553,848.6222261779202
2026-09-20T11:29:02,343,1.9296424452133796e-05,0.36393603682518005,848.7134405624066
2026-09-20T11:30:15,344,1.9292579777008843e-05,0.3706069588661194,848.6164550286202
2026-09-20T11:30:47,345,1.9288735101883894e-05,0.32362934947013855,848.7178132572045
2026-09-20T11:31:17,346,1.928489042675894e-05,0.2522084414958954,848.7051637487676
2026-09-20T11:31:36,347,1.9281045751633988e-05,0.277299165725708,848.649939860382
2026-09-20T11:32:05,348,1.9277201076509035e-05,0.2777346074581146,848.6762221125399
2026-09-20T11:32:57,349,1.9273356401384086e-05,0.3149318993091583,848.6522437281171
2026-09-20T11:33:32,350,1.9269511726259133e-05,0.38312283158302307,848.8007214497012
2026-09-20T11:34:04,351,1.926566705113418e-05,0.3297630548477173,848.9087127619721
2026-09-20T11:34:35,352,1.926182237600923e-05,0.3411259949207306,849.0131775167657
2026-09-20T11:35:04,353,1.9257977700884275e-05,0.2741234302520752,849.0677669857831
2026-09-20T11:35:43,354,1.9254133025759325e-05,0.32805466651916504,849.0790328661882
2026-09-20T11:36:52,355,1.9250288350634376e-05,0.31294625997543335,848.8458721465677
2026-09-20T11:38:07,356,1.924644367550942e-05,0.42121511697769165,848.7400543973611
2026-09-20T11:38:39,357,1.924259900038447e-05,0.3687626123428345,848.7804975872529
2026-09-20T11:39:36,358,1.9238754325259517e-05,0.33289894461631775,848.8959544134357
2026-09-20T11:40:07,359,1.9234909650134564e-05,0.29482176899909973,848.9960086874438
2026-09-20T11:41:13,360,1.923106497500961e-05,0.3774719834327698,849.0763055551097
2026-09-20T11:42:04,361,1.9227220299884662e-05,0.39218151569366455,849.2467767074278
2026-09-20T11:42:33,362,1.922337562475971e-05,0.30764156579971313,849.2893012815215
2026-09-20T11:43:35,363,1.9219530949634756e-05,0.3142504394054413,849.0276841507623
2026-09-20T11:44:09,364,1.9215686274509807e-05,0.370586633682251,849.1236644397782
2026-09-20T11:44:33,365,1.9211841599384854e-05,0.33015716075897217,849.0978828229368
2026-09-20T11:45:17,366,1.92079969242599e-05,0.2484596073627472,849.1866363591082
2026-09-20T11:45:59,367,1.9204152249134948e-05,0.3375108242034912,849.3288871152652
2026-09-20T11:46:33,368,1.920030757401e-05,0.32190102338790894,849.4189007947577
2026-09-20T11:47:09,369,1.9196462898885046e-05,0.40830734372138977,849.5826738324431
2026-09-20T11:47:31,370,1.9192618223760093e-05,0.25578516721725464,849.5400168928395
2026-09-20T11:48:55,371,1.9188773548635144e-05,0.2838132977485657,849.2361227813752
2026-09-20T11:49:24,372,1.918492887351019e-05,0.3183768093585968,849.2259871136666
2026-09-20T11:49:57,373,1.9181084198385238e-05,0.24916990101337433,849.2573826870474
2026-09-20T11:50:28,374,1.917723952326029e-05,0.33060377836227417,849.3452288157017
2026-09-20T11:51:13,375,1.9173394848135332e-05,0.3177485466003418,849.4166291243573
2026-09-20T11:51:35,376,1.9169550173010383e-05,0.2937431335449219,849.3587137459183
2026-09-20T11:52:11,377,1.916570549788543e-05,0.2898862361907959,849.5018030581443
2026-09-20T11:52:34,378,1.9161860822760477e-05,0.32796671986579895,849.4846510510239
2026-09-20T11:53:27,379,1.9158016147635524e-05,0.5438651442527771,849.563884212763
2026-09-20T11:54:14,380,1.9154171472510575e-05,0.3936074376106262,849.6900364219779
2026-09-20T11:54:59,381,1.9150326797385622e-05,0.37531235814094543,849.8100691867244
2026-09-20T11:55:24,382,1.914648212226067e-05,0.2904447019100189,849.8419788583507
2026-09-20T11:55:47,383,1.914263744713572e-05,0.3479582667350769,849.7993796841924
2026-09-20T11:57:01,384,1.9138792772010767e-05,0.3349875807762146,849.5989410829843
2026-09-20T11:57:59,385,1.9134948096885814e-05,0.30458712577819824,849.6924815907303
2026-09-20T11:58:34,386,1.9131103421760864e-05,0.3491365313529968,849.8328920675642
2026-09-20T11:59:26,387,1.912725874663591e-05,0.39112094044685364,849.6909923221342
2026-09-20T11:59:56,388,1.912341407151096e-05,0.3859977126121521,849.6752282069631
2026-09-20T12:00:36,389,1.9119569396386006e-05,0.2576233148574829,849.6982508304741
2026-09-20T12:01:37,390,1.9115724721261056e-05,0.3186548948287964,849.6479220405995
2026-09-20T12:02:59,391,1.9111880046136104e-05,0.4117415249347687,849.5612784566905
2026-09-20T12:03:28,392,1.910803537101115e-05,0.29034435749053955,849.6049960344517
2026-09-20T12:04:41,393,1.91041906958862e-05,0.3080461621284485,849.452467894738
2026-09-20T12:05:14,394,1.910034602076125e-05,0.28812602162361145,849.436468279306
2026-09-20T12:06:01,395,1.9096501345636296e-05,0.316867470741272,849.5421851522457
2026-09-20T12:07:04,396,1.9092656670511343e-05,0.3697446584701538,849.6969701369427
2026-09-20T12:08:07,397,1.908881199538639e-05,0.36404895782470703,849.5187630502264
2026-09-20T12:08:34,398,1.908496732026144e-05,0.29067713022232056,849.5536259263575
2026-09-20T12:08:59,399,1.9081122645136488e-05,0.3585595488548279,849.5421861730413
2026-09-20T12:09:22,400,1.9077277970011535e-05,0.45640555024147034,849.5222037098987
2026-09-20T12:09:50,401,1.9073433294886582e-05,0.2783520221710205,849.560708692987
2026-09-20T12:10:11,402,1.9069588619761632e-05,0.29742324352264404,849.507386537945
2026-09-20T12:11:30,403,1.906574394463668e-05,0.44267940521240234,849.3633077799587
2026-09-20T12:12:26,404,1.9061899269511727e-05,0.3457561135292053,849.4958644566063
2026-09-20T12:13:10,405,1.9058054594386777e-05,0.29025763273239136,849.4871148970191
2026-09-20T12:13:42,406,1.9054209919261824e-05,0.29200950264930725,849.5213352981723
2026-09-20T12:14:39,407,1.905036524413687e-05,0.3110964894294739,849.5089194750183
2026-09-20T12:15:02,408,1.904652056901192e-05,0.27189964056015015,849.4891095137086
2026-09-20T12:15:33,409,1.904267589388697e-05,0.263152539730072,849.5772810028818
2026-09-20T12:16:04,410,1.9038831218762016e-05,0.30060112476348877,849.609633716212
2026-09-20T12:16:33,411,1.9034986543637064e-05,0.29422879219055176,849.6573492602505
2026-09-20T12:16:55,412,1.9031141868512114e-05,0.30711057782173157,849.5635674319817
2026-09-20T12:17:57,413,1.902729719338716e-05,0.3708121180534363,849.3282176688341
2026-09-20T12:18:29,414,1.902345251826221e-05,0.2815048098564148,849.410801411305
2026-09-20T12:19:07,415,1.9019607843137255e-05,0.39589864015579224,849.430762196689
2026-09-20T12:19:34,416,1.9015763168012306e-05,0.3368593752384186,849.4669181102481
2026-09-20T12:20:00,417,1.9011918492887353e-05,0.31894147396087646,849.5519085034842
2026-09-20T12:21:19,418,1.90080738177624e-05,0.3245776891708374,849.3448274956626
2026-09-20T12:21:43,419,1.900422914263745e-05,0.35085779428482056,849.3186621279443
2026-09-20T12:22:04,420,1.9000384467512495e-05,0.36234819889068604,849.3098231209964
2026-09-20T12:22:33,421,1.8996539792387545e-05,0.24228179454803467,849.3396058871969
2026-09-20T12:22:56,422,1.8992695117262592e-05,0.31275543570518494,849.3689109677599
2026-09-20T12:23:22,423,1.898885044213764e-05,0.4079594314098358,849.3654512171854
2026-09-20T12:23:54,424,1.898500576701269e-05,0.32794085144996643,849.4468380756641
2026-09-20T12:24:29,425,1.8981161091887737e-05,0.33548471331596375,849.4607145805564
2026-09-20T12:25:00,426,1.8977316416762784e-05,0.3061947822570801,849.5035111214341
2026-09-20T12:26:06,427,1.897347174163783e-05,0.4239463210105896,849.283068185324
2026-09-20T12:26:56,428,1.8969627066512882e-05,0.35687506198883057,849.2284133319328
2026-09-20T12:27:33,429,1.896578239138793e-05,0.32821398973464966,849.2691935287528
2026-09-20T12:28:12,430,1.8961937716262976e-05,0.3128204643726349,849.3541977116696
2026-09-20T12:29:25,431,1.8958093041138027e-05,0.3681381344795227,849.1648708003719
2026-09-20T12:29:53,432,1.8954248366013074e-05,0.3560883104801178,849.1874539654783
2026-09-20T12:31:05,433,1.895040369088812e-05,0.4143056571483612,849.1253503019509
2026-09-20T12:31:38,434,1.8946559015763168e-05,0.44812506437301636,849.2111920258835
2026-09-20T12:32:16,435,1.894271434063822e-05,0.344875693321228,849.3372998711054
2026-09-20T12:33:23,436,1.8938869665513266e-05,0.31350263953208923,849.1668388129538
2026-09-20T12:33:55,437,1.8935024990388313e-05,0.38267773389816284,849.2493713669163
2026-09-20T12:34:20,438,1.8931180315263364e-05,0.3202311396598816,849.189978055118
2026-09-20T12:34:52,439,1.8927335640138407e-05,0.32623475790023804,849.2250751820379
2026-09-20T12:35:58,440,1.8923490965013458e-05,0.433066725730896,849.2116544177037
2026-09-20T12:36:48,441,1.891964628988851e-05,0.38841962814331055,849.0061080441624
2026-09-20T12:37:27,442,1.8915801614763552e-05,0.34133267402648926,849.0854538312457
2026-09-20T12:37:51,443,1.8911956939638603e-05,0.2900216579437256,848.9940211841355
2026-09-20T12:38:20,444,1.890811226451365e-05,0.2906269431114197,849.0767925061795
2026-09-20T12:38:51,445,1.8904267589388697e-05,0.338045597076416,849.1245343733325
2026-09-20T12:39:43,446,1.8900422914263744e-05,0.25502654910087585,849.0275347453702
2026-09-20T12:40:34,447,1.8896578239138795e-05,0.3825337290763855,849.1524352619059
2026-09-20T12:41:16,448,1.8892733564013842e-05,0.33369529247283936,849.2071876441663
2026-09-20T12:41:54,449,1.888888888888889e-05,0.3934626579284668,849.2918098028993
2026-09-20T12:42:21,450,1.888504421376394e-05,0.3077194094657898,849.3223823103543
2026-09-20T12:43:51,451,1.8881199538638987e-05,0.3586706221103668,849.0532598192515
2026-09-20T12:44:55,452,1.8877354863514034e-05,0.35896456241607666,848.8103236436185
2026-09-20T12:45:58,453,1.8873510188389084e-05,0.31226056814193726,848.8355415160712
2026-09-20T12:47:18,454,1.886966551326413e-05,0.3387688398361206,848.7518823833019
2026-09-20T12:47:57,455,1.886582083813918e-05,0.33553773164749146,848.6705802723028
2026-09-20T12:48:58,456,1.8861976163014226e-05,0.3518022298812866,848.4817339409992
2026-09-20T12:50:29,457,1.8858131487889276e-05,0.45952504873275757,848.3612086123327
2026-09-20T12:51:14,458,1.885428681276432e-05,0.2987981140613556,848.4403422228892
2026-09-20T12:52:24,459,1.885044213763937e-05,0.29708290100097656,848.3617768486691
2026-09-20T12:53:09,460,1.884659746251442e-05,0.33099809288978577,848.39536514419
2026-09-20T12:53:42,461,1.8842752787389465e-05,0.2916979491710663,848.4761403683976
2026-09-20T12:54:24,462,1.8838908112264516e-05,0.3850935697555542,848.5340755529595
2026-09-20T12:55:33,463,1.8835063437139563e-05,0.404253751039505,848.3268923258154
2026-09-20T12:56:23,464,1.883121876201461e-05,0.26394471526145935,848.5175808292674
2026-09-20T12:57:23,465,1.882737408688966e-05,0.2584357261657715,848.5820958849813
2026-09-20T12:57:53,466,1.8823529411764708e-05,0.275458425283432,848.6092408393143
2026-09-20T12:58:20,467,1.8819684736639755e-05,0.3035678565502167,848.6461463246239
2026-09-20T12:58:44,468,1.8815840061514802e-05,0.4071822166442871,848.5915211463001
2026-09-20T12:59:14,469,1.8811995386389852e-05,0.3253425359725952,848.595804304694
2026-09-20T12:59:38,470,1.88081507112649e-05,0.25512170791625977,848.5732877653267
2026-09-20T13:00:09,471,1.8804306036139947e-05,0.32397720217704773,848.6434890523232
2026-09-20T13:00:58,472,1.8800461361014997e-05,0.33386850357055664,848.7631566709496
2026-09-20T13:01:37,473,1.8796616685890044e-05,0.31236976385116577,848.7760790476717
2026-09-20T13:02:04,474,1.879277201076509e-05,0.3276636004447937,848.8466496656181
2026-09-20T13:02:36,475,1.878892733564014e-05,0.2953040301799774,848.840320483195
2026-09-20T13:04:07,476,1.878508266051519e-05,0.2557746469974518,848.541965783762
2026-09-20T13:04:47,477,1.8781237985390236e-05,0.3221571147441864,848.7053632844951
2026-09-20T13:05:34,478,1.8777393310265284e-05,0.39015451073646545,848.9044177456029
2026-09-20T13:06:08,479,1.8773548635140334e-05,0.27242445945739746,848.9639499835589
2026-09-20T13:06:47,480,1.876970396001538e-05,0.3212360739707947,849.022506239842
2026-09-20T13:07:19,481,1.876585928489043e-05,0.32114288210868835,849.0873781528809
2026-09-20T13:08:53,482,1.8762014609765476e-05,0.491713285446167,848.9216280016359
2026-09-20T13:09:28,483,1.8758169934640523e-05,0.3476504981517792,848.9948927195537
2026-09-20T13:09:57,484,1.8754325259515573e-05,0.3138957619667053,849.0670174446062
2026-09-20T13:11:10,485,1.875048058439062e-05,0.33113187551498413,849.0316336447421
2026-09-20T13:11:49,486,1.8746635909265668e-05,0.3453100025653839,849.0246766037104
2026-09-20T13:12:30,487,1.8742791234140715e-05,0.36468735337257385,849.1696327241085
2026-09-20T13:13:10,488,1.8738946559015765e-05,0.3613646626472473,849.2855383436078
2026-09-20T13:14:38,489,1.8735101883890812e-05,0.40790870785713196,849.1092849418875
2026-09-20T13:15:11,490,1.873125720876586e-05,0.4008753001689911,849.1731581537404
2026-09-20T13:15:52,491,1.872741253364091e-05,0.2810714542865753,849.2339682596123
2026-09-20T13:16:15,492,1.8723567858515957e-05,0.2781740427017212,849.1477794420372
2026-09-20T13:16:47,493,1.8719723183391004e-05,0.34017759561538696,849.1756917254157
2026-09-20T13:17:20,494,1.871587850826605e-05,0.2988153100013733,849.2092105136488
2026-09-20T13:18:38,495,1.8712033833141102e-05,0.3251831829547882,849.029325882786
2026-09-20T13:18:59,496,1.870818915801615e-05,0.27478867769241333,848.9744406673561
2026-09-20T13:20:02,497,1.8704344482891196e-05,0.40290457010269165,849.0947247709482
2026-09-20T13:20:26,498,1.8700499807766247e-05,0.2851337194442749,849.0788436544015
2026-09-20T13:21:07,499,1.8696655132641294e-05,0.36653172969818115,849.1318975952443
2026-09-20T13:22:18,500,1.869281045751634e-05,0.3028028607368469,849.0751882642547
2026-09-20T13:22:59,501,1.868896578239139e-05,0.35791847109794617,849.155606164414
2026-09-20T13:23:54,502,1.868512110726644e-05,0.2589671313762665,849.186542220433
2026-09-20T13:24:32,503,1.8681276432141486e-05,0.36060166358947754,849.1945818389147
2026-09-20T13:25:02,504,1.8677431757016533e-05,0.3235529065132141,849.2640417917606
2026-09-20T13:25:29,505,1.8673587081891584e-05,0.36047324538230896,849.2893657314013
2026-09-20T13:26:17,506,1.8669742406766628e-05,0.34671851992607117,849.3721746487004
2026-09-20T13:27:00,507,1.8665897731641678e-05,0.30284059047698975,849.5065219710018
2026-09-20T13:27:33,508,1.8662053056516725e-05,0.29580527544021606,849.5004370852714
2026-09-20T13:28:06,509,1.8658208381391772e-05,0.3292672336101532,849.5300820514931
2026-09-20T13:28:42,510,1.8654363706266823e-05,0.31406477093696594,849.6345241902484
2026-09-20T13:29:48,511,1.865051903114187e-05,0.35336440801620483,849.5599019486476
2026-09-20T13:30:17,512,1.8646674356016917e-05,0.2581583261489868,849.5861942021286
2026-09-20T13:30:49,513,1.8642829680891964e-05,0.300176203250885,849.6168520133193
2026-09-20T13:32:00,514,1.8638985005767015e-05,0.29944103956222534,849.5101256546737
2026-09-20T13:32:38,515,1.8635140330642062e-05,0.40871480107307434,849.4817839451275
2026-09-20T13:33:51,516,1.863129565551711e-05,0.3653787672519684,849.4900104317003
2026-09-20T13:34:49,517,1.862745098039216e-05,0.3695293366909027,849.4623429048365
2026-09-20T13:35:36,518,1.8623606305267207e-05,0.31114739179611206,849.4776376880799
2026-09-20T13:36:08,519,1.8619761630142254e-05,0.34926047921180725,849.5450151609951
2026-09-20T13:36:47,520,1.8615916955017305e-05,0.3622041940689087,849.6487577314172
2026-09-20T13:37:38,521,1.8612072279892352e-05,0.4189543128013611,849.7635889103602
2026-09-20T13:38:16,522,1.86082276047674e-05,0.3128398060798645,849.8586028576606
2026-09-20T13:38:53,523,1.8604382929642446e-05,0.2862873077392578,849.9959827021364
2026-09-20T13:39:28,524,1.8600538254517497e-05,0.3373046815395355,850.0999528059901
2026-09-20T13:40:53,525,1.859669357939254e-05,0.3702402710914612,849.9609670524688
2026-09-20T13:41:32,526,1.859284890426759e-05,0.28331393003463745,850.0634597117626
2026-09-20T13:42:19,527,1.858900422914264e-05,0.3980598747730255,850.1311009972795
2026-09-20T13:42:39,528,1.8585159554017685e-05,0.24505066871643066,850.0763498971775
2026-09-20T13:43:20,529,1.8581314878892736e-05,0.3339429497718811,850.1055432347814
2026-09-20T13:44:12,530,1.8577470203767783e-05,0.3994278907775879,850.1439686399631
2026-09-20T13:44:37,531,1.857362552864283e-05,0.2710859179496765,850.1418191735363
2026-09-20T13:45:55,532,1.856978085351788e-05,0.3368603587150574,850.0349953528437
2026-09-20T13:46:28,533,1.8565936178392928e-05,0.3033845126628876,850.0626982876935
2026-09-20T13:47:20,534,1.8562091503267975e-05,0.2691223621368408,850.1555483116093
2026-09-20T13:48:34,535,1.8558246828143022e-05,0.27809077501296997,850.1260972681176
2026-09-20T13:49:43,536,1.8554402153018073e-05,0.38365185260772705,849.9541170485069
2026-09-20T13:50:15,537,1.855055747789312e-05,0.2698434591293335,850.0544753294491
2026-09-20T13:50:50,538,1.8546712802768167e-05,0.3157901465892792,850.1101164493053
2026-09-20T13:51:24,539,1.8542868127643217e-05,0.32818686962127686,850.132041584227
2026-09-20T13:51:48,540,1.8539023452518265e-05,0.2687896192073822,850.1158584332637
2026-09-20T13:52:16,541,1.8535178777393312e-05,0.22394061088562012,850.1841561667438
2026-09-20T13:53:38,542,1.853133410226836e-05,0.30227726697921753,850.2234055914669
2026-09-20T13:54:24,543,1.852748942714341e-05,0.3786182701587677,850.2680430828354
2026-09-20T13:55:02,544,1.8523644752018457e-05,0.300228476524353,850.3651169629069
2026-09-20T13:55:49,545,1.8519800076893504e-05,0.3943653702735901,850.4562163166516
2026-09-20T13:56:16,546,1.8515955401768554e-05,0.3996507525444031,850.4502796487072
2026-09-20T13:57:01,547,1.8512110726643598e-05,0.39837369322776794,850.512721170309
2026-09-20T13:57:37,548,1.850826605151865e-05,0.23499464988708496,850.5010992992175
2026-09-20T13:58:18,549,1.8504421376393696e-05,0.3005117177963257,850.5730915828825
2026-09-20T13:59:16,550,1.8500576701268743e-05,0.27941030263900757,850.3091132872629
2026-09-20T13:59:49,551,1.8496732026143793e-05,0.35204172134399414,850.328101668047
2026-09-20T14:00:13,552,1.849288735101884e-05,0.2887340784072876,850.2974274110536
2026-09-20T14:00:59,553,1.8489042675893888e-05,0.32528942823410034,850.3806980335614
2026-09-20T14:02:09,554,1.8485198000768935e-05,0.34246161580085754,850.3966027578041
2026-09-20T14:02:54,555,1.8481353325643985e-05,0.3449089229106903,850.3927958069685
2026-09-20T14:04:49,556,1.8477508650519033e-05,0.42575299739837646,850.1196338149302
2026-09-20T14:05:21,557,1.847366397539408e-05,0.3208919167518616,850.108440967062
2026-09-20T14:06:10,558,1.846981930026913e-05,0.3744831681251526,850.1647742967882
2026-09-20T14:06:34,559,1.8465974625144177e-05,0.32415229082107544,850.1260102005946
2026-09-20T14:07:03,560,1.8462129950019225e-05,0.305691659450531,850.1547563709339
2026-09-20T14:07:29,561,1.845828527489427e-05,0.2930487096309662,850.1392726888998
2026-09-20T14:07:52,562,1.8454440599769322e-05,0.2646273076534271,850.1207633911712
2026-09-20T14:08:37,563,1.845059592464437e-05,0.3059620261192322,850.0564363341421
2026-09-20T14:09:23,564,1.8446751249519416e-05,0.289228618144989,850.1289480370532
2026-09-20T14:09:52,565,1.8442906574394467e-05,0.32669368386268616,850.1680501054632
2026-09-20T14:10:43,566,1.8439061899269514e-05,0.39595913887023926,850.2752910505183
2026-09-20T14:11:19,567,1.843521722414456e-05,0.3064115643501282,850.353364948052
2026-09-20T14:11:53,568,1.843137254901961e-05,0.30893707275390625,850.4157554067061
2026-09-20T14:12:23,569,1.8427527873894656e-05,0.27416378259658813,850.421244378809
2026-09-20T14:13:01,570,1.8423683198769706e-05,0.31880420446395874,850.4831716444058
2026-09-20T14:13:26,571,1.8419838523644753e-05,0.3280932605266571,850.477215565353
2026-09-20T14:14:03,572,1.84159938485198e-05,0.37024521827697754,850.5329329515278
2026-09-20T14:15:08,573,1.8412149173394848e-05,0.30062270164489746,850.3719697006542
2026-09-20T14:15:40,574,1.8408304498269898e-05,0.2766966223716736,850.3596204828442
2026-09-20T14:16:25,575,1.8404459823144945e-05,0.24616816639900208,850.4021448889512
2026-09-20T14:17:04,576,1.8400615148019992e-05,0.2918774485588074,850.4486615217417
2026-09-20T14:17:29,577,1.8396770472895043e-05,0.28214824199676514,850.421311854768
2026-09-20T14:17:57,578,1.839292579777009e-05,0.26275116205215454,850.4790361887582
2026-09-20T14:19:19,579,1.8389081122645137e-05,0.31451019644737244,850.3050774929386
2026-09-20T14:19:51,580,1.8385236447520184e-05,0.29679182171821594,850.3571151137886
2026-09-20T14:20:23,581,1.8381391772395235e-05,0.3355068266391754,850.421184517805
2026-09-20T14:21:42,582,1.8377547097270282e-05,0.2905440032482147,850.2278402359751
2026-09-20T14:22:52,583,1.837370242214533e-05,0.33598893880844116,850.0525510479806
2026-09-20T14:23:09,584,1.836985774702038e-05,0.2830808162689209,849.9251208032565
2026-09-20T14:23:39,585,1.8366013071895427e-05,0.3371725082397461,849.9583118190975
2026-09-20T14:25:04,586,1.8362168396770474e-05,0.32570624351501465,849.8752585647195
2026-09-20T14:25:40,587,1.8358323721645525e-05,0.3494913578033447,849.9607199135767
2026-09-20T14:26:19,588,1.8354479046520572e-05,0.3435218334197998,850.0487496438417
2026-09-20T14:26:50,589,1.835063437139562e-05,0.3271676301956177,850.1077046623063
2026-09-20T14:27:30,590,1.8346789696270666e-05,0.2951487898826599,850.1829164830857
2026-09-20T14:28:22,591,1.8342945021145713e-05,0.32881036400794983,850.1164590396575
2026-09-20T14:28:44,592,1.833910034602076e-05,0.2732156813144684,850.0714534111713
2026-09-20T14:29:15,593,1.833525567089581e-05,0.36580175161361694,850.1218728825479
2026-09-20T14:29:46,594,1.8331410995770858e-05,0.27836424112319946,850.1168162663871
2026-09-20T14:30:58,595,1.8327566320645905e-05,0.3658590316772461,850.0286095570661
2026-09-20T14:31:29,596,1.8323721645520956e-05,0.29688936471939087,850.0575354108381
2026-09-20T14:31:52,597,1.8319876970396003e-05,0.33409589529037476,850.0750556214541
2026-09-20T14:32:18,598,1.831603229527105e-05,0.34321919083595276,850.0926544626391
2026-09-20T14:33:04,599,1.83121876201461e-05,0.3261779546737671,850.1323053567028
2026-09-20T14:33:34,600,1.8308342945021148e-05,0.336819052696228,850.1925569789403
2026-09-20T14:34:17,601,1.8304498269896195e-05,0.308508962392807,850.274259966069
2026-09-20T14:35:08,602,1.8300653594771242e-05,0.3167034685611725,850.2324074118189
2026-09-20T14:35:50,603,1.8296808919646293e-05,0.3278864026069641,850.267570537813
2026-09-20T14:36:22,604,1.829296424452134e-05,0.3575122654438019,850.2612525432966
2026-09-20T14:37:02,605,1.8289119569396387e-05,0.41327667236328125,850.3109354923372
2026-09-20T14:38:09,606,1.8285274894271437e-05,0.3870163559913635,850.1894421112108
2026-09-20T14:39:12,607,1.8281430219146485e-05,0.32013583183288574,850.2704977257557
2026-09-20T14:39:43,608,1.8277585544021532e-05,0.2784513235092163,850.2842469127621
2026-09-20T14:40:18,609,1.827374086889658e-05,0.2877868711948395,850.3332568640302
2026-09-20T14:40:50,610,1.826989619377163e-05,0.2623363137245178,850.3591174981419
2026-09-20T14:41:19,611,1.8266051518646677e-05,0.2925066351890564,850.3442453169677
2026-09-20T14:41:55,612,1.8262206843521724e-05,0.28056174516677856,850.4023761198436
2026-09-20T14:42:16,613,1.8258362168396774e-05,0.25697237253189087,850.3913384120692
2026-09-20T14:42:53,614,1.8254517493271818e-05,0.27319014072418213,850.3709719431682
2026-09-20T14:43:23,615,1.825067281814687e-05,0.28537678718566895,850.3947709969664
2026-09-20T14:43:44,616,1.8246828143021916e-05,0.2850901484489441,850.2960510778536
2026-09-20T14:44:41,617,1.8242983467896963e-05,0.22787682712078094,850.3176266659935
2026-09-20T14:45:17,618,1.8239138792772013e-05,0.30944758653640747,850.4336945093361
2026-09-20T14:46:05,619,1.823529411764706e-05,0.3572094142436981,850.5004209530055
2026-09-20T14:46:48,620,1.8231449442522108e-05,0.4037693738937378,850.538740587348
2026-09-20T14:47:18,621,1.8227604767397155e-05,0.35861796140670776,850.5261875259034
2026-09-20T14:47:45,622,1.8223760092272205e-05,0.40042656660079956,850.5556350270812
2026-09-20T14:48:12,623,1.8219915417147253e-05,0.24990561604499817,850.5437041249435
2026-09-20T14:49:08,624,1.82160707420223e-05,0.3480188846588135,850.6186914931827
2026-09-20T14:49:32,625,1.821222606689735e-05,0.263914555311203,850.5740235481169
2026-09-20T14:49:53,626,1.8208381391772397e-05,0.291900098323822,850.5202251581904
2026-09-20T14:50:39,627,1.8204536716647445e-05,0.36057400703430176,850.4346405022628
2026-09-20T14:51:23,628,1.8200692041522492e-05,0.31511229276657104,850.5428804523298
2026-09-20T14:52:16,629,1.8196847366397542e-05,0.328869491815567,850.3962226562246
2026-09-20T14:53:28,630,1.819300269127259e-05,0.362035870552063,850.4675714543907
2026-09-20T14:54:22,631,1.8189158016147637e-05,0.3117118179798126,850.4852119807533
2026-09-20T14:55:37,632,1.8185313341022687e-05,0.2472362518310547,850.5347341641323
2026-09-20T14:56:06,633,1.818146866589773e-05,0.2993258237838745,850.5922527056199
2026-09-20T14:56:35,634,1.817762399077278e-05,0.3644057810306549,850.6448791468968
2026-09-20T14:57:07,635,1.817377931564783e-05,0.30506742000579834,850.6961846983925
2026-09-20T14:57:37,636,1.8169934640522876e-05,0.2823333144187927,850.6592843894633
2026-09-20T14:58:47,637,1.8166089965397926e-05,0.3586326241493225,850.6727552892437
2026-09-20T14:59:53,638,1.8162245290272973e-05,0.35001227259635925,850.5008230574006
2026-09-20T15:00:28,639,1.815840061514802e-05,0.2937166094779968,850.5483486204267
2026-09-20T15:01:03,640,1.8154555940023068e-05,0.298104852437973,850.6065241108481
2026-09-20T15:01:58,641,1.8150711264898118e-05,0.35798490047454834,850.6497367370761
2026-09-20T15:02:33,642,1.8146866589773165e-05,0.35856640338897705,850.699927288051
2026-09-20T15:03:39,643,1.8143021914648213e-05,0.3636236786842346,850.5571043149484
2026-09-20T15:04:03,644,1.8139177239523263e-05,0.3378849923610687,850.5229287270981
2026-09-20T15:04:27,645,1.813533256439831e-05,0.2862968146800995,850.4817399752004
2026-09-20T15:05:21,646,1.8131487889273357e-05,0.3696816563606262,850.3529761038385
2026-09-20T15:06:14,647,1.8127643214148405e-05,0.34470105171203613,850.4763418477287
2026-09-20T15:06:37,648,1.8123798539023455e-05,0.2931029498577118,850.4926672574564
2026-09-20T15:07:28,649,1.8119953863898502e-05,0.4351630210876465,850.4724843529817
2026-09-20T15:07:49,650,1.811610918877355e-05,0.24981547892093658,850.4271224281176
2026-09-20T15:08:20,651,1.81122645136486e-05,0.38743534684181213,850.3781055188822
2026-09-20T15:09:02,652,1.8108419838523644e-05,0.28781622648239136,850.4491219392629
2026-09-20T15:10:07,653,1.8104575163398694e-05,0.3831309676170349,850.410452433645
2026-09-20T15:10:34,654,1.8100730488273745e-05,0.34910160303115845,850.4306989142783
2026-09-20T15:10:52,655,1.809688581314879e-05,0.2673964500427246,850.3417400862202
2026-09-20T15:11:23,656,1.809304113802384e-05,0.3294457197189331,850.3590062423078
2026-09-20T15:11:45,657,1.8089196462898886e-05,0.28370925784111023,850.3481689240577
2026-09-20T15:12:31,658,1.8085351787773933e-05,0.31539133191108704,850.2733273518206
2026-09-20T15:13:11,659,1.808150711264898e-05,0.3085671663284302,850.3405319184657
2026-09-20T15:14:51,660,1.807766243752403e-05,0.374593585729599,850.0226204729192
2026-09-20T15:16:02,661,1.8073817762399078e-05,0.3630567193031311,849.9644293530176
2026-09-20T15:16:36,662,1.8069973087274125e-05,0.36108511686325073,850.0432631119686
2026-09-20T15:16:59,663,1.8066128412149176e-05,0.23714840412139893,850.0328849889008
2026-09-20T15:18:02,664,1.8062283737024223e-05,0.34000733494758606,850.0287268701504
2026-09-20T15:18:39,665,1.805843906189927e-05,0.3546963632106781,850.1111402455007
2026-09-20T15:20:05,666,1.805459438677432e-05,0.4000996947288513,849.9790896480556
2026-09-20T15:20:45,667,1.8050749711649368e-05,0.2972128987312317,850.0167884068406
2026-09-20T15:21:33,668,1.8046905036524415e-05,0.3588010370731354,850.0648806064703
2026-09-20T15:22:29,669,1.8043060361399462e-05,0.36370155215263367,850.1725448445551
2026-09-20T15:23:30,670,1.8039215686274513e-05,0.4573100507259369,850.2355117879483
2026-09-20T15:23:57,671,1.803537101114956e-05,0.28193527460098267,850.216490912517
2026-09-20T15:24:54,672,1.8031526336024607e-05,0.30575358867645264,850.0258277965432
2026-09-20T15:25:15,673,1.8027681660899658e-05,0.39288830757141113,849.9301301169885
2026-09-20T15:25:48,674,1.8023836985774705e-05,0.23225951194763184,849.9743330986604
2026-09-20T15:26:25,675,1.8019992310649752e-05,0.3223379850387573,850.0152311706174
2026-09-20T15:27:09,676,1.80161476355248e-05,0.3837778568267822,850.0677523469524
2026-09-20T15:27:45,677,1.8012302960399846e-05,0.37711161375045776,850.0613018163384
2026-09-20T15:28:33,678,1.8008458285274897e-05,0.23926419019699097,850.1204288636445
2026-09-20T15:30:14,679,1.8004613610149944e-05,0.3545956313610077,849.8625771816842
2026-09-20T15:30:43,680,1.800076893502499e-05,0.29805952310562134,849.9065817230893
2026-09-20T15:32:30,681,1.7996924259900038e-05,0.45243212580680847,849.6398946724489
2026-09-20T15:33:20,682,1.799307958477509e-05,0.26069092750549316,849.6487438808581
2026-09-20T15:34:07,683,1.7989234909650136e-05,0.2996123433113098,849.6550037435924
2026-09-20T15:34:51,684,1.7985390234525183e-05,0.2905847430229187,849.6573753948993
2026-09-20T15:35:25,685,1.7981545559400234e-05,0.34739696979522705,849.6942797827143
2026-09-20T15:35:52,686,1.797770088427528e-05,0.33323419094085693,849.717813509091
2026-09-20T15:37:07,687,1.7973856209150328e-05,0.360012948513031,849.6241445736883
2026-09-20T15:37:41,688,1.7970011534025375e-05,0.33915549516677856,849.676536923544
2026-09-20T15:38:07,689,1.7966166858900426e-05,0.2730633616447449,849.6994407820425
2026-09-20T15:38:31,690,1.7962322183775473e-05,0.34190964698791504,849.6661851799205
2026-09-20T15:39:07,691,1.795847750865052e-05,0.31983309984207153,849.7137046605512
2026-09-20T15:39:39,692,1.795463283352557e-05,0.3068462610244751,849.738383728815
2026-09-20T15:41:14,693,1.7950788158400618e-05,0.37057167291641235,849.4275895949005
2026-09-20T15:41:41,694,1.7946943483275665e-05,0.2804822623729706,849.4704762889575
2026-09-20T15:42:21,695,1.7943098808150712e-05,0.29015928506851196,849.5019275505559
2026-09-20T15:42:54,696,1.7939254133025762e-05,0.3039484918117523,849.5509828561567
2026-09-20T15:43:52,697,1.793540945790081e-05,0.34433743357658386,849.4005121535764
2026-09-20T15:44:55,698,1.7931564782775857e-05,0.30122843384742737,849.2222791112281
2026-09-20T15:45:19,699,1.7927720107650907e-05,0.2790481746196747,849.1950327259931
2026-09-20T15:45:54,700,1.792387543252595e-05,0.3056190609931946,849.2440054972193
2026-09-20T15:46:17,701,1.7920030757401e-05,0.2537461519241333,849.207540212516
2026-09-20T15:46:41,702,1.791618608227605e-05,0.32388803362846375,849.1907804474997
2026-09-20T15:47:44,703,1.7912341407151096e-05,0.34234583377838135,849.0567381245789
2026-09-20T15:48:39,704,1.7908496732026146e-05,0.3065989315509796,849.110282959435
2026-09-20T15:49:02,705,1.7904652056901194e-05,0.19618690013885498,849.106158488224
2026-09-20T15:49:44,706,1.790080738177624e-05,0.34618040919303894,849.215920045523
2026-09-20T15:50:58,707,1.7896962706651288e-05,0.2765869200229645,849.0897938458453
2026-09-20T15:51:35,708,1.789311803152634e-05,0.3402983546257019,849.1681368448595
2026-09-20T15:51:57,709,1.7889273356401386e-05,0.26919758319854736,849.1062436356536
2026-09-20T15:52:26,710,1.7885428681276433e-05,0.21594472229480743,849.1511492067689
2026-09-20T15:52:48,711,1.7881584006151483e-05,0.2718062996864319,849.1207802011601
2026-09-20T15:53:48,712,1.787773933102653e-05,0.3100009560585022,848.9612148245434
2026-09-20T15:54:41,713,1.7873894655901577e-05,0.394487202167511,849.0106253708612
2026-09-20T15:55:03,714,1.7870049980776625e-05,0.2150382399559021,848.9728119844083
2026-09-20T15:55:40,715,1.7866205305651675e-05,0.36707213521003723,849.0158351244064
2026-09-20T15:56:38,716,1.7862360630526722e-05,0.36546218395233154,848.8655673144017
2026-09-20T15:57:26,717,1.785851595540177e-05,0.3700132966041565,848.9883295240519
2026-09-20T15:58:05,718,1.785467128027682e-05,0.3224223256111145,849.027643108862
2026-09-20T15:58:41,719,1.7850826605151864e-05,0.3822823166847229,849.0391470045492
2026-09-20T15:59:08,720,1.7846981930026914e-05,0.2907477617263794,849.0308336297907
2026-09-20T15:59:39,721,1.7843137254901965e-05,0.32639384269714355,849.0888432127958
2026-09-20T16:01:01,722,1.783929257977701e-05,0.3784801661968231,849.0842213344479
2026-09-20T16:01:25,723,1.783544790465206e-05,0.28624117374420166,849.1048215870471
2026-09-20T16:02:25,724,1.7831603229527106e-05,0.32045966386795044,849.0960212378016
2026-09-20T16:03:59,725,1.7827758554402153e-05,0.3005577623844147,849.0651193331997
2026-09-20T16:04:50,726,1.78239138792772e-05,0.35774731636047363,849.1190137085918
2026-09-20T16:05:31,727,1.782006920415225e-05,0.3415185809135437,849.1394514949967
2026-09-20T16:05:53,728,1.78162245290273e-05,0.27083784341812134,849.1100259923168
2026-09-20T16:06:23,729,1.7812379853902345e-05,0.2913345396518707,849.1336372217194
2026-09-20T16:06:43,730,1.7808535178777396e-05,0.3457092046737671,849.1343492887275
2026-09-20T16:07:06,731,1.7804690503652443e-05,0.30618172883987427,849.104186285136
2026-09-20T16:07:37,732,1.780084582852749e-05,0.23640042543411255,849.1538455035322
2026-09-20T16:08:22,733,1.779700115340254e-05,0.33697861433029175,849.1918645886624
2026-09-20T16:08:43,734,1.7793156478277588e-05,0.278407484292984,849.108344996523
2026-09-20T16:09:26,735,1.7789311803152635e-05,0.31334424018859863,849.2030620933078
2026-09-20T16:10:46,736,1.7785467128027682e-05,0.40229788422584534,849.1291939042833
2026-09-20T16:11:13,737,1.7781622452902733e-05,0.30628183484077454,849.1245841641786
2026-09-20T16:12:06,738,1.7777777777777777e-05,0.39035242795944214,849.1947498492103
2026-09-20T16:12:37,739,1.7773933102652827e-05,0.33144888281822205,849.2163033133041
2026-09-20T16:13:14,740,1.7770088427527878e-05,0.2532447278499603,849.3120049758537
2026-09-20T16:13:44,741,1.776624375240292e-05,0.308872252702713,849.3280010503155
2026-09-20T16:14:15,742,1.7762399077277972e-05,0.369301438331604,849.3439817822725
2026-09-20T16:15:17,743,1.775855440215302e-05,0.29877692461013794,849.2571334517027
2026-09-20T16:15:49,744,1.7754709727028066e-05,0.3627360463142395,849.2523986500834
2026-09-20T16:16:26,745,1.7750865051903117e-05,0.264657199382782,849.2592202192469
2026-09-20T16:17:19,746,1.7747020376778164e-05,0.3028565049171448,849.2991235964893
2026-09-20T16:17:45,747,1.774317570165321e-05,0.3414890170097351,849.2663905838184
2026-09-20T16:18:18,748,1.7739331026528258e-05,0.3100489675998688,849.3367721561206
2026-09-20T16:18:40,749,1.773548635140331e-05,0.22640147805213928,849.3367161555399
2026-09-20T16:19:17,750,1.7731641676278356e-05,0.3767330050468445,849.4120103482701
2026-09-20T16:20:06,751,1.7727797001153403e-05,0.29347971081733704,849.4588878599192
2026-09-20T16:21:49,752,1.7723952326028454e-05,0.2960582375526428,849.2128479452579
2026-09-20T16:22:21,753,1.77201076509035e-05,0.2705496549606323,849.2851206335151
2026-09-20T16:23:06,754,1.7716262975778548e-05,0.2630779445171356,849.3134206126819
2026-09-20T16:24:30,755,1.7712418300653595e-05,0.30000171065330505,849.2311237033141
2026-09-20T16:25:00,756,1.7708573625528646e-05,0.27005982398986816,849.2434031903108
2026-09-20T16:25:30,757,1.7704728950403693e-05,0.24622318148612976,849.2919809695456
2026-09-20T16:26:15,758,1.770088427527874e-05,0.37750595808029175,849.3361968917744
2026-09-20T16:26:41,759,1.769703960015379e-05,0.26771268248558044,849.3538110185696
2026-09-20T16:27:53,760,1.7693194925028838e-05,0.32320743799209595,849.2756292436582
2026-09-20T16:28:15,761,1.7689350249903885e-05,0.28627797961235046,849.2407289912562
2026-09-20T16:28:49,762,1.7685505574778932e-05,0.3191375434398651,849.2814343619364
2026-09-20T16:29:30,763,1.768166089965398e-05,0.29257118701934814,849.28897691478
2026-09-20T16:30:05,764,1.767781622452903e-05,0.24132853746414185,849.2908278891381
2026-09-20T16:30:27,765,1.7673971549404077e-05,0.3239400386810303,849.2298490311605
2026-09-20T16:31:08,766,1.7670126874279124e-05,0.4199126958847046,849.2604940660857
2026-09-20T16:32:07,767,1.766628219915417e-05,0.3655204176902771,849.1257583499507
2026-09-20T16:32:44,768,1.766243752402922e-05,0.3428209722042084,849.1323987569314
2026-09-20T16:33:36,769,1.765859284890427e-05,0.3244185447692871,849.1108350955391
2026-09-20T16:34:15,770,1.7654748173779316e-05,0.25437289476394653,849.0405389861779
2026-09-20T16:34:39,771,1.7650903498654366e-05,0.313468337059021,849.007865915508
2026-09-20T16:35:12,772,1.7647058823529414e-05,0.3166657090187073,849.0463454956239
2026-09-20T16:35:35,773,1.764321414840446e-05,0.30539923906326294,849.0367024347271
2026-09-20T16:36:22,774,1.7639369473279508e-05,0.30099719762802124,848.9790438768398
2026-09-20T16:37:25,775,1.763552479815456e-05,0.19789761304855347,848.9018807798861
2026-09-20T16:37:54,776,1.7631680123029606e-05,0.30693936347961426,848.9160287496578
2026-09-20T16:38:42,777,1.7627835447904653e-05,0.3188336491584778,848.9455261768472
2026-09-20T16:39:34,778,1.7623990772779703e-05,0.37961846590042114,849.0349532016974
2026-09-20T16:40:05,779,1.762014609765475e-05,0.3224600553512573,849.026401003634
2026-09-20T16:40:30,780,1.7616301422529798e-05,0.298278272151947,849.0196983715259
2026-09-20T16:41:05,781,1.7612456747404845e-05,0.3129575252532959,849.0066645659894
2026-09-20T16:41:30,782,1.7608612072279895e-05,0.267095685005188,848.9794854844771
2026-09-20T16:42:01,783,1.7604767397154942e-05,0.2986481189727783,849.0458225485788
2026-09-20T16:42:25,784,1.760092272202999e-05,0.29710492491722107,849.0415301997928
2026-09-20T16:43:01,785,1.7597078046905037e-05,0.2919350564479828,849.0571606159101
2026-09-20T16:43:28,786,1.7593233371780084e-05,0.21616458892822266,849.034211982064
2026-09-20T16:44:00,787,1.7589388696655134e-05,0.27671733498573303,849.0813966198684
2026-09-20T16:44:41,788,1.758554402153018e-05,0.34753701090812683,849.1049410301034
2026-09-20T16:45:32,789,1.758169934640523e-05,0.27823707461357117,849.1285070472558
2026-09-20T16:46:37,790,1.757785467128028e-05,0.3322291970252991,849.2014705201589
2026-09-20T16:47:10,791,1.7574009996155326e-05,0.3613382577896118,849.239307331907
2026-09-20T16:47:51,792,1.7570165321030374e-05,0.4104402959346771,849.3006981899159
2026-09-20T16:48:53,793,1.756632064590542e-05,0.3416982889175415,849.1807234541981
2026-09-20T16:49:27,794,1.756247597078047e-05,0.44039878249168396,849.220305887037
2026-09-20T16:50:05,795,1.755863129565552e-05,0.3172629177570343,849.263949449168
2026-09-20T16:50:46,796,1.7554786620530566e-05,0.2818979024887085,849.3293205651404
2026-09-20T16:51:11,797,1.7550941945405616e-05,0.3181990087032318,849.3336599370482
2026-09-20T16:52:52,798,1.7547097270280663e-05,0.3555448651313782,849.1838235982849
2026-09-20T16:54:34,799,1.754325259515571e-05,0.3008812665939331,848.9296969110397
2026-09-20T16:55:38,800,1.753940792003076e-05,0.30423614382743835,848.7902079658492
2026-09-20T16:56:12,801,1.7535563244905808e-05,0.28590127825737,848.8347647642105
2026-09-20T16:57:06,802,1.7531718569780855e-05,0.30426719784736633,848.9000049606155
2026-09-20T16:58:06,803,1.7527873894655902e-05,0.32490020990371704,848.7759895989844
2026-09-20T16:59:03,804,1.7524029219530953e-05,0.3112487494945526,848.8360781528482
2026-09-20T16:59:27,805,1.7520184544405997e-05,0.3036337196826935,848.8133363497253
2026-09-20T17:00:17,806,1.7516339869281047e-05,0.44538938999176025,848.8339529355766
2026-09-20T17:00:46,807,1.7512495194156098e-05,0.2901213467121124,848.8510931975733
2026-09-20T17:01:33,808,1.750865051903114e-05,0.33367615938186646,848.8713015306839
2026-09-20T17:02:44,809,1.7504805843906192e-05,0.357776403427124,848.8075360159867
2026-09-20T17:03:29,810,1.750096116878124e-05,0.34804296493530273,848.8159454229215
2026-09-20T17:04:06,811,1.7497116493656286e-05,0.298258513212204,848.8831056989484
2026-09-20T17:04:30,812,1.7493271818531337e-05,0.22505226731300354,848.8605301901309
2026-09-20T17:04:57,813,1.7489427143406384e-05,0.23739364743232727,848.8486882660079
2026-09-20T17:06:13,814,1.748558246828143e-05,0.24545128643512726,848.7795861610813
2026-09-20T17:07:01,815,1.748173779315648e-05,0.3245009779930115,848.7438169119698
2026-09-20T17:07:41,816,1.747789311803153e-05,0.34030306339263916,848.8021651031722
2026-09-20T17:08:24,817,1.7474048442906576e-05,0.2568013370037079,848.8578818688813
2026-09-20T17:08:42,818,1.7470203767781623e-05,0.2707936465740204,848.765114394477
2026-09-20T17:09:47,819,1.7466359092656674e-05,0.3040488064289093,848.6917178469902
2026-09-20T17:10:23,820,1.746251441753172e-05,0.26272258162498474,848.6720648326524
2026-09-20T17:11:37,821,1.7458669742406768e-05,0.43988755345344543,848.7261566509998
2026-09-20T17:12:09,822,1.7454825067281815e-05,0.26750296354293823,848.7228694491796
2026-09-20T17:13:15,823,1.7450980392156866e-05,0.33670729398727417,848.6125299988054
2026-09-20T17:13:50,824,1.7447135717031913e-05,0.26833078265190125,848.6380791804903
2026-09-20T17:14:37,825,1.744329104190696e-05,0.34199634194374084,848.6805342043463
2026-09-20T17:15:23,826,1.743944636678201e-05,0.34633344411849976,848.7428791520921
2026-09-20T17:15:50,827,1.7435601691657054e-05,0.3414323329925537,848.720331187571
2026-09-20T17:16:25,828,1.7431757016532105e-05,0.32469046115875244,848.7323533284305
2026-09-20T17:17:36,829,1.7427912341407152e-05,0.2699514627456665,848.6415140431088
2026-09-20T17:18:01,830,1.74240676662822e-05,0.24128596484661102,848.6378501447522
2026-09-20T17:19:21,831,1.742022299115725e-05,0.33226361870765686,848.5317186093723
2026-09-20T17:19:41,832,1.7416378316032297e-05,0.19865554571151733,848.5013087205815
2026-09-20T17:20:43,833,1.7412533640907344e-05,0.288944274187088,848.4552025190433
2026-09-20T17:21:21,834,1.740868896578239e-05,0.35146427154541016,848.4965316434348
2026-09-20T17:22:42,835,1.7404844290657442e-05,0.3111972510814667,848.4237659365351
2026-09-20T17:23:41,836,1.740099961553249e-05,0.31081706285476685,848.4026814263799
2026-09-20T17:24:59,837,1.7397154940407536e-05,0.32885071635246277,848.3143251822668
2026-09-20T17:25:37,838,1.7393310265282587e-05,0.2544518709182739,848.3738032339529
2026-09-20T17:26:01,839,1.7389465590157634e-05,0.27803564071655273,848.349118711518
2026-09-20T17:26:49,840,1.738562091503268e-05,0.2616458535194397,848.4303159434445
2026-09-20T17:27:24,841,1.7381776239907728e-05,0.29848527908325195,848.4469743733073
2026-09-20T17:28:06,842,1.737793156478278e-05,0.28156670928001404,848.5015291847957
2026-09-20T17:29:03,843,1.7374086889657826e-05,0.3231440782546997,848.4429809067939
2026-09-20T17:29:42,844,1.7370242214532873e-05,0.31107431650161743,848.5085122869169
2026-09-20T17:30:43,845,1.7366397539407923e-05,0.3354146480560303,848.4352898571204
2026-09-20T17:31:19,846,1.7362552864282967e-05,0.25126421451568604,848.4751245962077
2026-09-20T17:31:49,847,1.7358708189158018e-05,0.28640317916870117,848.5191209550575
2026-09-20T17:32:14,848,1.7354863514033065e-05,0.29611411690711975,848.5239884510496
2026-09-20T17:32:43,849,1.7351018838908112e-05,0.32852429151535034,848.55804031822
2026-09-20T17:33:17,850,1.7347174163783163e-05,0.2512964904308319,848.5986694000892
2026-09-20T17:34:41,851,1.734332948865821e-05,0.3392517864704132,848.5171808399664
2026-09-20T17:35:11,852,1.7339484813533257e-05,0.23775926232337952,848.5354017240559
2026-09-20T17:35:35,853,1.7335640138408304e-05,0.31828808784484863,848.5302368918169
2026-09-20T17:36:33,854,1.7331795463283355e-05,0.35524046421051025,848.3861475231386
2026-09-20T17:37:14,855,1.73279507881584e-05,0.3528699278831482,848.4774119214566
2026-09-20T17:38:06,856,1.732410611303345e-05,0.2877676486968994,848.4954403955278
2026-09-20T17:39:13,857,1.73202614379085e-05,0.2671901285648346,848.5055289342055
2026-09-20T17:40:00,858,1.7316416762783547e-05,0.30730000138282776,848.5255896876869
2026-09-20T17:40:48,859,1.7312572087658594e-05,0.407063364982605,848.5429846637169
2026-09-20T17:41:16,860,1.730872741253364e-05,0.39659327268600464,848.5410393280338
2026-09-20T17:42:05,861,1.730488273740869e-05,0.26308730244636536,848.5152891031205
2026-09-20T17:42:35,862,1.730103806228374e-05,0.2192351371049881,848.532299626903
2026-09-20T17:43:06,863,1.7297193387158786e-05,0.3228469491004944,848.5532416513522
2026-09-20T17:43:48,864,1.7293348712033836e-05,0.35340139269828796,848.6427728362218
2026-09-20T17:44:21,865,1.7289504036908883e-05,0.3373201787471771,848.6789062411982
2026-09-20T17:45:35,866,1.728565936178393e-05,0.3579710125923157,848.6732318464169
2026-09-20T17:46:00,867,1.728181468665898e-05,0.2997930645942688,848.6706982644952
2026-09-20T17:46:44,868,1.7277970011534028e-05,0.3108259439468384,848.7249009361575
2026-09-20T17:47:13,869,1.7274125336409075e-05,0.29545071721076965,848.6997056156694
2026-09-20T17:47:42,870,1.7270280661284122e-05,0.3436497449874878,848.696689155825
2026-09-20T17:48:15,871,1.726643598615917e-05,0.3688955008983612,848.7346542865819
2026-09-20T17:49:25,872,1.7262591311034217e-05,0.36900073289871216,848.6950952787776
2026-09-20T17:50:32,873,1.7258746635909267e-05,0.25748246908187866,848.5957609741457
2026-09-20T17:51:00,874,1.7254901960784314e-05,0.2798194885253906,848.620342247125
2026-09-20T17:51:38,875,1.725105728565936e-05,0.33720630407333374,848.6608555871271
2026-09-20T17:52:16,876,1.7247212610534412e-05,0.3212311267852783,848.6975694682119
2026-09-20T17:53:49,877,1.724336793540946e-05,0.3575320243835449,848.6335347657292
2026-09-20T17:54:23,878,1.7239523260284506e-05,0.3279072642326355,848.6997969633478
2026-09-20T17:55:04,879,1.7235678585159557e-05,0.30347543954849243,848.753832756279
2026-09-20T17:56:09,880,1.7231833910034604e-05,0.35086601972579956,848.6704405518525
2026-09-20T17:57:09,881,1.722798923490965e-05,0.29151085019111633,848.5670543408097
2026-09-20T17:58:37,882,1.72241445597847e-05,0.3717055022716522,848.4761364338168
2026-09-20T17:59:01,883,1.722029988465975e-05,0.2585195004940033,848.4660301742016
2026-09-20T17:59:42,884,1.7216455209534796e-05,0.31795191764831543,848.4810436609052
2026-09-20T18:00:09,885,1.7212610534409843e-05,0.30139899253845215,848.5161757367816
2026-09-20T18:00:32,886,1.7208765859284894e-05,0.25847405195236206,848.5112441284293
2026-09-20T18:00:57,887,1.720492118415994e-05,0.25143301486968994,848.4828702425295
2026-09-20T18:01:19,888,1.7201076509034988e-05,0.36468571424484253,848.4587785144357
2026-09-20T18:01:41,889,1.7197231833910035e-05,0.18164652585983276,848.4301816969715
2026-09-20T18:02:19,890,1.7193387158785086e-05,0.34241366386413574,848.48832257373
2026-09-20T18:02:56,891,1.7189542483660133e-05,0.3239413797855377,848.552764504104
2026-09-20T18:03:44,892,1.718569780853518e-05,0.3229033946990967,848.6048632733974
2026-09-20T18:04:13,893,1.718185313341023e-05,0.24286459386348724,848.6381793099473
2026-09-20T18:04:45,894,1.7178008458285274e-05,0.25835832953453064,848.6513270534241
2026-09-20T18:05:39,895,1.7174163783160325e-05,0.3427310585975647,848.7372152605035
2026-09-20T18:06:17,896,1.7170319108035372e-05,0.40068188309669495,848.7940427026626
2026-09-20T18:06:51,897,1.716647443291042e-05,0.23789730668067932,848.8558457610425
2026-09-20T18:07:57,898,1.716262975778547e-05,0.3632535934448242,848.8139869723286
2026-09-20T18:09:00,899,1.7158785082660517e-05,0.24526934325695038,848.6924190807742
2026-09-20T18:09:23,900,1.7154940407535564e-05,0.29949629306793213,848.6837341541893
2026-09-20T18:09:53,901,1.715109573241061e-05,0.2863585948944092,848.699334480163
2026-09-20T18:10:22,902,1.7147251057285662e-05,0.3912976384162903,848.7163260792772
2026-09-20T18:10:57,903,1.714340638216071e-05,0.35811877250671387,848.7779357384616
2026-09-20T18:11:29,904,1.7139561707035756e-05,0.24989837408065796,848.7720764682242
2026-09-20T18:11:49,905,1.7135717031910807e-05,0.26628750562667847,848.7292007103604
2026-09-20T18:12:24,906,1.7131872356785854e-05,0.25723737478256226,848.7665690386848
2026-09-20T18:13:47,907,1.71280276816609e-05,0.28960490226745605,848.6610544444889
2026-09-20T18:14:32,908,1.7124183006535948e-05,0.2462843656539917,848.6797368412213
2026-09-20T18:15:24,909,1.7120338331411e-05,0.3192027807235718,848.7228096687761
2026-09-20T18:15:57,910,1.7116493656286046e-05,0.3151014745235443,848.7816455446679
2026-09-20T18:17:03,911,1.7112648981161093e-05,0.4017343521118164,848.7069556376516
2026-09-20T18:18:06,912,1.7108804306036143e-05,0.3278992772102356,848.6095716775502
2026-09-20T18:18:59,913,1.7104959630911187e-05,0.35425394773483276,848.6586985554552
2026-09-20T18:19:31,914,1.7101114955786238e-05,0.31554681062698364,848.6728025433604
2026-09-20T18:20:02,915,1.7097270280661285e-05,0.36578476428985596,848.6652795455509
2026-09-20T18:20:45,916,1.7093425605536332e-05,0.25924551486968994,848.6921254287777
2026-09-20T18:21:06,917,1.7089580930411383e-05,0.2686845660209656,848.6708976804612
2026-09-20T18:21:32,918,1.708573625528643e-05,0.3260308802127838,848.6641748314767
2026-09-20T18:22:06,919,1.7081891580161477e-05,0.24729187786579132,848.7237694169565
2026-09-20T18:22:33,920,1.7078046905036524e-05,0.30438220500946045,848.7214472752127
2026-09-20T18:24:03,921,1.7074202229911575e-05,0.32551294565200806,848.6458809089523
2026-09-20T18:24:27,922,1.7070357554786622e-05,0.26077842712402344,848.6498225566327
2026-09-20T18:24:53,923,1.706651287966167e-05,0.33886468410491943,848.6250243374529
2026-09-20T18:25:57,924,1.706266820453672e-05,0.2459309995174408,848.5279495307452
2026-09-20T18:26:24,925,1.7058823529411767e-05,0.27710145711898804,848.5213549136847
2026-09-20T18:27:00,926,1.7054978854286814e-05,0.2879747748374939,848.5662758822948
2026-09-20T18:28:39,927,1.705113417916186e-05,0.38086920976638794,848.3788588157829
2026-09-20T18:29:10,928,1.704728950403691e-05,0.2613983154296875,848.3708852434262
2026-09-20T18:29:36,929,1.704344482891196e-05,0.3012150526046753,848.3517742509914
2026-09-20T18:30:19,930,1.7039600153787006e-05,0.33491820096969604,848.344670130338
2026-09-20T18:31:03,931,1.7035755478662056e-05,0.3522927761077881,848.4438503969463
2026-09-20T18:31:47,932,1.70319108035371e-05,0.3370513916015625,848.5088544392538
2026-09-20T18:32:56,933,1.702806612841215e-05,0.33392322063446045,848.4090810872523
2026-09-20T18:33:48,934,1.70242214532872e-05,0.3330914378166199,848.3679852512685
2026-09-20T18:35:01,935,1.7020376778162245e-05,0.3896792531013489,848.421470483341
2026-09-20T18:35:27,936,1.7016532103037295e-05,0.2411915361881256,848.4153171846915
2026-09-20T18:35:54,937,1.7012687427912343e-05,0.26074087619781494,848.4148392330753
2026-09-20T18:36:37,938,1.700884275278739e-05,0.3194645345211029,848.434357374238
2026-09-20T18:36:59,939,1.7004998077662437e-05,0.2447400689125061,848.4044718746479
2026-09-20T18:37:42,940,1.7001153402537487e-05,0.3282965421676636,848.4007377603994
2026-09-20T18:38:07,941,1.6997308727412535e-05,0.23776878416538239,848.4061472794596
2026-09-20T18:38:40,942,1.6993464052287582e-05,0.23526161909103394,848.4150438933012
2026-09-20T18:39:42,943,1.6989619377162632e-05,0.35521048307418823,848.3005700547238
2026-09-20T18:40:19,944,1.698577470203768e-05,0.3030557632446289,848.3409898891903
2026-09-20T18:40:58,945,1.6981930026912727e-05,0.248496413230896,848.3551172843692
2026-09-20T18:41:26,946,1.6978085351787777e-05,0.2436114251613617,848.3892379385125
2026-09-20T18:41:52,947,1.6974240676662824e-05,0.22278526425361633,848.384863340428
2026-09-20T18:42:44,948,1.697039600153787e-05,0.28916919231414795,848.4476228398848
2026-09-20T18:43:22,949,1.696655132641292e-05,0.2929752469062805,848.4766439064754
2026-09-20T18:44:35,950,1.696270665128797e-05,0.3451232314109802,848.3791887006413
2026-09-20T18:44:57,951,1.6958861976163016e-05,0.24726060032844543,848.3540435280169
2026-09-20T18:45:34,952,1.6955017301038063e-05,0.27636265754699707,848.4089350603225
2026-09-20T18:46:24,953,1.6951172625913114e-05,0.362667977809906,848.3968357399348
2026-09-20T18:46:48,954,1.694732795078816e-05,0.30194899439811707,848.3865755716937
2026-09-20T18:47:14,955,1.6943483275663208e-05,0.24251538515090942,848.3823513451529
2026-09-20T18:48:01,956,1.6939638600538255e-05,0.2675475776195526,848.4182080618536
2026-09-20T18:48:56,957,1.6935793925413303e-05,0.30202123522758484,848.4485233225105
2026-09-20T18:49:25,958,1.6931949250288353e-05,0.2610085606575012,848.468819299449
2026-09-20T18:50:08,959,1.69281045751634e-05,0.3345567584037781,848.4687307268011
2026-09-20T18:50:53,960,1.6924259900038447e-05,0.33058780431747437,848.5164555364735
2026-09-20T18:51:21,961,1.6920415224913495e-05,0.27468442916870117,848.533177625314
2026-09-20T18:51:58,962,1.6916570549788545e-05,0.3015507459640503,848.5664077098705
2026-09-20T18:53:06,963,1.6912725874663592e-05,0.34001439809799194,848.530896994895
2026-09-20T18:54:04,964,1.690888119953864e-05,0.25863081216812134,848.5425627009024
2026-09-20T18:54:40,965,1.690503652441369e-05,0.2465195208787918,848.5780941913297
2026-09-20T18:55:17,966,1.6901191849288737e-05,0.30502599477767944,848.593851822009
2026-09-20T18:56:32,967,1.6897347174163784e-05,0.32248228788375854,848.5356578988757
2026-09-20T18:57:07,968,1.689350249903883e-05,0.2558794915676117,848.6125634125717
2026-09-20T18:57:43,969,1.6889657823913882e-05,0.35824984312057495,848.6504149978168
2026-09-20T18:58:50,970,1.688581314878893e-05,0.24133270978927612,848.6885210824406
2026-09-20T18:59:17,971,1.6881968473663976e-05,0.30252426862716675,848.6702719340914
2026-09-20T19:00:24,972,1.6878123798539027e-05,0.29228314757347107,848.7197340794074
2026-09-20T19:00:54,973,1.6874279123414074e-05,0.3269500136375427,848.7221398637615
2026-09-20T19:01:23,974,1.687043444828912e-05,0.2629108428955078,848.7593214652804
2026-09-20T19:01:52,975,1.6866589773164168e-05,0.22780254483222961,848.7910816916884
2026-09-20T19:02:19,976,1.686274509803922e-05,0.23160488903522491,848.8038170862383
2026-09-20T19:02:47,977,1.6858900422914266e-05,0.27444323897361755,848.8233724681673
2026-09-20T19:03:47,978,1.6855055747789313e-05,0.30914023518562317,848.8678903106121
2026-09-20T19:04:47,979,1.685121107266436e-05,0.2974383533000946,848.923202730002
2026-09-20T19:05:31,980,1.6847366397539407e-05,0.44069409370422363,848.9539054098617
2026-09-20T19:06:00,981,1.6843521722414458e-05,0.2983197569847107,848.9694481049722
2026-09-20T19:06:28,982,1.6839677047289505e-05,0.22718209028244019,848.9622317144384
2026-09-20T19:07:43,983,1.6835832372164552e-05,0.41621482372283936,848.844251541421
2026-09-20T19:08:07,984,1.6831987697039603e-05,0.2267765998840332,848.834032741488
2026-09-20T19:08:34,985,1.682814302191465e-05,0.3041231632232666,848.8074835754817
2026-09-20T19:09:37,986,1.6824298346789697e-05,0.2766082286834717,848.6928715718813
2026-09-20T19:10:27,987,1.6820453671664744e-05,0.3376460373401642,848.7598359654921
2026-09-20T19:11:27,988,1.6816608996539795e-05,0.33791857957839966,848.7748592464882
2026-09-20T19:12:06,989,1.6812764321414842e-05,0.2857237458229065,848.771616505106
2026-09-20T19:12:37,990,1.680891964628989e-05,0.2209678590297699,848.8042929712612
2026-09-20T19:14:07,991,1.680507497116494e-05,0.3366241455078125,848.705448743816
2026-09-20T19:14:33,992,1.6801230296039987e-05,0.3443447947502136,848.7009068976927
2026-09-20T19:15:03,993,1.6797385620915034e-05,0.29516130685806274,848.750137344532
2026-09-20T19:16:20,994,1.679354094579008e-05,0.32082682847976685,848.6560317721064
2026-09-20T19:16:59,995,1.678969627066513e-05,0.2911060154438019,848.7250237229216
2026-09-20T19:18:01,996,1.678585159554018e-05,0.3173677325248718,848.7181064647314
2026-09-20T19:18:28,997,1.6782006920415226e-05,0.21145066618919373,848.7113656347201
2026-09-20T19:19:31,998,1.6778162245290276e-05,0.3297439515590668,848.7531047027197
2026-09-20T19:20:20,999,1.677431757016532e-05,0.347186803817749,848.7915905343078
2026-09-20T19:21:25,1000,1.677047289504037e-05,0.24400390684604645,848.6941289283437
2026-09-20T19:21:56,1001,1.676662821991542e-05,0.24093398451805115,848.722673567011
2026-09-20T19:22:27,1002,1.6762783544790465e-05,0.36345601081848145,848.739589376037
2026-09-20T19:23:26,1003,1.6758938869665516e-05,0.329237699508667,848.6426653956402
2026-09-20T19:23:55,1004,1.6755094194540563e-05,0.26912474632263184,848.6735334655096
2026-09-20T19:24:52,1005,1.675124951941561e-05,0.30294135212898254,848.603471863485
2026-09-20T19:25:25,1006,1.6747404844290657e-05,0.22715044021606445,848.6105651822617
2026-09-20T19:25:54,1007,1.6743560169165708e-05,0.2705017030239105,848.625781679867
2026-09-20T19:26:28,1008,1.6739715494040755e-05,0.2812161147594452,848.6631729158954
2026-09-20T19:27:32,1009,1.6735870818915802e-05,0.2761520445346832,848.5733896943769
2026-09-20T19:28:00,1010,1.6732026143790852e-05,0.3004363775253296,848.5718055260083
2026-09-20T19:29:05,1011,1.67281814686659e-05,0.3310188055038452,848.4953663174605
2026-09-20T19:29:53,1012,1.6724336793540947e-05,0.3217162787914276,848.418076335932
2026-09-20T19:30:28,1013,1.6720492118415997e-05,0.2798805236816406,848.4706279477297
2026-09-20T19:30:49,1014,1.6716647443291044e-05,0.23681482672691345,848.4336581711192
2026-09-20T19:31:23,1015,1.671280276816609e-05,0.23568688333034515,848.4744995868626
2026-09-20T19:32:10,1016,1.670895809304114e-05,0.244498148560524,848.4506337880347
2026-09-20T19:32:57,1017,1.670511341791619e-05,0.3232530355453491,848.461724411046
2026-09-20T19:33:26,1018,1.6701268742791233e-05,0.22629189491271973,848.482153913613
2026-09-20T19:33:58,1019,1.6697424067666283e-05,0.2064557522535324,848.5133512297757
2026-09-20T19:34:22,1020,1.6693579392541334e-05,0.3112512230873108,848.4918097668974
2026-09-20T19:35:08,1021,1.6689734717416378e-05,0.22380995750427246,848.5533890210761
2026-09-20T19:35:40,1022,1.668589004229143e-05,0.3020002841949463,848.5630022727619
2026-09-20T19:36:01,1023,1.6682045367166475e-05,0.28254446387290955,848.5163934215511
2026-09-20T19:36:57,1024,1.6678200692041523e-05,0.3084346652030945,848.5367935236079
2026-09-20T19:37:33,1025,1.6674356016916573e-05,0.2534056007862091,848.5468377652759
2026-09-20T19:38:38,1026,1.667051134179162e-05,0.3550199270248413,848.5236194692208
2026-09-20T19:39:25,1027,1.6666666666666667e-05,0.2327502965927124,848.5048956446032
2026-09-20T19:40:46,1028,1.6662821991541715e-05,0.29327189922332764,848.4235142783389
2026-09-20T19:41:08,1029,1.6658977316416765e-05,0.18619872629642487,848.4058026789434
2026-09-20T19:41:40,1030,1.6655132641291812e-05,0.34106123447418213,848.4412264379712
2026-09-20T19:42:02,1031,1.665128796616686e-05,0.3056705892086029,848.4167346934975
2026-09-20T19:42:36,1032,1.664744329104191e-05,0.30945947766304016,848.4052191739454
2026-09-20T19:43:04,1033,1.6643598615916957e-05,0.3301438093185425,848.4013569253573
2026-09-20T19:43:28,1034,1.6639753940792004e-05,0.2411251664161682,848.379332091125
2026-09-20T19:44:37,1035,1.663590926566705e-05,0.31104549765586853,848.3117737800538
2026-09-20T19:44:58,1036,1.6632064590542102e-05,0.2142743170261383,848.2843440203129
2026-09-20T19:45:37,1037,1.662821991541715e-05,0.32882529497146606,848.2956525128395
2026-09-20T19:45:54,1038,1.6624375240292196e-05,0.29088762402534485,848.2568275725429
2026-09-20T19:46:27,1039,1.6620530565167247e-05,0.30404943227767944,848.2765864499781
2026-09-20T19:46:57,1040,1.661668589004229e-05,0.3647727966308594,848.2705585630805
2026-09-20T19:47:52,1041,1.661284121491734e-05,0.3185479938983917,848.3099827978522
2026-09-20T19:48:30,1042,1.6608996539792388e-05,0.27455493807792664,848.3011641808866
2026-09-20T19:49:08,1043,1.6605151864667435e-05,0.26396289467811584,848.3513307297044
2026-09-20T19:49:50,1044,1.6601307189542486e-05,0.34618955850601196,848.3831448081365
2026-09-20T19:50:12,1045,1.6597462514417533e-05,0.24984382092952728,848.3607198477068
2026-09-20T19:50:50,1046,1.659361783929258e-05,0.27031832933425903,848.3811633821814
2026-09-20T19:51:17,1047,1.6589773164167627e-05,0.25625932216644287,848.397814004371
2026-09-20T19:52:00,1048,1.6585928489042678e-05,0.34086450934410095,848.4220537805381
2026-09-20T19:52:31,1049,1.6582083813917725e-05,0.2760081887245178,848.4525408775559
2026-09-20T19:53:27,1050,1.6578239138792772e-05,0.28224560618400574,848.450192040546
2026-09-20T19:54:13,1051,1.6574394463667823e-05,0.2966906726360321,848.466808242916
2026-09-20T19:55:09,1052,1.657054978854287e-05,0.26609477400779724,848.5301610479798
2026-09-20T19:55:45,1053,1.6566705113417917e-05,0.46029359102249146,848.5657889220263
2026-09-20T19:56:21,1054,1.6562860438292964e-05,0.22760158777236938,848.5484298819497
2026-09-20T19:56:56,1055,1.6559015763168015e-05,0.23670276999473572,848.5779916591275
2026-09-20T19:57:46,1056,1.6555171088043062e-05,0.30274900794029236,848.586361216315
2026-09-20T19:58:17,1057,1.655132641291811e-05,0.22694815695285797,848.6151995777809
2026-09-20T19:59:13,1058,1.654748173779316e-05,0.2895843982696533,848.6782232731365
2026-09-20T19:59:38,1059,1.6543637062668207e-05,0.24527661502361298,848.6329791718885
2026-09-20T20:00:36,1060,1.6539792387543254e-05,0.36789470911026,848.5800736135487
2026-09-20T20:01:35,1061,1.65359477124183e-05,0.24479058384895325,848.4759717334953
2026-09-20T20:02:05,1062,1.653210303729335e-05,0.28867650032043457,848.4913668506965
2026-09-20T20:03:05,1063,1.65282583621684e-05,0.2946668565273285,848.5342774536851
2026-09-20T20:04:04,1064,1.6524413687043446e-05,0.2510647773742676,848.4008659948919
2026-09-20T20:05:04,1065,1.6520569011918493e-05,0.297488808631897,848.2854347967044
2026-09-20T20:05:33,1066,1.651672433679354e-05,0.1782110184431076,848.3183674415153
2026-09-20T20:06:06,1067,1.651287966166859e-05,0.22349143028259277,848.3470633374659
2026-09-20T20:07:07,1068,1.6509034986543638e-05,0.28836289048194885,848.3339745589223
2026-09-20T20:07:27,1069,1.6505190311418685e-05,0.27136731147766113,848.2966783726008
2026-09-20T20:07:59,1070,1.6501345636293736e-05,0.2878115773200989,848.3069256967166
2026-09-20T20:08:28,1071,1.6497500961168783e-05,0.2963860034942627,848.3039827988424
2026-09-20T20:09:31,1072,1.649365628604383e-05,0.2958456575870514,848.2363008619337
2026-09-20T20:10:05,1073,1.6489811610918877e-05,0.22473235428333282,848.2680814693075
2026-09-20T20:10:38,1074,1.6485966935793928e-05,0.254565566778183,848.2764056421817
2026-09-20T20:10:59,1075,1.6482122260668975e-05,0.3056349754333496,848.2607085436961
2026-09-20T20:11:24,1076,1.6478277585544022e-05,0.24388650059700012,848.2334813959507
2026-09-20T20:12:22,1077,1.6474432910419072e-05,0.29369693994522095,848.1699367798748
2026-09-20T20:13:29,1078,1.647058823529412e-05,0.31059253215789795,848.1378644820464
2026-09-20T20:15:04,1079,1.6466743560169167e-05,0.41382426023483276,847.9702113611254
2026-09-20T20:16:07,1080,1.6462898885044217e-05,0.2654268443584442,847.8784123870961
2026-09-20T20:16:49,1081,1.6459054209919264e-05,0.25956809520721436,847.9088196956426
2026-09-20T20:17:55,1082,1.645520953479431e-05,0.2559562921524048,847.9222539721018
2026-09-20T20:18:39,1083,1.645136485966936e-05,0.3066978454589844,847.9508346520461
2026-09-20T20:19:05,1084,1.644752018454441e-05,0.19866421818733215,847.9136557169508
2026-09-20T20:19:31,1085,1.6443675509419453e-05,0.2688838243484497,847.9239413157029
2026-09-20T20:19:53,1086,1.6439830834294504e-05,0.31328320503234863,847.9204994939253
2026-09-20T20:20:33,1087,1.6435986159169554e-05,0.22538268566131592,847.9684378457337
2026-09-20T20:21:02,1088,1.6432141484044598e-05,0.29558342695236206,847.9701987439726
2026-09-20T20:22:01,1089,1.642829680891965e-05,0.2478313148021698,847.8683652559752
2026-09-20T20:22:30,1090,1.6424452133794696e-05,0.270345538854599,847.883749016712
2026-09-20T20:23:07,1091,1.6420607458669743e-05,0.28798767924308777,847.9327287125079
2026-09-20T20:23:59,1092,1.6416762783544793e-05,0.2645176351070404,847.9829085265471
2026-09-20T20:24:22,1093,1.641291810841984e-05,0.2590738832950592,847.959848960514
2026-09-20T20:25:17,1094,1.6409073433294888e-05,0.29202455282211304,847.991041170098
2026-09-20T20:26:20,1095,1.6405228758169935e-05,0.3120450973510742,847.9082256850974
2026-09-20T20:26:48,1096,1.6401384083044985e-05,0.2897566258907318,847.9251386951437
2026-09-20T20:27:23,1097,1.6397539407920032e-05,0.28433966636657715,847.9363851812366
2026-09-20T20:28:22,1098,1.639369473279508e-05,0.3003981411457062,847.9859700756616
2026-09-20T20:29:07,1099,1.638985005767013e-05,0.366595983505249,847.9838138973556
2026-09-20T20:29:41,1100,1.6386005382545177e-05,0.2912127375602722,848.0009889889308
2026-09-20T20:30:20,1101,1.6382160707420224e-05,0.2632978558540344,847.9861993660639
2026-09-20T20:30:47,1102,1.637831603229527e-05,0.28378868103027344,847.9973752726215
2026-09-20T20:31:13,1103,1.6374471357170322e-05,0.3285798728466034,848.0172616922843
2026-09-20T20:31:42,1104,1.6370626682045366e-05,0.24261656403541565,848.0508229546114
2026-09-20T20:32:40,1105,1.6366782006920416e-05,0.30322831869125366,848.1055123958145
2026-09-20T20:33:08,1106,1.6362937331795467e-05,0.28273525834083557,848.1359068515249
2026-09-20T20:33:34,1107,1.635909265667051e-05,0.2672942280769348,848.1346499808213
2026-09-20T20:34:12,1108,1.635524798154556e-05,0.3008098900318146,848.1659242800451
2026-09-20T20:34:36,1109,1.635140330642061e-05,0.27365484833717346,848.1426722074905
2026-09-20T20:35:11,1110,1.6347558631295656e-05,0.29268404841423035,848.1724943733442
2026-09-20T20:35:59,1111,1.6343713956170706e-05,0.26756227016448975,848.2037693100334
2026-09-20T20:36:29,1112,1.6339869281045753e-05,0.31332752108573914,848.2183342660189
2026-09-20T20:37:25,1113,1.63360246059208e-05,0.31112805008888245,848.1859456099542
2026-09-20T20:37:49,1114,1.6332179930795848e-05,0.2675062417984009,848.1810213651183
2026-09-20T20:39:01,1115,1.6328335255670898e-05,0.28392481803894043,848.1422740488462
2026-09-20T20:39:28,1116,1.6324490580545945e-05,0.299763023853302,848.1273593351239
2026-09-20T20:39:49,1117,1.6320645905420992e-05,0.2728392779827118,848.1212895992671
2026-09-20T20:40:30,1118,1.6316801230296043e-05,0.28399670124053955,848.1051687517611
2026-09-20T20:40:54,1119,1.631295655517109e-05,0.25949543714523315,848.1003012555257
2026-09-20T20:41:47,1120,1.6309111880046137e-05,0.3241060972213745,848.1263817383713
2026-09-20T20:42:37,1121,1.6305267204921184e-05,0.2751973867416382,848.1701340885792
2026-09-20T20:43:04,1122,1.6301422529796235e-05,0.30526578426361084,848.1656071781379
2026-09-20T20:43:29,1123,1.6297577854671282e-05,0.301688015460968,848.1494118490369
2026-09-20T20:44:38,1124,1.629373317954633e-05,0.24075397849082947,848.2063525905796
2026-09-20T20:45:13,1125,1.628988850442138e-05,0.3096036911010742,848.231573081579
2026-09-20T20:46:11,1126,1.6286043829296423e-05,0.3597298860549927,848.1199620885001
2026-09-20T20:46:57,1127,1.6282199154171474e-05,0.2385483831167221,848.1531678489541
2026-09-20T20:47:40,1128,1.627835447904652e-05,0.3404008150100708,848.1634180997605
2026-09-20T20:48:41,1129,1.627450980392157e-05,0.29336923360824585,848.0654501095152
2026-09-20T20:49:28,1130,1.627066512879662e-05,0.27140748500823975,848.0336697239625
2026-09-20T20:50:28,1131,1.6266820453671666e-05,0.340057373046875,848.0535155323952
2026-09-20T20:51:53,1132,1.6262975778546713e-05,0.29525303840637207,847.990583481481
2026-09-20T20:52:19,1133,1.625913110342176e-05,0.26828598976135254,848.0056220057066
2026-09-20T20:52:59,1134,1.625528642829681e-05,0.2419433742761612,848.0554497536501
2026-09-20T20:53:24,1135,1.6251441753171858e-05,0.22261974215507507,848.0648196860245
2026-09-20T20:54:08,1136,1.6247597078046905e-05,0.27051612734794617,848.0752866419226
2026-09-20T20:54:27,1137,1.6243752402921956e-05,0.2524508833885193,848.0202095124047
2026-09-20T20:55:03,1138,1.6239907727797003e-05,0.3240841031074524,848.0132918494872
2026-09-20T20:56:17,1139,1.623606305267205e-05,0.34824562072753906,848.0025618991336
2026-09-20T20:57:16,1140,1.6232218377547097e-05,0.2830083668231964,847.966347381033
2026-09-20T20:58:05,1141,1.6228373702422148e-05,0.30219903588294983,847.9826004519635
2026-09-20T20:58:42,1142,1.6224529027297195e-05,0.3131338357925415,847.9968126500489
2026-09-20T20:59:17,1143,1.6220684352172242e-05,0.37160253524780273,847.998986557811
2026-09-20T20:59:42,1144,1.6216839677047293e-05,0.24099214375019073,847.9867827462026
2026-09-20T21:00:26,1145,1.621299500192234e-05,0.2960916757583618,848.030780736283
2026-09-20T21:00:50,1146,1.6209150326797387e-05,0.18181559443473816,848.0091119014236
2026-09-20T21:01:22,1147,1.6205305651672437e-05,0.3376411497592926,848.054056553736
2026-09-20T21:01:49,1148,1.6201460976547485e-05,0.23836511373519897,848.0690442205012
2026-09-20T21:02:51,1149,1.619761630142253e-05,0.32623493671417236,848.0151447662706
2026-09-20T21:03:15,1150,1.619377162629758e-05,0.23159851133823395,848.0111372212285
2026-09-20T21:03:58,1151,1.6189926951172626e-05,0.29827070236206055,848.0173211136838
2026-09-20T21:04:39,1152,1.6186082276047673e-05,0.32287007570266724,848.0544879319773
2026-09-20T21:05:40,1153,1.6182237600922724e-05,0.25533565878868103,847.9779894014551
2026-09-20T21:06:36,1154,1.617839292579777e-05,0.28774189949035645,847.9621102447862
2026-09-20T21:07:16,1155,1.6174548250672818e-05,0.28380733728408813,847.9779814911334
2026-09-20T21:08:02,1156,1.617070357554787e-05,0.31392982602119446,847.9342582505745
2026-09-20T21:08:31,1157,1.6166858900422916e-05,0.2693166136741638,847.9355690526913
2026-09-20T21:09:10,1158,1.6163014225297963e-05,0.269298255443573,848.017390630202
2026-09-20T21:09:41,1159,1.6159169550173013e-05,0.2650105953216553,848.0286497486532
2026-09-20T21:10:24,1160,1.615532487504806e-05,0.3440456986427307,848.0387131106485
2026-09-20T21:11:10,1161,1.6151480199923108e-05,0.2496258169412613,848.0608388402895
2026-09-20T21:11:46,1162,1.6147635524798155e-05,0.3370850682258606,848.077619308297
2026-09-20T21:12:08,1163,1.6143790849673205e-05,0.23489460349082947,848.0572847765959
2026-09-20T21:13:02,1164,1.6139946174548252e-05,0.39180445671081543,848.1114549307365
2026-09-20T21:13:47,1165,1.61361014994233e-05,0.29329246282577515,848.1421279765633
2026-09-20T21:15:13,1166,1.613225682429835e-05,0.3054596781730652,848.1004409803511
2026-09-20T21:15:54,1167,1.6128412149173397e-05,0.3409733772277832,848.0952977523851
2026-09-20T21:16:42,1168,1.6124567474048444e-05,0.27210232615470886,848.1191641450258
2026-09-20T21:17:26,1169,1.612072279892349e-05,0.2607622742652893,848.1364563227218
2026-09-20T21:17:57,1170,1.6116878123798542e-05,0.2823263704776764,848.1178656172199
2026-09-20T21:18:21,1171,1.6113033448673586e-05,0.2854437530040741,848.1161674280208
2026-09-20T21:18:45,1172,1.6109188773548636e-05,0.23762424290180206,848.0905789721808
2026-09-20T21:19:39,1173,1.6105344098423684e-05,0.3936629295349121,848.1262004295183
2026-09-20T21:20:49,1174,1.610149942329873e-05,0.2521156072616577,848.0665470116882
2026-09-20T21:21:32,1175,1.609765474817378e-05,0.2492891252040863,848.057313317506
2026-09-20T21:22:10,1176,1.609381007304883e-05,0.2567991018295288,848.0846942808901
2026-09-20T21:23:11,1177,1.6089965397923876e-05,0.24290058016777039,848.009917037043
2026-09-20T21:23:45,1178,1.6086120722798926e-05,0.22903385758399963,848.0506273018447
2026-09-20T21:24:22,1179,1.6082276047673973e-05,0.3035169541835785,848.0559156963383
2026-09-20T21:25:44,1180,1.607843137254902e-05,0.3081456422805786,847.9588644727194
2026-09-20T21:26:14,1181,1.6074586697424068e-05,0.2543148100376129,847.9865176565255
2026-09-20T21:26:42,1182,1.6070742022299118e-05,0.26444652676582336,847.9804610271283
2026-09-20T21:27:23,1183,1.6066897347174165e-05,0.30972519516944885,847.9695335261822
2026-09-20T21:28:18,1184,1.6063052672049212e-05,0.28256458044052124,847.9112852901624
2026-09-20T21:28:45,1185,1.6059207996924263e-05,0.23208534717559814,847.9225199121456
2026-09-20T21:29:10,1186,1.605536332179931e-05,0.2436979115009308,847.8982093517467
2026-09-20T21:29:34,1187,1.6051518646674357e-05,0.2613382935523987,847.8899873217515
2026-09-20T21:30:03,1188,1.6047673971549404e-05,0.22770743072032928,847.9230205005363
2026-09-20T21:30:42,1189,1.6043829296424455e-05,0.3157806992530823,847.9693601997997
2026-09-20T21:31:15,1190,1.6039984621299502e-05,0.3291918635368347,847.9866140027689
2026-09-20T21:31:40,1191,1.603613994617455e-05,0.2515295147895813,847.9666011430821
2026-09-20T21:32:53,1192,1.60322952710496e-05,0.28173860907554626,847.9882133212035
2026-09-20T21:33:11,1193,1.6028450595924644e-05,0.28968366980552673,847.9550254461124
2026-09-20T21:34:31,1194,1.6024605920799694e-05,0.29298633337020874,847.9109815852315
2026-09-20T21:35:14,1195,1.602076124567474e-05,0.2817220389842987,847.9746443055625
2026-09-20T21:36:09,1196,1.601691657054979e-05,0.31831175088882446,848.029121704438
2026-09-20T21:37:02,1197,1.601307189542484e-05,0.30966120958328247,848.0121169715784
2026-09-20T21:37:47,1198,1.6009227220299886e-05,0.23517726361751556,848.0669929747513
2026-09-20T21:38:30,1199,1.6005382545174933e-05,0.2512592375278473,848.068745380383
2026-09-20T21:39:00,1200,1.600153787004998e-05,0.2790714502334595,848.0858805343719
2026-09-20T21:39:40,1201,1.599769319492503e-05,0.38583773374557495,848.132284399664
2026-09-20T21:40:09,1202,1.5993848519800078e-05,0.25226855278015137,848.1586183364576
2026-09-20T21:41:12,1203,1.5990003844675125e-05,0.30507585406303406,848.1210314269797
2026-09-20T21:41:50,1204,1.5986159169550176e-05,0.23260998725891113,848.1493423611855
2026-09-20T21:42:30,1205,1.5982314494425223e-05,0.30809706449508667,848.1853801370419
2026-09-20T21:43:35,1206,1.597846981930027e-05,0.2184649109840393,848.113250179719
2026-09-20T21:43:58,1207,1.5974625144175317e-05,0.1943865716457367,848.0924781445746
2026-09-20T21:44:42,1208,1.5970780469050368e-05,0.3138261139392853,848.1077939711784
2026-09-20T21:45:21,1209,1.5966935793925415e-05,0.26108986139297485,848.1343459881723
2026-09-20T21:45:48,1210,1.5963091118800462e-05,0.30174610018730164,848.1299267846264
2026-09-20T21:46:31,1211,1.5959246443675513e-05,0.300819993019104,848.169274301248
2026-09-20T21:47:17,1212,1.5955401768550556e-05,0.2475791573524475,848.1765590979688
2026-09-20T21:48:58,1213,1.5951557093425607e-05,0.3775157034397125,848.038126109575
2026-09-20T21:49:28,1214,1.5947712418300657e-05,0.26903295516967773,848.0507350152717
2026-09-20T21:50:11,1215,1.59438677431757e-05,0.2840813994407654,848.1112993497414
2026-09-20T21:50:52,1216,1.5940023068050752e-05,0.3472867012023926,848.1534351352678
2026-09-20T21:51:53,1217,1.59361783929258e-05,0.2792431116104126,848.1443359863774
2026-09-20T21:52:28,1218,1.5932333717800846e-05,0.20774385333061218,848.194966565831
2026-09-20T21:53:36,1219,1.5928489042675893e-05,0.3214513659477234,848.1364637371296
2026-09-20T21:54:00,1220,1.5924644367550944e-05,0.22205913066864014,848.1449927986461
2026-09-20T21:54:36,1221,1.592079969242599e-05,0.31406813859939575,848.1298339822108
2026-09-20T21:54:57,1222,1.5916955017301038e-05,0.23608264327049255,848.1239324261799
2026-09-20T21:55:50,1223,1.591311034217609e-05,0.2626868188381195,848.1765799771445
2026-09-20T21:56:40,1224,1.5909265667051136e-05,0.3425612151622772,848.1904857067999
2026-09-20T21:57:20,1225,1.5905420991926183e-05,0.21324747800827026,848.2109170608985
2026-09-20T21:57:53,1226,1.5901576316801233e-05,0.26822054386138916,848.2411513963883
2026-09-20T21:58:38,1227,1.589773164167628e-05,0.28436803817749023,848.2257404873639
2026-09-20T21:59:07,1228,1.5893886966551328e-05,0.3028712868690491,848.2370793651165
2026-09-20T21:59:36,1229,1.5890042291426375e-05,0.19857817888259888,848.2561769343665
2026-09-20T22:00:02,1230,1.5886197616301425e-05,0.218434140086174,848.236577287905
2026-09-20T22:00:35,1231,1.5882352941176473e-05,0.2696845531463623,848.2652368355962
2026-09-20T22:01:27,1232,1.587850826605152e-05,0.34907829761505127,848.3180222896611
2026-09-20T22:02:08,1233,1.587466359092657e-05,0.3029667139053345,848.3675342028581
2026-09-20T22:02:40,1234,1.5870818915801614e-05,0.4117159843444824,848.380951198085
2026-09-20T22:03:08,1235,1.5866974240676665e-05,0.2994447946548462,848.392578244409
2026-09-20T22:03:54,1236,1.5863129565551712e-05,0.245200514793396,848.4140371066088
2026-09-20T22:04:12,1237,1.585928489042676e-05,0.22175781428813934,848.3568969219397
2026-09-20T22:04:38,1238,1.5855440215301806e-05,0.25850024819374084,848.3543963819546
2026-09-20T22:05:19,1239,1.5851595540176857e-05,0.2531346082687378,848.4330601852546
2026-09-20T22:06:26,1240,1.5847750865051904e-05,0.29868173599243164,848.3566716542095
2026-09-20T22:06:50,1241,1.584390618992695e-05,0.30179712176322937,848.3523278468087
2026-09-20T22:07:24,1242,1.5840061514802e-05,0.26807379722595215,848.3649863261694
2026-09-20T22:08:59,1243,1.583621683967705e-05,0.19823479652404785,848.2498056418084
2026-09-20T22:09:55,1244,1.5832372164552096e-05,0.31348031759262085,848.2160352080643
2026-09-20T22:10:24,1245,1.5828527489427146e-05,0.20005321502685547,848.2176651635938
2026-09-20T22:11:57,1246,1.5824682814302193e-05,0.4051187038421631,848.1641687205303
2026-09-20T22:12:30,1247,1.582083813917724e-05,0.20851214230060577,848.1906483879989
2026-09-20T22:13:18,1248,1.5816993464052288e-05,0.31857675313949585,848.2100690701434
2026-09-20T22:13:44,1249,1.5813148788927338e-05,0.2797139286994934,848.2098681850555
2026-09-20T22:14:07,1250,1.5809304113802385e-05,0.2947969138622284,848.2087845188046
2026-09-20T22:14:30,1251,1.5805459438677433e-05,0.26153600215911865,848.2014602448613
2026-09-20T22:15:05,1252,1.5801614763552483e-05,0.3049229383468628,848.2454695813576
2026-09-20T22:15:37,1253,1.579777008842753e-05,0.22308053076267242,848.2613850152383
2026-09-20T22:16:24,1254,1.5793925413302577e-05,0.3275059461593628,848.3153155740524
2026-09-20T22:16:46,1255,1.5790080738177625e-05,0.1883699893951416,848.3083780832069
2026-09-20T22:17:20,1256,1.5786236063052675e-05,0.310037761926651,848.3561356925956
2026-09-20T22:18:39,1257,1.5782391387927722e-05,0.34310197830200195,848.2552089432568
2026-09-20T22:19:10,1258,1.577854671280277e-05,0.22588801383972168,848.2843491628341
2026-09-20T22:19:36,1259,1.5774702037677817e-05,0.23519691824913025,848.2715539671021
2026-09-20T22:20:38,1260,1.5770857362552864e-05,0.38002094626426697,848.3251737160535
2026-09-20T22:21:09,1261,1.5767012687427914e-05,0.2703753709793091,848.3514872547958
2026-09-20T22:21:55,1262,1.576316801230296e-05,0.2997630834579468,848.3875311698367
2026-09-20T22:22:47,1263,1.575932333717801e-05,0.28132495284080505,848.4172480945961
2026-09-20T22:23:27,1264,1.575547866205306e-05,0.27233630418777466,848.4593377497761
2026-09-20T22:24:14,1265,1.5751633986928106e-05,0.24553324282169342,848.5034678488528
2026-09-20T22:25:18,1266,1.5747789311803153e-05,0.32686784863471985,848.4334751694821
2026-09-20T22:25:53,1267,1.57439446366782e-05,0.3227244019508362,848.4408667559479
2026-09-20T22:26:30,1268,1.574009996155325e-05,0.6045333743095398,848.437273919163
2026-09-20T22:26:57,1269,1.5736255286428298e-05,0.18264535069465637,848.4368000396665
2026-09-20T22:27:21,1270,1.5732410611303345e-05,0.25319817662239075,848.4456754603613
2026-09-20T22:27:56,1271,1.5728565936178396e-05,0.2705073952674866,848.4412305528218
2026-09-20T22:28:22,1272,1.5724721261053443e-05,0.3064122200012207,848.4362428291064
2026-09-20T22:28:52,1273,1.572087658592849e-05,0.27463799715042114,848.4468247889097
2026-09-20T22:29:19,1274,1.5717031910803537e-05,0.22867149114608765,848.4586748192067
2026-09-20T22:30:02,1275,1.5713187235678588e-05,0.2768372893333435,848.4561393483333
2026-09-20T22:30:28,1276,1.5709342560553635e-05,0.22017812728881836,848.459577434419
2026-09-20T22:31:34,1277,1.5705497885428682e-05,0.296833872795105,848.4814550800503
2026-09-20T22:33:12,1278,1.5701653210303733e-05,0.3402816653251648,848.3064771038421
2026-09-20T22:34:16,1279,1.5697808535178776e-05,0.2834419012069702,848.222949862733
2026-09-20T22:34:57,1280,1.5693963860053827e-05,0.4042094349861145,848.2537393444184
2026-09-20T22:36:30,1281,1.5690119184928878e-05,0.3401203155517578,848.1659818785268
2026-09-20T22:37:47,1282,1.568627450980392e-05,0.34123173356056213,848.0977822232053
2026-09-20T22:38:48,1283,1.5682429834678972e-05,0.3083706498146057,848.0326902117895
2026-09-20T22:39:27,1284,1.567858515955402e-05,0.30447152256965637,848.0547145408918
2026-09-20T22:39:56,1285,1.5674740484429066e-05,0.22325579822063446,848.0658666937891
2026-09-20T22:40:26,1286,1.5670895809304113e-05,0.30104541778564453,848.0916441029701
2026-09-20T22:40:51,1287,1.5667051134179164e-05,0.2773418128490448,848.1008303762056
2026-09-20T22:41:23,1288,1.566320645905421e-05,0.2709945738315582,848.1258439944845
2026-09-20T22:42:08,1289,1.5659361783929258e-05,0.2348010092973709,848.1287106725631
2026-09-20T22:42:39,1290,1.565551710880431e-05,0.23376429080963135,848.1542479305257
2026-09-20T22:43:06,1291,1.5651672433679356e-05,0.21610529720783234,848.1692467941836
2026-09-20T22:43:28,1292,1.5647827758554403e-05,0.2783040404319763,848.1647201922234
2026-09-20T22:44:40,1293,1.5643983083429454e-05,0.25205671787261963,848.1111301844567
2026-09-20T22:45:11,1294,1.56401384083045e-05,0.27865174412727356,848.1223992299325
2026-09-20T22:46:09,1295,1.5636293733179548e-05,0.3130997121334076,848.2064522120112
2026-09-20T22:47:06,1296,1.5632449058054595e-05,0.2621624767780304,848.1076043288704
2026-09-20T22:47:56,1297,1.5628604382929646e-05,0.3123154938220978,848.1151851649238
2026-09-20T22:49:07,1298,1.562475970780469e-05,0.36833319067955017,848.1024720055178
2026-09-20T22:49:40,1299,1.562091503267974e-05,0.26072248816490173,848.1145871699102
2026-09-20T22:50:16,1300,1.561707035755479e-05,0.29584193229675293,848.1535977295505
2026-09-20T22:51:10,1301,1.5613225682429834e-05,0.28690001368522644,848.2074321323005
2026-09-20T22:52:26,1302,1.5609381007304885e-05,0.33051252365112305,848.1746049726836
2026-09-20T22:52:52,1303,1.5605536332179932e-05,0.2385086864233017,848.1991502635346
2026-09-20T22:53:20,1304,1.560169165705498e-05,0.2921767830848694,848.214424935689
2026-09-20T22:54:32,1305,1.5597846981930026e-05,0.2262677550315857,848.1609010214672
2026-09-20T22:55:06,1306,1.5594002306805077e-05,0.2508676052093506,848.1433192090477
2026-09-20T22:55:32,1307,1.5590157631680124e-05,0.2728150188922882,848.1240316422179
2026-09-20T22:55:54,1308,1.558631295655517e-05,0.2584437429904938,848.0889978665814
2026-09-20T22:57:08,1309,1.558246828143022e-05,0.33083826303482056,848.0991801121089
2026-09-20T22:58:38,1310,1.557862360630527e-05,0.3315366506576538,848.0360152804828
2026-09-20T22:59:09,1311,1.5574778931180316e-05,0.25733882188796997,848.0577716096006
2026-09-20T22:59:39,1312,1.5570934256055366e-05,0.29983019828796387,848.0600186609017
2026-09-20T23:00:37,1313,1.5567089580930413e-05,0.31291642785072327,848.0368074576237
2026-09-20T23:01:24,1314,1.556324490580546e-05,0.3030274510383606,848.0555288502769
2026-09-20T23:02:04,1315,1.5559400230680508e-05,0.29757562279701233,848.0475978492759
2026-09-20T23:02:33,1316,1.555555555555556e-05,0.27244317531585693,848.0303669239034
2026-09-20T23:02:55,1317,1.5551710880430605e-05,0.282461017370224,848.0176138468181
2026-09-20T23:03:15,1318,1.5547866205305653e-05,0.25119972229003906,847.9980114486085
2026-09-20T23:03:39,1319,1.5544021530180703e-05,0.26086705923080444,847.9941863148877
2026-09-20T23:04:12,1320,1.5540176855055747e-05,0.28355491161346436,848.0206520616329
2026-09-20T23:05:19,1321,1.5536332179930797e-05,0.2218831181526184,847.967312124285
2026-09-20T23:06:14,1322,1.5532487504805845e-05,0.3179490268230438,847.939792777179
2026-09-20T23:06:43,1323,1.5528642829680892e-05,0.24143590033054352,847.927173425571
2026-09-20T23:07:10,1324,1.5524798154555942e-05,0.2592947483062744,847.8981109457283
2026-09-20T23:07:43,1325,1.552095347943099e-05,0.20379768311977386,847.9087802427581
2026-09-20T23:08:19,1326,1.5517108804306037e-05,0.3524172604084015,847.9473102387919
2026-09-20T23:09:08,1327,1.5513264129181084e-05,0.2619948089122772,847.919155013247
2026-09-20T23:09:30,1328,1.5509419454056134e-05,0.25304511189460754,847.900539268264
2026-09-20T23:09:52,1329,1.550557477893118e-05,0.2485269010066986,847.8810319869234
2026-09-20T23:10:56,1330,1.550173010380623e-05,0.3476220965385437,847.8124391294587
2026-09-20T23:11:31,1331,1.549788542868128e-05,0.2724657654762268,847.8507636613591
2026-09-20T23:11:55,1332,1.5494040753556326e-05,0.3044487237930298,847.8477242363052
2026-09-20T23:12:55,1333,1.5490196078431373e-05,0.34835678339004517,847.8666254313086
2026-09-20T23:13:31,1334,1.548635140330642e-05,0.24108123779296875,847.9066768160902
2026-09-20T23:14:27,1335,1.548250672818147e-05,0.3491365313529968,847.8149397957696
2026-09-20T23:15:35,1336,1.5478662053056518e-05,0.26696670055389404,847.7440245100595
2026-09-20T23:16:21,1337,1.5474817377931565e-05,0.32399871945381165,847.7598141556235
2026-09-20T23:16:57,1338,1.5470972702806616e-05,0.3130388855934143,847.7814198109678
2026-09-20T23:17:35,1339,1.5467128027681663e-05,0.26322439312934875,847.82783907287
2026-09-20T23:18:11,1340,1.546328335255671e-05,0.21489417552947998,847.8477661267718
2026-09-20T23:18:46,1341,1.5459438677431757e-05,0.2678409814834595,847.8686782839945
2026-09-20T23:19:37,1342,1.5455594002306808e-05,0.331490159034729,847.8581649841186
2026-09-20T23:19:59,1343,1.5451749327181855e-05,0.20883718132972717,847.8250550967487
2026-09-20T23:20:40,1344,1.5447904652056902e-05,0.25672680139541626,847.8646913150992
2026-09-20T23:21:24,1345,1.544405997693195e-05,0.22904404997825623,847.8621684618753
2026-09-20T23:21:59,1346,1.5440215301806997e-05,0.29402971267700195,847.9043267491597
2026-09-20T23:22:31,1347,1.5436370626682047e-05,0.2575317323207855,847.9280079850201
2026-09-20T23:23:14,1348,1.5432525951557094e-05,0.25162482261657715,847.9610087948324
2026-09-20T23:23:51,1349,1.542868127643214e-05,0.2799859941005707,847.9655487595729
2026-09-20T23:24:43,1350,1.5424836601307192e-05,0.4036049246788025,847.9659966732626
2026-09-20T23:25:16,1351,1.542099192618224e-05,0.3271975517272949,848.0033330072704
2026-09-20T23:26:14,1352,1.5417147251057286e-05,0.28097814321517944,848.0513983071365
2026-09-20T23:26:41,1353,1.5413302575932333e-05,0.2757468819618225,848.0485028256717
2026-09-20T23:27:09,1354,1.5409457900807384e-05,0.28379109501838684,848.0636839413768
2026-09-20T23:28:09,1355,1.540561322568243e-05,0.27335718274116516,848.0158299810861
2026-09-20T23:28:52,1356,1.5401768550557478e-05,0.28409814834594727,848.0737634035354
2026-09-20T23:29:21,1357,1.539792387543253e-05,0.6500478386878967,848.086855180095
2026-09-20T23:29:47,1358,1.5394079200307576e-05,0.2391543984413147,848.1130852790483
2026-09-20T23:30:20,1359,1.5390234525182623e-05,0.23678071796894073,848.1445045070712
2026-09-20T23:30:56,1360,1.5386389850057674e-05,0.29663774371147156,848.151204119457
2026-09-20T23:31:24,1361,1.538254517493272e-05,0.44904011487960815,848.150065837181
2026-09-20T23:31:52,1362,1.5378700499807768e-05,0.3190125823020935,848.1459636682412
2026-09-20T23:32:23,1363,1.5374855824682815e-05,0.3088029623031616,848.1407872899224
2026-09-20T23:33:24,1364,1.5371011149557866e-05,0.33132171630859375,848.1420476982361
2026-09-20T23:34:30,1365,1.536716647443291e-05,0.38013553619384766,848.0776287362911
2026-09-20T23:34:51,1366,1.536332179930796e-05,0.2191181778907776,848.05968695241
2026-09-20T23:35:25,1367,1.5359477124183007e-05,0.3040448725223541,848.0720663441609
2026-09-20T23:35:47,1368,1.5355632449058054e-05,0.28365159034729004,848.0423438601767
2026-09-20T23:36:30,1369,1.5351787773933105e-05,0.30338728427886963,848.0446917501433
2026-09-20T23:37:07,1370,1.5347943098808152e-05,0.2549973428249359,848.0702001655084
2026-09-20T23:37:34,1371,1.53440984236832e-05,0.23559872806072235,848.0702550911423
2026-09-20T23:38:15,1372,1.5340253748558246e-05,0.26540473103523254,848.1093468460597
2026-09-20T23:39:13,1373,1.5336409073433297e-05,0.30484306812286377,848.0163062630512
2026-09-20T23:39:48,1374,1.5332564398308344e-05,0.29958415031433105,848.0412282207969
2026-09-20T23:40:24,1375,1.532871972318339e-05,0.2852873206138611,848.0633956361538
2026-09-20T23:40:47,1376,1.532487504805844e-05,0.31012871861457825,848.04582594373
2026-09-20T23:41:10,1377,1.532103037293349e-05,0.28022894263267517,848.0301751931747
2026-09-20T23:41:29,1378,1.5317185697808536e-05,0.24271251261234283,848.0110877879887
2026-09-20T23:42:13,1379,1.5313341022683586e-05,0.24150508642196655,847.9968966488784
2026-09-20T23:43:13,1380,1.5309496347558634e-05,0.39065393805503845,848.0532170722329
2026-09-20T23:43:37,1381,1.530565167243368e-05,0.2373102307319641,848.0491677883651
2026-09-20T23:43:57,1382,1.5301806997308728e-05,0.23976877331733704,848.0326576659356
2026-09-20T23:44:22,1383,1.529796232218378e-05,0.2986944615840912,848.0412166454438
2026-09-20T23:45:04,1384,1.5294117647058822e-05,0.24493002891540527,848.0476303023452
2026-09-20T23:45:44,1385,1.5290272971933873e-05,0.2273302674293518,848.0531999673276
2026-09-20T23:46:07,1386,1.5286428296808923e-05,0.2312331348657608,848.0509143766006
2026-09-20T23:46:33,1387,1.5282583621683967e-05,0.24773067235946655,848.0473599667616
2026-09-20T23:47:41,1388,1.5278738946559018e-05,0.2949219048023224,847.983813885579
2026-09-20T23:48:10,1389,1.5274894271434065e-05,0.24480512738227844,847.9962016653276
2026-09-20T23:49:03,1390,1.5271049596309112e-05,0.3335595726966858,848.0058913133952
2026-09-20T23:49:31,1391,1.5267204921184162e-05,0.21732059121131897,848.0256286484613
2026-09-20T23:51:03,1392,1.526336024605921e-05,0.3097344934940338,847.9588859409874
2026-09-20T23:51:40,1393,1.5259515570934257e-05,0.30000054836273193,848.0233663258462
2026-09-20T23:52:07,1394,1.5255670895809306e-05,0.26674067974090576,848.0349386894561
2026-09-20T23:52:30,1395,1.5251826220684354e-05,0.2620411515235901,848.0286581607814
2026-09-20T23:52:59,1396,1.52479815455594e-05,0.32147279381752014,848.0518190755125
2026-09-20T23:53:34,1397,1.5244136870434449e-05,0.2559276819229126,848.0299607210102
2026-09-20T23:53:56,1398,1.52402921953095e-05,0.28045937418937683,848.0268726787249
2026-09-20T23:54:15,1399,1.5236447520184545e-05,0.24821053445339203,848.012178985036
2026-09-20T23:54:48,1400,1.5232602845059594e-05,0.33368217945098877,848.038408832124
2026-09-20T23:55:18,1401,1.522875816993464e-05,0.29733896255493164,848.0509923529069
2026-09-20T23:55:53,1402,1.522491349480969e-05,0.235398069024086,848.0934896689532
2026-09-20T23:56:40,1403,1.5221068819684738e-05,0.1991461217403412,848.0615591217813
2026-09-20T23:57:10,1404,1.5217224144559786e-05,0.32271847128868103,848.0722255130884
2026-09-20T23:57:55,1405,1.5213379469434834e-05,0.22373461723327637,848.0938315585528
2026-09-20T23:58:15,1406,1.5209534794309882e-05,0.29877904057502747,848.0883242305098
2026-09-20T23:58:53,1407,1.520569011918493e-05,0.3252575993537903,848.0885835906654
2026-09-20T23:59:39,1408,1.5201845444059978e-05,0.2919429838657379,848.1031259261296
2026-09-21T00:00:47,1409,1.5198000768935026e-05,0.3076465427875519,848.0647280640114
2026-09-21T00:01:16,1410,1.5194156093810075e-05,0.31416094303131104,848.0923603721767
2026-09-21T00:01:38,1411,1.5190311418685122e-05,0.2975585162639618,848.0911309711543
2026-09-21T00:02:13,1412,1.5186466743560171e-05,0.3885934054851532,848.1000055485463
2026-09-21T00:02:48,1413,1.5182622068435218e-05,0.2942269742488861,848.1246298372794
2026-09-21T00:03:09,1414,1.5178777393310267e-05,0.2652120888233185,848.1122046539933
2026-09-21T00:04:01,1415,1.5174932718185316e-05,0.27275002002716064,848.0788511263704
2026-09-21T00:04:32,1416,1.5171088043060363e-05,0.2848885655403137,848.0933838866187
2026-09-21T00:05:18,1417,1.5167243367935412e-05,0.2832787036895752,848.096137626133
2026-09-21T00:05:36,1418,1.5163398692810458e-05,0.23157590627670288,848.0719729932811
2026-09-21T00:06:17,1419,1.5159554017685506e-05,0.2397407740354538,848.0946413770557
2026-09-21T00:06:46,1420,1.5155709342560554e-05,0.2403060346841812,848.1058449152476
2026-09-21T00:07:20,1421,1.5151864667435602e-05,0.3006207346916199,848.1450261880088
2026-09-21T00:08:47,1422,1.5148019992310651e-05,0.36829057335853577,848.1128850958592
2026-09-21T00:09:11,1423,1.5144175317185698e-05,0.20826756954193115,848.1092976959523
2026-09-21T00:10:05,1424,1.5140330642060747e-05,0.3069586157798767,848.1649061990212
2026-09-21T00:10:37,1425,1.5136485966935794e-05,0.29024988412857056,848.1888751861136
2026-09-21T00:11:43,1426,1.5132641291810843e-05,0.2867032289505005,848.1833428710128
2026-09-21T00:12:12,1427,1.5128796616685892e-05,0.27903929352760315,848.1931796914498
2026-09-21T00:12:41,1428,1.512495194156094e-05,0.26722657680511475,848.2012258183519
2026-09-21T00:13:05,1429,1.5121107266435988e-05,0.32320255041122437,848.2117515026148
2026-09-21T00:14:14,1430,1.5117262591311035e-05,0.23734210431575775,848.1590621960174
2026-09-21T00:14:38,1431,1.5113417916186084e-05,0.2662023901939392,848.1581079847297
2026-09-21T00:15:30,1432,1.5109573241061131e-05,0.3351646065711975,848.195531535469
2026-09-21T00:15:53,1433,1.510572856593618e-05,0.26208367943763733,848.2057557878053
2026-09-21T00:16:39,1434,1.5101883890811229e-05,0.24925844371318817,848.21842267985
2026-09-21T00:17:06,1435,1.5098039215686276e-05,0.25705045461654663,848.2169818858766
2026-09-21T00:17:39,1436,1.5094194540561325e-05,0.2729123830795288,848.2384443756632
2026-09-21T00:18:05,1437,1.509034986543637e-05,0.22315849363803864,848.2457761274729
2026-09-21T00:18:43,1438,1.5086505190311421e-05,0.2574452757835388,848.251722813241
2026-09-21T00:19:21,1439,1.5082660515186466e-05,0.27256396412849426,848.2442316821536
2026-09-21T00:19:45,1440,1.5078815840061515e-05,0.23301613330841064,848.252378026648
2026-09-21T00:20:21,1441,1.5074971164936566e-05,0.3016032576560974,848.2783772776121
2026-09-21T00:21:32,1442,1.5071126489811611e-05,0.29178476333618164,848.270819275191
2026-09-21T00:22:47,1443,1.506728181468666e-05,0.28392493724823,848.2611764717184
2026-09-21T00:24:10,1444,1.5063437139561707e-05,0.3110845685005188,848.2198204782148
2026-09-21T00:24:45,1445,1.5059592464436756e-05,0.27001622319221497,848.2360455258263
2026-09-21T00:25:46,1446,1.5055747789311805e-05,0.3647558093070984,848.1457285773118
2026-09-21T00:26:38,1447,1.5051903114186852e-05,0.34215208888053894,848.1577156787233
2026-09-21T00:27:56,1448,1.50480584390619e-05,0.36792677640914917,848.0924842947169
2026-09-21T00:29:39,1449,1.5044213763936948e-05,0.26054292917251587,848.0099920373772
2026-09-21T00:30:21,1450,1.5040369088811997e-05,0.2966543734073639,848.0134735741318
2026-09-21T00:31:10,1451,1.5036524413687044e-05,0.3335779309272766,848.0306639771106
2026-09-21T00:31:38,1452,1.5032679738562093e-05,0.24506357312202454,848.0379026583138
2026-09-21T00:32:08,1453,1.5028835063437142e-05,0.2941509783267975,848.0507753331361
2026-09-21T00:32:54,1454,1.5024990388312189e-05,0.33488643169403076,848.0645007319749
2026-09-21T00:33:33,1455,1.5021145713187238e-05,0.25968509912490845,848.0745349410869
2026-09-21T00:33:56,1456,1.5017301038062285e-05,0.2933918833732605,848.0569114947339
2026-09-21T00:34:52,1457,1.5013456362937334e-05,0.2861177921295166,848.0795780513535
2026-09-21T00:35:39,1458,1.5009611687812383e-05,0.32238802313804626,848.109587468699
2026-09-21T00:36:39,1459,1.500576701268743e-05,0.30707335472106934,848.0794574454335
2026-09-21T00:36:59,1460,1.5001922337562478e-05,0.23503196239471436,848.0629465455326
2026-09-21T00:37:30,1461,1.4998077662437524e-05,0.3014410734176636,848.0872202175829
2026-09-21T00:38:13,1462,1.4994232987312573e-05,0.26975613832473755,848.0794313476537
2026-09-21T00:38:45,1463,1.499038831218762e-05,0.2063690423965454,848.0603483055277
2026-09-21T00:39:26,1464,1.4986543637062669e-05,0.4319632351398468,848.0908019427969
2026-09-21T00:39:52,1465,1.4982698961937718e-05,0.29801955819129944,848.1009783238009
2026-09-21T00:40:12,1466,1.4978854286812765e-05,0.20540718734264374,848.0716685407504
2026-09-21T00:41:08,1467,1.4975009611687814e-05,0.288021445274353,848.0979493009531
2026-09-21T00:41:49,1468,1.497116493656286e-05,0.2526286840438843,848.1288945646779
2026-09-21T00:42:49,1469,1.496732026143791e-05,0.3549797832965851,848.0575722590494
2026-09-21T00:43:17,1470,1.4963475586312958e-05,0.2487461417913437,848.0712530741357
2026-09-21T00:44:04,1471,1.4959630911188006e-05,0.33363983035087585,848.0976375748969
2026-09-21T00:45:07,1472,1.4955786236063054e-05,0.3155262768268585,848.034854339692
2026-09-21T00:45:31,1473,1.4951941560938102e-05,0.2408408373594284,848.021019159631
2026-09-21T00:46:00,1474,1.494809688581315e-05,0.30114760994911194,848.005755741183
2026-09-21T00:47:52,1475,1.4944252210688198e-05,0.32040780782699585,847.9548405474966
2026-09-21T00:49:06,1476,1.4940407535563246e-05,0.252718061208725,847.8864541895537
2026-09-21T00:49:55,1477,1.4936562860438295e-05,0.3895166218280792,847.9166065731882
2026-09-21T00:50:31,1478,1.4932718185313342e-05,0.25700652599334717,847.9315622892792
2026-09-21T00:51:24,1479,1.4928873510188391e-05,0.34557297825813293,847.9061031894386
2026-09-21T00:52:03,1480,1.4925028835063437e-05,0.2982870042324066,847.9402569259754
2026-09-21T00:52:44,1481,1.4921184159938487e-05,0.2828972041606903,847.9723674184671
2026-09-21T00:53:31,1482,1.4917339484813536e-05,0.308322548866272,847.9746576120766
2026-09-21T00:53:55,1483,1.4913494809688582e-05,0.2874831259250641,847.9700407550703
2026-09-21T00:54:25,1484,1.4909650134563632e-05,0.2530968189239502,847.9814058852173
2026-09-21T00:55:28,1485,1.4905805459438678e-05,0.339365154504776,847.9067652258053
2026-09-21T00:55:55,1486,1.4901960784313726e-05,0.2169853299856186,847.9168660110769
2026-09-21T00:56:22,1487,1.4898116109188774e-05,0.23273125290870667,847.9264161459537
2026-09-21T00:57:04,1488,1.4894271434063822e-05,0.22430048882961273,847.9612323376977
2026-09-21T00:57:28,1489,1.4890426758938871e-05,0.23884201049804688,847.9601654265134
2026-09-21T00:58:04,1490,1.4886582083813918e-05,0.3009456992149353,847.9864250350172
2026-09-21T00:58:37,1491,1.4882737408688967e-05,0.25993800163269043,848.0110627487306
2026-09-21T00:59:05,1492,1.4878892733564014e-05,0.2176368534564972,848.004752769476
2026-09-21T00:59:28,1493,1.4875048058439063e-05,0.29464805126190186,847.9867872510379
2026-09-21T00:59:58,1494,1.487120338331411e-05,0.18902747333049774,847.9842188850796
2026-09-21T01:01:05,1495,1.486735870818916e-05,0.41654062271118164,847.9861717639286
2026-09-21T01:01:32,1496,1.4863514033064208e-05,0.22039206326007843,847.996833039256
2026-09-21T01:03:03,1497,1.4859669357939255e-05,0.34887927770614624,847.881010000626
2026-09-21T01:04:15,1498,1.4855824682814304e-05,0.3903347849845886,847.8481289477603
2026-09-21T01:05:10,1499,1.4851980007689351e-05,0.2940603494644165,847.8922675789846
2026-09-21T01:05:37,1500,1.48481353325644e-05,0.22637756168842316,847.9031655225247
2026-09-21T01:06:12,1501,1.4844290657439449e-05,0.2749503254890442,847.8947397048088
2026-09-21T01:06:47,1502,1.4840445982314496e-05,0.3408327102661133,847.9298779901253
2026-09-21T01:07:08,1503,1.4836601307189545e-05,0.33844703435897827,847.912782004947
2026-09-21T01:07:48,1504,1.483275663206459e-05,0.26877057552337646,847.9623183896381
2026-09-21T01:08:10,1505,1.482891195693964e-05,0.3521164059638977,847.9462046006389
2026-09-21T01:08:44,1506,1.4825067281814686e-05,0.24948851764202118,847.9677310561099
2026-09-21T01:09:45,1507,1.4821222606689735e-05,0.32994410395622253,847.89551115653
2026-09-21T01:10:21,1508,1.4817377931564784e-05,0.19503125548362732,847.9447619526298
2026-09-21T01:11:58,1509,1.4813533256439831e-05,0.2983522415161133,847.8457706932849
2026-09-21T01:12:37,1510,1.480968858131488e-05,0.3066312074661255,847.8800027855237
2026-09-21T01:13:54,1511,1.4805843906189927e-05,0.33717218041419983,847.8190257280369
2026-09-21T01:14:39,1512,1.4801999231064976e-05,0.3423157036304474,847.8494906569609
2026-09-21T01:15:16,1513,1.4798154555940025e-05,0.3101930618286133,847.8790643383808
2026-09-21T01:15:41,1514,1.4794309880815072e-05,0.19857797026634216,847.8665422443344
2026-09-21T01:16:00,1515,1.4790465205690121e-05,0.18115821480751038,847.8296154402577
2026-09-21T01:16:42,1516,1.4786620530565168e-05,0.29488542675971985,847.8681332688788
2026-09-21T01:17:56,1517,1.4782775855440217e-05,0.34372448921203613,847.8356310468489
2026-09-21T01:18:27,1518,1.4778931180315264e-05,0.28201887011528015,847.8497778626659
2026-09-21T01:19:33,1519,1.4775086505190313e-05,0.2391674965620041,847.7879167979955
2026-09-21T01:20:53,1520,1.4771241830065362e-05,0.3371543884277344,847.7636165034764
2026-09-21T01:21:16,1521,1.4767397154940409e-05,0.26923587918281555,847.7616242324768
2026-09-21T01:22:19,1522,1.4763552479815458e-05,0.24247726798057556,847.7116703825586
2026-09-21T01:22:50,1523,1.4759707804690503e-05,0.26046839356422424,847.7223127066121
2026-09-21T01:23:53,1524,1.4755863129565554e-05,0.3440934121608734,847.7523701861018
2026-09-21T01:24:25,1525,1.4752018454440603e-05,0.2915639281272888,847.760697060703
2026-09-21T01:25:25,1526,1.4748173779315648e-05,0.2573394179344177,847.7848113226931
2026-09-21T01:26:07,1527,1.4744329104190697e-05,0.2152932584285736,847.8189282191522
2026-09-21T01:27:08,1528,1.4740484429065744e-05,0.32480406761169434,847.8244003607032
2026-09-21T01:28:25,1529,1.4736639753940793e-05,0.29230499267578125,847.8036934845943
2026-09-21T01:29:34,1530,1.473279507881584e-05,0.30144956707954407,847.7434560366812
2026-09-21T01:30:01,1531,1.4728950403690889e-05,0.2316179871559143,847.7405303409726
2026-09-21T01:30:58,1532,1.4725105728565938e-05,0.2641654908657074,847.6614070280884
2026-09-21T01:31:58,1533,1.4721261053440985e-05,0.2510479986667633,847.6543136524255
2026-09-21T01:32:43,1534,1.4717416378316034e-05,0.3216852843761444,847.7161761996973
2026-09-21T01:33:44,1535,1.4713571703191081e-05,0.2966381311416626,847.6915501282281
2026-09-21T01:34:06,1536,1.470972702806613e-05,0.23724550008773804,847.675123175319
2026-09-21T01:34:40,1537,1.4705882352941179e-05,0.27916935086250305,847.7085935376936
2026-09-21T01:35:41,1538,1.4702037677816226e-05,0.29082074761390686,847.6393505959812
2026-09-21T01:36:15,1539,1.4698193002691275e-05,0.32310545444488525,847.6633775049795
2026-09-21T01:36:47,1540,1.4694348327566322e-05,0.2514469027519226,847.6719246206691
2026-09-21T01:37:10,1541,1.469050365244137e-05,0.28830668330192566,847.6570079623107
2026-09-21T01:38:01,1542,1.4686658977316418e-05,0.2564770579338074,847.6863579264237
2026-09-21T01:38:49,1543,1.4682814302191467e-05,0.2851027250289917,847.715819712577
2026-09-21T01:39:23,1544,1.4678969627066515e-05,0.21689781546592712,847.7514214660488
2026-09-21T01:40:15,1545,1.4675124951941563e-05,0.2498563826084137,847.7744299449643
2026-09-21T01:40:50,1546,1.4671280276816611e-05,0.301142156124115,847.7906223976462
2026-09-21T01:41:29,1547,1.4667435601691657e-05,0.2975964844226837,847.8107424846864
2026-09-21T01:42:05,1548,1.4663590926566706e-05,0.3525051176548004,847.8614038167738
2026-09-21T01:42:42,1549,1.4659746251441756e-05,0.3496078848838806,847.8958065937376
2026-09-21T01:43:07,1550,1.4655901576316802e-05,0.23219889402389526,847.8984139992123
2026-09-21T01:43:39,1551,1.465205690119185e-05,0.24418380856513977,847.894356559834
2026-09-21T01:44:02,1552,1.4648212226066898e-05,0.23511797189712524,847.8780619503293
2026-09-21T01:44:36,1553,1.4644367550941947e-05,0.45919787883758545,847.9153382656591
2026-09-21T01:45:37,1554,1.4640522875816994e-05,0.3394968509674072,847.9646700617776
2026-09-21T01:47:14,1555,1.4636678200692043e-05,0.2836408317089081,847.9112795619885
2026-09-21T01:47:37,1556,1.4632833525567091e-05,0.2242172807455063,847.8870463088921
2026-09-21T01:48:03,1557,1.4628988850442139e-05,0.23602575063705444,847.896632711303
2026-09-21T01:48:56,1558,1.4625144175317187e-05,0.24596978724002838,847.9083227472175
2026-09-21T01:49:57,1559,1.4621299500192235e-05,0.31814417243003845,847.8962476005863
2026-09-21T01:50:23,1560,1.4617454825067283e-05,0.2583507299423218,847.9074362643354
2026-09-21T01:51:24,1561,1.461361014994233e-05,0.312298059463501,847.8463283437354
2026-09-21T01:51:59,1562,1.460976547481738e-05,0.23771777749061584,847.8674733532335
2026-09-21T01:52:20,1563,1.4605920799692428e-05,0.22342973947525024,847.8559785090482
2026-09-21T01:53:04,1564,1.4602076124567475e-05,0.2645622789859772,847.8732524051983
2026-09-21T01:53:41,1565,1.4598231449442524e-05,0.266655296087265,847.8569113686935
2026-09-21T01:54:07,1566,1.459438677431757e-05,0.23275767266750336,847.854797717166
2026-09-21T01:54:29,1567,1.459054209919262e-05,0.17251622676849365,847.8396704503494
2026-09-21T01:55:03,1568,1.4586697424067669e-05,0.19355320930480957,847.8194949393687
2026-09-21T01:55:44,1569,1.4582852748942715e-05,0.2980778217315674,847.8214795297683
2026-09-21T01:56:19,1570,1.4579008073817763e-05,0.2102287858724594,847.835478590393
2026-09-21T01:56:54,1571,1.457516339869281e-05,0.2840120196342468,847.8642297415954
2026-09-21T01:57:42,1572,1.457131872356786e-05,0.21004454791545868,847.9040584401646
2026-09-21T01:58:14,1573,1.4567474048442906e-05,0.22731728851795197,847.9125416590463
2026-09-21T01:58:44,1574,1.4563629373317955e-05,0.2769884467124939,847.9437376530412
2026-09-21T01:59:39,1575,1.4559784698193004e-05,0.318062961101532,847.9845314465036
2026-09-21T01:59:56,1576,1.4555940023068051e-05,0.22250451147556305,847.9500603405577
2026-09-21T02:00:46,1577,1.45520953479431e-05,0.34705907106399536,847.9741474118304
2026-09-21T02:01:18,1578,1.4548250672818147e-05,0.28645315766334534,847.9942747445612
2026-09-21T02:01:50,1579,1.4544405997693196e-05,0.27207791805267334,848.004524814294
2026-09-21T02:02:33,1580,1.4540561322568245e-05,0.2731224000453949,848.0173950632097
2026-09-21T02:03:41,1581,1.4536716647443292e-05,0.3009915351867676,848.0061941974973
2026-09-21T02:04:39,1582,1.4532871972318341e-05,0.34969252347946167,848.04446386835
2026-09-21T02:05:19,1583,1.4529027297193388e-05,0.25964727997779846,848.0477582668937
2026-09-21T02:06:07,1584,1.4525182622068437e-05,0.2740820348262787,848.0767276477173
2026-09-21T02:06:50,1585,1.4521337946943484e-05,0.3463647961616516,848.1254803262729
2026-09-21T02:07:31,1586,1.4517493271818533e-05,0.28958600759506226,848.1292560259767
2026-09-21T02:07:54,1587,1.4513648596693582e-05,0.26780009269714355,848.1253274115691
2026-09-21T02:09:02,1588,1.4509803921568629e-05,0.20711731910705566,848.1102356000864
2026-09-21T02:09:41,1589,1.4505959246443678e-05,0.440499871969223,848.125892858357
2026-09-21T02:10:03,1590,1.4502114571318723e-05,0.21652810275554657,848.1109308428536
2026-09-21T02:10:45,1591,1.4498269896193772e-05,0.261558473110199,848.1252197892887
2026-09-21T02:11:40,1592,1.4494425221068823e-05,0.28490951657295227,848.1603089320662
2026-09-21T02:12:35,1593,1.4490580545943868e-05,0.2910000681877136,848.1771126335431
2026-09-21T02:13:04,1594,1.4486735870818917e-05,0.19556333124637604,848.1866779600532
2026-09-21T02:13:29,1595,1.4482891195693964e-05,0.2582515478134155,848.164464372585
2026-09-21T02:14:35,1596,1.4479046520569013e-05,0.22307507693767548,848.1057587689302
2026-09-21T02:15:19,1597,1.447520184544406e-05,0.252195805311203,848.0852760207398
2026-09-21T02:16:03,1598,1.4471357170319109e-05,0.20809602737426758,848.0776217505345
2026-09-21T02:16:24,1599,1.4467512495194158e-05,0.2680772542953491,848.0429293452587
2026-09-21T02:16:56,1600,1.4463667820069205e-05,0.2944338023662567,848.0642348006302
2026-09-21T02:17:43,1601,1.4459823144944254e-05,0.29334157705307007,848.0933906728562
2026-09-21T02:18:42,1602,1.4455978469819301e-05,0.3584330081939697,848.1066997223794
2026-09-21T02:19:11,1603,1.445213379469435e-05,0.18136832118034363,848.1255132682138
2026-09-21T02:19:38,1604,1.4448289119569399e-05,0.3078661262989044,848.1238252495081
2026-09-21T02:20:13,1605,1.4444444444444446e-05,0.26379671692848206,848.1565737959722
2026-09-21T02:20:45,1606,1.4440599769319495e-05,0.2632843255996704,848.1792676131629
2026-09-21T02:21:15,1607,1.4436755094194542e-05,0.22591623663902283,848.178138416177
2026-09-21T02:21:42,1608,1.443291041906959e-05,0.2712630331516266,848.1644299843911
2026-09-21T02:22:21,1609,1.4429065743944636e-05,0.32033824920654297,848.185690210053
2026-09-21T02:22:49,1610,1.4425221068819687e-05,0.2632887363433838,848.2084910659024
2026-09-21T02:23:10,1611,1.4421376393694735e-05,0.23264630138874054,848.1936560650761
2026-09-21T02:23:37,1612,1.4417531718569781e-05,0.21478913724422455,848.2006622062376
2026-09-21T02:24:30,1613,1.441368704344483e-05,0.2826143801212311,848.2154134758559
2026-09-21T02:24:59,1614,1.4409842368319877e-05,0.30554017424583435,848.2109344945833
2026-09-21T02:25:21,1615,1.4405997693194926e-05,0.24669525027275085,848.1827487176909
2026-09-21T02:25:40,1616,1.4402153018069975e-05,0.24782678484916687,848.1689015377099
2026-09-21T02:26:27,1617,1.4398308342945022e-05,0.3470279276371002,848.1955378245373
2026-09-21T02:27:34,1618,1.439446366782007e-05,0.38289573788642883,848.2148425938227
2026-09-21T02:28:03,1619,1.4390618992695118e-05,0.2895134389400482,848.2347470964156
2026-09-21T02:29:13,1620,1.4386774317570167e-05,0.38024190068244934,848.1874891867743
2026-09-21T02:30:25,1621,1.4382929642445214e-05,0.3095097243785858,848.1583410286255
2026-09-21T02:31:10,1622,1.4379084967320263e-05,0.2930333912372589,848.1723387142985
2026-09-21T02:31:58,1623,1.4375240292195311e-05,0.26160359382629395,848.2298007244071
2026-09-21T02:32:17,1624,1.4371395617070359e-05,0.21902744472026825,848.2046074808451
2026-09-21T02:32:52,1625,1.4367550941945407e-05,0.27071651816368103,848.2239718858016
2026-09-21T02:34:39,1626,1.4363706266820455e-05,0.40878719091415405,848.1212272411349
2026-09-21T02:35:46,1627,1.4359861591695503e-05,0.411708801984787,848.170358598519
2026-09-21T02:36:47,1628,1.435601691657055e-05,0.2931715250015259,848.0943362256631
2026-09-21T02:37:29,1629,1.43521722414456e-05,0.27138352394104004,848.1127114097669
2026-09-21T02:37:51,1630,1.4348327566320648e-05,0.27885428071022034,848.1012883314376
2026-09-21T02:38:32,1631,1.4344482891195694e-05,0.26287001371383667,848.1134708734434
2026-09-21T02:38:52,1632,1.4340638216070744e-05,0.2278386652469635,848.0876715490816
2026-09-21T02:39:42,1633,1.433679354094579e-05,0.2255607545375824,848.0668699291558
2026-09-21T02:40:09,1634,1.4332948865820839e-05,0.2675180435180664,848.0759461434961
2026-09-21T02:41:15,1635,1.4329104190695889e-05,0.29370659589767456,848.0244114370457
2026-09-21T02:41:46,1636,1.4325259515570935e-05,0.2232862114906311,848.0337861487978
2026-09-21T02:42:23,1637,1.4321414840445983e-05,0.24963359534740448,848.0443809820695
2026-09-21T02:42:49,1638,1.431757016532103e-05,0.25569263100624084,848.0454928445834
2026-09-21T02:43:56,1639,1.431372549019608e-05,0.22419647872447968,848.0709027458913
2026-09-21T02:44:18,1640,1.4309880815071127e-05,0.22796466946601868,848.0578199297743
2026-09-21T02:44:59,1641,1.4306036139946175e-05,0.20445957779884338,848.0665166466811
2026-09-21T02:45:55,1642,1.4302191464821224e-05,0.2963131070137024,848.0590494064006
2026-09-21T02:46:27,1643,1.4298346789696271e-05,0.2195226103067398,848.0677475709283
2026-09-21T02:46:56,1644,1.429450211457132e-05,0.261821985244751,848.0875067703312
2026-09-21T02:47:56,1645,1.4290657439446367e-05,0.2510826885700226,848.0825438084154
2026-09-21T02:48:18,1646,1.4286812764321416e-05,0.19857990741729736,848.0683894048931
2026-09-21T02:48:49,1647,1.4282968089196465e-05,0.3125322461128235,848.0632020898483
2026-09-21T02:49:14,1648,1.4279123414071512e-05,0.30290287733078003,848.0730293822747
2026-09-21T02:49:38,1649,1.4275278738946561e-05,0.2366795837879181,848.0720262039321
2026-09-21T02:50:49,1650,1.4271434063821608e-05,0.2801745533943176,848.0275864963122
2026-09-21T02:52:04,1651,1.4267589388696657e-05,0.31631383299827576,847.9989098359608
2026-09-21T02:52:23,1652,1.4263744713571703e-05,0.22923541069030762,847.9853160514086
2026-09-21T02:52:54,1653,1.4259900038446753e-05,0.24808336794376373,847.9955083196049
2026-09-21T02:53:12,1654,1.4256055363321802e-05,0.21877790987491608,847.960058813766
2026-09-21T02:53:35,1655,1.4252210688196847e-05,0.17496773600578308,847.9467610863292
2026-09-21T02:54:27,1656,1.4248366013071896e-05,0.2990342080593109,847.9545802456998
2026-09-21T02:55:35,1657,1.4244521337946943e-05,0.3612574338912964,847.9124835655152
2026-09-21T02:56:04,1658,1.4240676662821992e-05,0.24224822223186493,847.9338752742428
2026-09-21T02:56:38,1659,1.4236831987697041e-05,0.3104036748409271,847.9552536847888
2026-09-21T02:57:41,1660,1.4232987312572088e-05,0.4911631643772125,847.8982957387831
2026-09-21T02:58:10,1661,1.4229142637447137e-05,0.21486249566078186,847.918437221258
2026-09-21T02:59:24,1662,1.4225297962322184e-05,0.35284560918807983,847.8768600531686
2026-09-21T02:59:55,1663,1.4221453287197233e-05,0.24676547944545746,847.8858005328026
2026-09-21T03:00:26,1664,1.421760861207228e-05,0.29800161719322205,847.9053623189794
2026-09-21T03:00:50,1665,1.4213763936947329e-05,0.23820528388023376,847.8951497035227
2026-09-21T03:01:24,1666,1.4209919261822378e-05,0.26589441299438477,847.9277106514216
2026-09-21T03:02:25,1667,1.4206074586697425e-05,0.29129815101623535,847.8720429102998
2026-09-21T03:03:02,1668,1.4202229911572474e-05,0.26893678307533264,847.8885802109841
2026-09-21T03:04:08,1669,1.4198385236447521e-05,0.2708899676799774,847.8490541785118
2026-09-21T03:04:36,1670,1.419454056132257e-05,0.2560085654258728,847.8560504811394
2026-09-21T03:05:14,1671,1.4190695886197619e-05,0.27951666712760925,847.8614941403143
2026-09-21T03:05:53,1672,1.4186851211072666e-05,0.22301508486270905,847.8787793201612
2026-09-21T03:06:20,1673,1.4183006535947715e-05,0.23890741169452667,847.8733960571947
2026-09-21T03:07:21,1674,1.417916186082276e-05,0.31628066301345825,847.8213849896157
2026-09-21T03:07:46,1675,1.417531718569781e-05,0.23550166189670563,847.8161678739589
2026-09-21T03:08:12,1676,1.4171472510572856e-05,0.3400874137878418,847.8150544624273
2026-09-21T03:09:07,1677,1.4167627835447905e-05,0.25000065565109253,847.8088418007834
2026-09-21T03:09:33,1678,1.4163783160322956e-05,0.24159209430217743,847.8057850224145
2026-09-21T03:10:19,1679,1.4159938485198001e-05,0.29802536964416504,847.8154949992586
2026-09-21T03:10:52,1680,1.415609381007305e-05,0.25896725058555603,847.8204969877644
2026-09-21T03:11:14,1681,1.4152249134948097e-05,0.2275203913450241,847.805274207392
2026-09-21T03:11:53,1682,1.4148404459823146e-05,0.2672990560531616,847.8518215643431
2026-09-21T03:12:23,1683,1.4144559784698195e-05,0.2300678789615631,847.8718713080125
2026-09-21T03:13:10,1684,1.4140715109573242e-05,0.2579861283302307,847.9085770869166
2026-09-21T03:13:45,1685,1.413687043444829e-05,0.21619372069835663,847.9304414921346
2026-09-21T03:14:20,1686,1.4133025759323338e-05,0.2564527690410614,847.9217231303998
2026-09-21T03:15:21,1687,1.4129181084198387e-05,0.3532302975654602,847.8538679390931
2026-09-21T03:16:32,1688,1.4125336409073434e-05,0.339345246553421,847.8094046426348
2026-09-21T03:17:07,1689,1.4121491733948483e-05,0.314736932516098,847.8300848812679
2026-09-21T03:17:59,1690,1.4117647058823532e-05,0.27824994921684265,847.8655554174366
2026-09-21T03:18:21,1691,1.4113802383698579e-05,0.23699533939361572,847.8607064131995
2026-09-21T03:20:09,1692,1.4109957708573628e-05,0.3157346248626709,847.7918912953174
2026-09-21T03:20:33,1693,1.4106113033448675e-05,0.23418575525283813,847.790041989747
2026-09-21T03:21:23,1694,1.4102268358323724e-05,0.2550828456878662,847.789772986029
2026-09-21T03:22:25,1695,1.4098423683198769e-05,0.3080446720123291,847.7437837651084
2026-09-21T03:23:14,1696,1.409457900807382e-05,0.2669689357280731,847.7618299418378
2026-09-21T03:24:32,1697,1.4090734332948868e-05,0.31664252281188965,847.7514058050209
2026-09-21T03:25:05,1698,1.4086889657823914e-05,0.22629700601100922,847.7498000380039
2026-09-21T03:25:40,1699,1.4083044982698963e-05,0.3220686614513397,847.7860695297438
2026-09-21T03:26:12,1700,1.407920030757401e-05,0.2577665448188782,847.7969410469086
2026-09-21T03:26:44,1701,1.4075355632449059e-05,0.24957045912742615,847.827844263848
2026-09-21T03:28:00,1702,1.4071510957324108e-05,0.25267037749290466,847.8035122668323
2026-09-21T03:28:36,1703,1.4067666282199155e-05,0.28512948751449585,847.8094906497186
2026-09-21T03:29:23,1704,1.4063821607074204e-05,0.2914332449436188,847.8428102097027
2026-09-21T03:30:26,1705,1.405997693194925e-05,0.26872801780700684,847.8170543219604
2026-09-21T03:31:11,1706,1.40561322568243e-05,0.2766290009021759,847.8086740515237
2026-09-21T03:31:39,1707,1.4052287581699347e-05,0.25689271092414856,847.8290081579978
2026-09-21T03:32:20,1708,1.4048442906574396e-05,0.26146143674850464,847.8543787775736
2026-09-21T03:32:42,1709,1.4044598231449444e-05,0.21094627678394318,847.8387797211053
2026-09-21T03:33:09,1710,1.4040753556324492e-05,0.25318098068237305,847.8354679233227
2026-09-21T03:33:33,1711,1.403690888119954e-05,0.20443488657474518,847.8341428261509
2026-09-21T03:33:55,1712,1.4033064206074588e-05,0.2843037545681,847.8210362252597
2026-09-21T03:35:15,1713,1.4029219530949636e-05,0.3615746796131134,847.7891387542098
2026-09-21T03:36:15,1714,1.4025374855824685e-05,0.35466644167900085,847.7641316261734
2026-09-21T03:36:51,1715,1.4021530180699732e-05,0.24222278594970703,847.7878962792695
2026-09-21T03:37:44,1716,1.4017685505574781e-05,0.2869711220264435,847.8226836004071
2026-09-21T03:38:06,1717,1.4013840830449827e-05,0.27119630575180054,847.8102201788345
2026-09-21T03:38:53,1718,1.4009996155324877e-05,0.25769907236099243,847.8319038522378
2026-09-21T03:39:21,1719,1.4006151480199923e-05,0.3026736378669739,847.8213861490663
2026-09-21T03:40:32,1720,1.4002306805074971e-05,0.29783302545547485,847.7901215893654
2026-09-21T03:40:58,1721,1.399846212995002e-05,0.29809921979904175,847.7860565564879
2026-09-21T03:41:58,1722,1.3994617454825067e-05,0.2655772566795349,847.8073036357174
2026-09-21T03:42:23,1723,1.3990772779700116e-05,0.2812795639038086,847.8067405972248
2026-09-21T03:42:43,1724,1.3986928104575163e-05,0.2606525123119354,847.7913934912045
2026-09-21T03:43:38,1725,1.3983083429450212e-05,0.2626749873161316,847.756943638851
2026-09-21T03:44:08,1726,1.3979238754325261e-05,0.4207015037536621,847.7578767750902
2026-09-21T03:44:49,1727,1.3975394079200308e-05,0.304187536239624,847.7250153715493
2026-09-21T03:45:42,1728,1.3971549404075357e-05,0.3180786967277527,847.7488982546422
2026-09-21T03:46:18,1729,1.3967704728950404e-05,0.2283693552017212,847.7831096110896
2026-09-21T03:46:57,1730,1.3963860053825453e-05,0.24904292821884155,847.8122929346433
2026-09-21T03:47:38,1731,1.39600153787005e-05,0.31443408131599426,847.8349473206827
2026-09-21T03:48:39,1732,1.395617070357555e-05,0.28964024782180786,847.7828471546553
2026-09-21T03:49:40,1733,1.3952326028450598e-05,0.2834371328353882,847.7190016482299
2026-09-21T03:50:06,1734,1.3948481353325645e-05,0.27371227741241455,847.717532514339
2026-09-21T03:50:56,1735,1.3944636678200694e-05,0.30039337277412415,847.7333991584316
2026-09-21T03:51:36,1736,1.3940792003075741e-05,0.3218619227409363,847.7713245930433
2026-09-21T03:52:07,1737,1.393694732795079e-05,0.2892831861972809,847.7789323017766
2026-09-21T03:53:24,1738,1.3933102652825839e-05,0.2525447607040405,847.7237259502762
2026-09-21T03:53:52,1739,1.3929257977700886e-05,0.24846583604812622,847.7347339455367
2026-09-21T03:55:02,1740,1.3925413302575935e-05,0.34169697761535645,847.7028801879519
2026-09-21T03:55:52,1741,1.392156862745098e-05,0.28934523463249207,847.7050305443648
2026-09-21T03:56:24,1742,1.3917723952326029e-05,0.23141318559646606,847.7267661524039
2026-09-21T03:56:41,1743,1.3913879277201076e-05,0.20216521620750427,847.6951762618985
2026-09-21T03:57:04,1744,1.3910034602076125e-05,0.351942777633667,847.6922120358879
2026-09-21T03:57:51,1745,1.3906189926951174e-05,0.25651443004608154,847.7160219838481
2026-09-21T03:58:24,1746,1.3902345251826221e-05,0.28537872433662415,847.722408606745
2026-09-21T03:59:01,1747,1.389850057670127e-05,0.20997969806194305,847.7212680340683
2026-09-21T03:59:28,1748,1.3894655901576317e-05,0.2663086950778961,847.7119575412516
2026-09-21T04:00:02,1749,1.3890811226451366e-05,0.27029848098754883,847.7138209028711
2026-09-21T04:00:21,1750,1.3886966551326415e-05,0.3066464066505432,847.6913001720305
2026-09-21T04:01:15,1751,1.3883121876201462e-05,0.2635534703731537,847.707739786068
2026-09-21T04:01:42,1752,1.387927720107651e-05,0.2231423258781433,847.7163567448615
2026-09-21T04:02:09,1753,1.3875432525951558e-05,0.25231072306632996,847.7249443473061
2026-09-21T04:02:41,1754,1.3871587850826607e-05,0.2069149911403656,847.7437229356864
2026-09-21T04:04:05,1755,1.3867743175701654e-05,0.3550565838813782,847.6846103696639
2026-09-21T04:04:38,1756,1.3863898500576703e-05,0.32090651988983154,847.7047667623784
2026-09-21T04:05:21,1757,1.3860053825451752e-05,0.2582814693450928,847.72839389257
2026-09-21T04:06:33,1758,1.3856209150326799e-05,0.3256312608718872,847.6900154307998
2026-09-21T04:07:22,1759,1.3852364475201848e-05,0.2718772888183594,847.6770722049564
2026-09-21T04:07:48,1760,1.3848519800076893e-05,0.23543086647987366,847.6642630245922
2026-09-21T04:08:12,1761,1.3844675124951944e-05,0.22255313396453857,847.6513936319001
2026-09-21T04:08:51,1762,1.3840830449826989e-05,0.23612099885940552,847.6791597778613
2026-09-21T04:09:26,1763,1.3836985774702038e-05,0.31226834654808044,847.7098555010483
2026-09-21T04:10:45,1764,1.3833141099577087e-05,0.2889876961708069,847.6787876811377
2026-09-21T04:11:16,1765,1.3829296424452134e-05,0.25710853934288025,847.7082844770918
2026-09-21T04:11:42,1766,1.3825451749327183e-05,0.24407914280891418,847.717014159378
2026-09-21T04:12:37,1767,1.382160707420223e-05,0.32863038778305054,847.7506909671465
2026-09-21T04:13:42,1768,1.3817762399077279e-05,0.21294045448303223,847.6992438186534
2026-09-21T04:14:33,1769,1.3813917723952328e-05,0.19750946760177612,847.7192722783229
2026-09-21T04:15:10,1770,1.3810073048827375e-05,0.27252817153930664,847.739377431326
2026-09-21T04:15:31,1771,1.3806228373702424e-05,0.24492233991622925,847.718503975644
2026-09-21T04:16:11,1772,1.380238369857747e-05,0.26112258434295654,847.7207257496734
2026-09-21T04:16:50,1773,1.379853902345252e-05,0.30778002738952637,847.7623381842615
2026-09-21T04:18:06,1774,1.3794694348327567e-05,0.28959405422210693,847.7450862505863
2026-09-21T04:19:10,1775,1.3790849673202616e-05,0.24137446284294128,847.6950269606056
2026-09-21T04:19:43,1776,1.3787004998077664e-05,0.30879369378089905,847.7025485162192
2026-09-21T04:20:03,1777,1.3783160322952712e-05,0.27884018421173096,847.6902098100817
2026-09-21T04:20:23,1778,1.377931564782776e-05,0.20505207777023315,847.66806102902
2026-09-21T04:20:43,1779,1.3775470972702808e-05,0.2577742338180542,847.6437583641198
2026-09-21T04:21:32,1780,1.3771626297577856e-05,0.27091699838638306,847.6450071898312
2026-09-21T04:22:21,1781,1.3767781622452905e-05,0.24955271184444427,847.666171782347
2026-09-21T04:22:47,1782,1.3763936947327952e-05,0.309905469417572,847.6690547378637
2026-09-21T04:24:14,1783,1.3760092272203001e-05,0.35942596197128296,847.6135843041897
2026-09-21T04:25:27,1784,1.3756247597078047e-05,0.2912169396877289,847.5841809112765
2026-09-21T04:26:14,1785,1.3752402921953096e-05,0.23281899094581604,847.6057444795589
2026-09-21T04:26:43,1786,1.3748558246828143e-05,0.23702868819236755,847.6246346452076
2026-09-21T04:27:15,1787,1.3744713571703192e-05,0.2571749687194824,847.6442946618994
2026-09-21T04:28:11,1788,1.374086889657824e-05,0.2966739237308502,847.6590538239258
2026-09-21T04:29:01,1789,1.3737024221453288e-05,0.33081942796707153,847.6782466718855
2026-09-21T04:29:27,1790,1.3733179546328336e-05,0.2766028642654419,847.6657577560952
2026-09-21T04:29:49,1791,1.3729334871203384e-05,0.28896960616111755,847.6588572767474
2026-09-21T04:31:04,1792,1.3725490196078432e-05,0.30394667387008667,847.612235256548
2026-09-21T04:31:38,1793,1.3721645520953481e-05,0.2849315404891968,847.6207183366179
2026-09-21T04:32:02,1794,1.3717800845828528e-05,0.2527199983596802,847.61464277719
2026-09-21T04:32:41,1795,1.3713956170703577e-05,0.20387038588523865,847.6430401328429
2026-09-21T04:33:02,1796,1.3710111495578624e-05,0.23342835903167725,847.6294405831217
2026-09-21T04:33:57,1797,1.3706266820453673e-05,0.37525105476379395,847.6672238041328
2026-09-21T04:35:08,1798,1.370242214532872e-05,0.35082870721817017,847.6269286670363
2026-09-21T04:35:34,1799,1.369857747020377e-05,0.16951540112495422,847.625225630208
2026-09-21T04:36:00,1800,1.3694732795078818e-05,0.26386207342147827,847.6237470868784
2026-09-21T04:37:07,1801,1.3690888119953865e-05,0.270425021648407,847.5738565814922
2026-09-21T04:37:40,1802,1.3687043444828914e-05,0.323741614818573,847.5815627294505
2026-09-21T04:38:14,1803,1.368319876970396e-05,0.24410155415534973,847.5895746627965
2026-09-21T04:38:54,1804,1.367935409457901e-05,0.23876012861728668,847.6035957788603
2026-09-21T04:39:21,1805,1.3675509419454059e-05,0.26731035113334656,847.6142294679879
2026-09-21T04:39:46,1806,1.3671664744329104e-05,0.21387822926044464,847.6133903992849
2026-09-21T04:40:22,1807,1.3667820069204153e-05,0.28531545400619507,847.6191979973328
2026-09-21T04:40:46,1808,1.36639753940792e-05,0.24137824773788452,847.6045447251925
2026-09-21T04:42:02,1809,1.366013071895425e-05,0.28730928897857666,847.5889719658693
2026-09-21T04:42:47,1810,1.3656286043829296e-05,0.21236185729503632,847.6178439268195
2026-09-21T04:43:30,1811,1.3652441368704345e-05,0.2508763074874878,847.6126301318643
2026-09-21T04:44:42,1812,1.3648596693579394e-05,0.295028954744339,847.5844845213761
2026-09-21T04:45:30,1813,1.3644752018454441e-05,0.23038393259048462,847.5935620802376
2026-09-21T04:45:54,1814,1.364090734332949e-05,0.2118833214044571,847.592144633531
2026-09-21T04:46:34,1815,1.3637062668204537e-05,0.32518088817596436,847.5756222288436
2026-09-21T04:47:07,1816,1.3633217993079586e-05,0.2545716166496277,847.5817106882462
2026-09-21T04:47:56,1817,1.3629373317954635e-05,0.2914394438266754,847.5837053149965
2026-09-21T04:48:28,1818,1.3625528642829682e-05,0.21855086088180542,847.5955997229786
2026-09-21T04:49:02,1819,1.3621683967704731e-05,0.23684260249137878,847.5883695232053
2026-09-21T04:49:40,1820,1.3617839292579778e-05,0.26624947786331177,847.6199193166676
2026-09-21T04:50:02,1821,1.3613994617454827e-05,0.25344884395599365,847.6054809345479
2026-09-21T04:50:49,1822,1.3610149942329874e-05,0.26322659850120544,847.6323636180808
2026-09-21T04:51:29,1823,1.3606305267204923e-05,0.34550341963768005,847.6495714593152
2026-09-21T04:51:57,1824,1.3602460592079972e-05,0.22953471541404724,847.6590691608536
2026-09-21T04:53:00,1825,1.3598615916955017e-05,0.19746047258377075,847.6169506024817
2026-09-21T04:53:48,1826,1.3594771241830068e-05,0.27383953332901,847.6701681494819
2026-09-21T04:54:52,1827,1.3590926566705113e-05,0.3121742904186249,847.6261099402733
2026-09-21T04:55:13,1828,1.3587081891580162e-05,0.2652907967567444,847.6126325753978
2026-09-21T04:55:37,1829,1.358323721645521e-05,0.21777920424938202,847.6010375351062
2026-09-21T04:56:02,1830,1.3579392541330258e-05,0.24976393580436707,847.6110123786174
2026-09-21T04:56:42,1831,1.3575547866205307e-05,0.2555222511291504,847.6412947224603
2026-09-21T04:57:20,1832,1.3571703191080354e-05,0.3128817081451416,847.6726353572953
2026-09-21T04:57:47,1833,1.3567858515955403e-05,0.22910352051258087,847.6768445221953
2026-09-21T04:58:15,1834,1.356401384083045e-05,0.2478819638490677,847.6958968952698
2026-09-21T04:58:40,1835,1.3560169165705499e-05,0.2986287772655487,847.7046968452246
2026-09-21T04:59:04,1836,1.3556324490580548e-05,0.2635030746459961,847.6979218800082
2026-09-21T04:59:38,1837,1.3552479815455595e-05,0.2584056258201599,847.7148563480636
2026-09-21T05:00:00,1838,1.3548635140330644e-05,0.31350940465927124,847.6910232609879
2026-09-21T05:00:51,1839,1.3544790465205691e-05,0.2370160073041916,847.710010204746
2026-09-21T05:01:20,1840,1.354094579008074e-05,0.2676737904548645,847.709697522891
2026-09-21T05:02:43,1841,1.3537101114955787e-05,0.30043813586235046,847.6692863751891
2026-09-21T05:03:19,1842,1.3533256439830836e-05,0.30909720063209534,847.6879363421267
2026-09-21T05:03:46,1843,1.3529411764705885e-05,0.24642282724380493,847.695273961054
2026-09-21T05:04:40,1844,1.3525567089580932e-05,0.27094751596450806,847.6828906228473
2026-09-21T05:05:09,1845,1.352172241445598e-05,0.24639223515987396,847.6894694474081
2026-09-21T05:06:29,1846,1.3517877739331026e-05,0.41280633211135864,847.6679522568464
2026-09-21T05:07:06,1847,1.3514033064206077e-05,0.28671592473983765,847.6893266117022
2026-09-21T05:07:54,1848,1.3510188389081125e-05,0.2659028470516205,847.6758971681334
2026-09-21T05:08:22,1849,1.3506343713956171e-05,0.2636113464832306,847.6784504622527
2026-09-21T05:09:46,1850,1.350249903883122e-05,0.3019711971282959,847.6448168956679
2026-09-21T05:10:25,1851,1.3498654363706267e-05,0.29656076431274414,847.6406355167726
2026-09-21T05:11:18,1852,1.3494809688581316e-05,0.21938252449035645,847.6330145051804
2026-09-21T05:12:00,1853,1.3490965013456363e-05,0.24410180747509003,847.6591058662553
2026-09-21T05:12:28,1854,1.3487120338331412e-05,0.21301528811454773,847.6485660410282
2026-09-21T05:13:03,1855,1.348327566320646e-05,0.24245697259902954,847.6404096692556
2026-09-21T05:14:05,1856,1.3479430988081508e-05,0.3178098797798157,847.5950070831624
2026-09-21T05:14:32,1857,1.3475586312956557e-05,0.2725379765033722,847.5924120101411
2026-09-21T05:14:53,1858,1.3471741637831604e-05,0.23513752222061157,847.580048560565
2026-09-21T05:16:02,1859,1.3467896962706653e-05,0.22062824666500092,847.5332999412425
2026-09-21T05:16:39,1860,1.3464052287581701e-05,0.26734840869903564,847.5510955406389
2026-09-21T05:17:13,1861,1.3460207612456749e-05,0.2540495693683624,847.5702626701799
2026-09-21T05:17:44,1862,1.3456362937331797e-05,0.20128466188907623,847.5896154529845
2026-09-21T05:18:35,1863,1.3452518262206845e-05,0.36818617582321167,847.6088171827802
2026-09-21T05:18:59,1864,1.3448673587081893e-05,0.19791941344738007,847.6024720650621
2026-09-21T05:19:59,1865,1.344482891195694e-05,0.3581259250640869,847.6310388124873
2026-09-21T05:20:26,1866,1.344098423683199e-05,0.2686304450035095,847.6316446566607
2026-09-21T05:21:04,1867,1.3437139561707038e-05,0.2580336332321167,847.659890664818
2026-09-21T05:22:13,1868,1.3433294886582084e-05,0.26699942350387573,847.648270963912
2026-09-21T05:22:46,1869,1.3429450211457134e-05,0.2776968777179718,847.6674729337159
2026-09-21T05:23:27,1870,1.342560553633218e-05,0.28495287895202637,847.681100467923
2026-09-21T05:24:00,1871,1.3421760861207228e-05,0.2691015899181366,847.692486802678
2026-09-21T05:24:41,1872,1.3417916186082279e-05,0.2797994613647461,847.7201835702996
2026-09-21T05:25:32,1873,1.3414071510957324e-05,0.308517724275589,847.7388871049166
2026-09-21T05:26:24,1874,1.3410226835832373e-05,0.327847957611084,847.6887950447085
2026-09-21T05:26:54,1875,1.340638216070742e-05,0.2354615330696106,847.7050873786359
2026-09-21T05:27:45,1876,1.340253748558247e-05,0.2829350233078003,847.7403039558315
2026-09-21T05:28:15,1877,1.3398692810457516e-05,0.2986465096473694,847.7587349636648
2026-09-21T05:29:33,1878,1.3394848135332565e-05,0.23548275232315063,847.7411464710774
2026-09-21T05:30:09,1879,1.3391003460207614e-05,0.2947535514831543,847.7737690964987
2026-09-21T05:30:47,1880,1.3387158785082661e-05,0.2049887478351593,847.7914711042662
2026-09-21T05:31:39,1881,1.338331410995771e-05,0.28907328844070435,847.7892717065067
2026-09-21T05:32:24,1882,1.3379469434832757e-05,0.2997463643550873,847.7997299484975
2026-09-21T05:33:43,1883,1.3375624759707806e-05,0.2713801860809326,847.7973042789547
2026-09-21T05:34:16,1884,1.3371780084582855e-05,0.2523595988750458,847.8161733147722
2026-09-21T05:34:51,1885,1.3367935409457902e-05,0.3390076458454132,847.8320430116286
2026-09-21T05:35:57,1886,1.3364090734332951e-05,0.35961365699768066,847.7819493261143
2026-09-21T05:36:37,1887,1.3360246059207998e-05,0.2557736039161682,847.7966869592047
2026-09-21T05:37:23,1888,1.3356401384083047e-05,0.32101720571517944,847.8308403650481
2026-09-21T05:37:49,1889,1.3352556708958092e-05,0.23114226758480072,847.8274110813194
2026-09-21T05:38:11,1890,1.3348712033833143e-05,0.258748322725296,847.8161345704785
2026-09-21T05:39:35,1891,1.3344867358708192e-05,0.3421052098274231,847.7785266927697
2026-09-21T05:40:08,1892,1.3341022683583237e-05,0.3108772039413452,847.7858650296691
2026-09-21T05:41:44,1893,1.3337178008458286e-05,0.28962448239326477,847.7619883715892
2026-09-21T05:42:20,1894,1.3333333333333333e-05,0.24046240746974945,847.7913277675256
2026-09-21T05:43:07,1895,1.3329488658208382e-05,0.28979405760765076,847.8046206723044
2026-09-21T05:43:40,1896,1.332564398308343e-05,0.3264762759208679,847.8207362351227
2026-09-21T05:44:14,1897,1.3321799307958478e-05,0.22618678212165833,847.8217697281009
2026-09-21T05:46:15,1898,1.3317954632833527e-05,0.27529358863830566,847.7203700607477
2026-09-21T05:46:57,1899,1.3314109957708574e-05,0.23259344696998596,847.7388674669105
2026-09-21T05:47:33,1900,1.3310265282583623e-05,0.27690428495407104,847.755394504456
2026-09-21T05:47:55,1901,1.330642060745867e-05,0.20889922976493835,847.7427024568311
2026-09-21T05:48:24,1902,1.3302575932333719e-05,0.28339698910713196,847.7602918201782
2026-09-21T05:48:55,1903,1.3298731257208768e-05,0.2899136245250702,847.7648465291817
2026-09-21T05:49:36,1904,1.3294886582083815e-05,0.35097527503967285,847.7989825256968
2026-09-21T05:50:23,1905,1.3291041906958864e-05,0.26306283473968506,847.8314599347467
2026-09-21T05:51:28,1906,1.3287197231833911e-05,0.33016717433929443,847.8208613053814
2026-09-21T05:52:26,1907,1.328335255670896e-05,0.31384292244911194,847.752839270206
2026-09-21T05:52:57,1908,1.3279507881584007e-05,0.23907078802585602,847.7488950778087
2026-09-21T05:53:20,1909,1.3275663206459056e-05,0.25535300374031067,847.7394889512074
2026-09-21T05:54:31,1910,1.3271818531334105e-05,0.3225027322769165,847.7566521716178
2026-09-21T05:55:24,1911,1.326797385620915e-05,0.31598442792892456,847.7977280592115
2026-09-21T05:55:48,1912,1.32641291810842e-05,0.213691845536232,847.7980647985455
2026-09-21T05:57:05,1913,1.3260284505959246e-05,0.31045132875442505,847.771226948354
2026-09-21T05:57:33,1914,1.3256439830834295e-05,0.28561919927597046,847.7678608474694
2026-09-21T05:57:57,1915,1.3252595155709344e-05,0.2620038390159607,847.7617071078987
2026-09-21T05:59:06,1916,1.3248750480584391e-05,0.28356897830963135,847.744142849462
2026-09-21T05:59:53,1917,1.324490580545944e-05,0.2403857558965683,847.7333456655099
2026-09-21T06:00:21,1918,1.3241061130334487e-05,0.24408817291259766,847.7505652991017
2026-09-21T06:00:58,1919,1.3237216455209536e-05,0.27674150466918945,847.7894311792365
2026-09-21T06:01:26,1920,1.3233371780084583e-05,0.2091909646987915,847.7979367938453
2026-09-21T06:01:46,1921,1.3229527104959632e-05,0.27997106313705444,847.7638376827573
2026-09-21T06:02:23,1922,1.322568242983468e-05,0.2272452712059021,847.7587258295271
2026-09-21T06:02:54,1923,1.3221837754709728e-05,0.2507624626159668,847.7568896106553
2026-09-21T06:03:29,1924,1.3217993079584777e-05,0.28443455696105957,847.7476539062257
2026-09-21T06:04:26,1925,1.3214148404459824e-05,0.35514718294143677,847.8060221036218
2026-09-21T06:05:04,1926,1.3210303729334873e-05,0.2584311366081238,847.8236107102641
2026-09-21T06:05:50,1927,1.3206459054209921e-05,0.2262597531080246,847.8260956960034
2026-09-21T06:06:53,1928,1.3202614379084969e-05,0.24917066097259521,847.7979178793587
2026-09-21T06:07:15,1929,1.3198769703960017e-05,0.21639804542064667,847.7863913071336
2026-09-21T06:08:04,1930,1.3194925028835065e-05,0.26531481742858887,847.7901284256917
2026-09-21T06:08:37,1931,1.3191080353710113e-05,0.2878766655921936,847.8075613843872
2026-09-21T06:09:26,1932,1.3187235678585159e-05,0.30717962980270386,847.8121078097178
2026-09-21T06:09:53,1933,1.318339100346021e-05,0.32284289598464966,847.8203629442138
2026-09-21T06:10:36,1934,1.3179546328335258e-05,0.2707042694091797,847.8350436591395
2026-09-21T06:11:41,1935,1.3175701653210304e-05,0.29220879077911377,847.8138746530069
2026-09-21T06:12:26,1936,1.3171856978085353e-05,0.26516398787498474,847.8460836529107
2026-09-21T06:13:01,1937,1.31680123029604e-05,0.4226599335670471,847.8638304077602
2026-09-21T06:13:29,1938,1.3164167627835449e-05,0.28864163160324097,847.8595723985574
2026-09-21T06:13:51,1939,1.3160322952710497e-05,0.23063220083713531,847.8478379012475
2026-09-21T06:14:14,1940,1.3156478277585545e-05,0.21042633056640625,847.8336631429461
2026-09-21T06:14:41,1941,1.3152633602460593e-05,0.22810804843902588,847.8339289189306
2026-09-21T06:15:30,1942,1.314878892733564e-05,0.2962625026702881,847.8462623018081
2026-09-21T06:15:58,1943,1.314494425221069e-05,0.24330802261829376,847.856033505643
2026-09-21T06:16:23,1944,1.3141099577085737e-05,0.3056741952896118,847.8540339426704
2026-09-21T06:17:14,1945,1.3137254901960785e-05,0.3053487539291382,847.8567211830929
2026-09-21T06:17:46,1946,1.3133410226835834e-05,0.3029017448425293,847.8661756211807
2026-09-21T06:18:35,1947,1.3129565551710881e-05,0.33851343393325806,847.8864793808125
2026-09-21T06:20:00,1948,1.312572087658593e-05,0.25609639286994934,847.8541370167233
2026-09-21T06:20:39,1949,1.3121876201460977e-05,0.35235506296157837,847.8773641582218
2026-09-21T06:21:30,1950,1.3118031526336026e-05,0.2558928430080414,847.9123571010197
2026-09-21T06:21:56,1951,1.3114186851211075e-05,0.2735517621040344,847.9108953392066
2026-09-21T06:22:31,1952,1.3110342176086122e-05,0.21716104447841644,847.9147525119996
2026-09-21T06:22:57,1953,1.3106497500961171e-05,0.3174940347671509,847.9316330046528
2026-09-21T06:23:25,1954,1.3102652825836217e-05,0.3308107852935791,847.9414343731668
2026-09-21T06:24:05,1955,1.3098808150711267e-05,0.25428181886672974,847.9784060799425
2026-09-21T06:24:32,1956,1.3094963475586313e-05,0.24628853797912598,847.971799211973
2026-09-21T06:25:03,1957,1.3091118800461361e-05,0.3247039318084717,847.9802366814939
2026-09-21T06:25:47,1958,1.308727412533641e-05,0.3214605152606964,848.003148092304
2026-09-21T06:26:24,1959,1.3083429450211457e-05,0.2929021120071411,848.0161972248466
2026-09-21T06:27:21,1960,1.3079584775086506e-05,0.2976382374763489,847.9940332595709
2026-09-21T06:28:21,1961,1.3075740099961553e-05,0.25351864099502563,848.0124558875934
2026-09-21T06:29:16,1962,1.3071895424836602e-05,0.29238811135292053,847.9547149635604
2026-09-21T06:29:44,1963,1.306805074971165e-05,0.2538289427757263,847.940727113064
2026-09-21T06:30:41,1964,1.3064206074586698e-05,0.22869233787059784,847.9418081699861
2026-09-21T06:31:14,1965,1.3060361399461747e-05,0.23146465420722961,847.9593055835886
2026-09-21T06:31:42,1966,1.3056516724336794e-05,0.20994865894317627,847.9662115616082
2026-09-21T06:32:21,1967,1.3052672049211843e-05,0.2703716456890106,847.9828980626836
2026-09-21T06:32:51,1968,1.304882737408689e-05,0.23239514231681824,847.9801759086955
2026-09-21T06:33:26,1969,1.3044982698961939e-05,0.22259145975112915,847.9729635383117
2026-09-21T06:34:26,1970,1.3041138023836988e-05,0.2808000147342682,848.020580468067
2026-09-21T06:35:02,1971,1.3037293348712035e-05,0.29474908113479614,848.0358860365676
2026-09-21T06:36:25,1972,1.3033448673587084e-05,0.31010866165161133,847.9885689858137
2026-09-21T06:37:05,1973,1.3029603998462131e-05,0.30157071352005005,848.0015246602121
2026-09-21T06:37:48,1974,1.302575932333718e-05,0.2608188986778259,848.0100365684555
2026-09-21T06:38:06,1975,1.3021914648212225e-05,0.2761158347129822,847.9891259250187
2026-09-21T06:38:42,1976,1.3018069973087274e-05,0.2601836323738098,848.0046047509231
2026-09-21T06:39:02,1977,1.3014225297962325e-05,0.2271895408630371,847.9857979142463
2026-09-21T06:39:49,1978,1.301038062283737e-05,0.38082849979400635,847.9919718184558
2026-09-21T06:40:14,1979,1.3006535947712419e-05,0.24192196130752563,847.9936978234039
2026-09-21T06:40:45,1980,1.3002691272587466e-05,0.21764245629310608,847.9946598081401
2026-09-21T06:41:35,1981,1.2998846597462515e-05,0.33268076181411743,847.9894211732113
2026-09-21T06:42:04,1982,1.2995001922337564e-05,0.22347289323806763,848.0074654019621
2026-09-21T06:42:27,1983,1.2991157247212611e-05,0.31152597069740295,847.9945242311579
2026-09-21T06:43:13,1984,1.298731257208766e-05,0.30263179540634155,848.029940940537
2026-09-21T06:44:12,1985,1.2983467896962707e-05,0.2808143198490143,848.0553357740754
2026-09-21T06:44:45,1986,1.2979623221837756e-05,0.2590470016002655,848.0727457270668
2026-09-21T06:45:19,1987,1.2975778546712803e-05,0.25669214129447937,848.0919997790388
2026-09-21T06:46:12,1988,1.2971933871587852e-05,0.3382841646671295,848.1210632128342
2026-09-21T06:46:37,1989,1.29680891964629e-05,0.2663581073284149,848.1371313767113
2026-09-21T06:46:58,1990,1.2964244521337948e-05,0.2540440857410431,848.1155512145051
2026-09-21T06:47:30,1991,1.2960399846212997e-05,0.27882134914398193,848.1304466933798
2026-09-21T06:47:59,1992,1.2956555171088044e-05,0.18170270323753357,848.1396996847346
2026-09-21T06:48:28,1993,1.2952710495963093e-05,0.23565718531608582,848.1366626398445
2026-09-21T06:48:53,1994,1.2948865820838142e-05,0.32190239429473877,848.1419697916483
2026-09-21T06:49:29,1995,1.2945021145713189e-05,0.29644647240638733,848.1687381222516
2026-09-21T06:50:43,1996,1.2941176470588238e-05,0.3712969422340393,848.164651563742
2026-09-21T06:51:44,1997,1.2937331795463283e-05,0.24900630116462708,848.1189164804749
2026-09-21T06:52:25,1998,1.2933487120338334e-05,0.22136616706848145,848.1291581976037
2026-09-21T06:53:18,1999,1.2929642445213379e-05,0.33227428793907166,848.1546114341857
2026-09-21T06:53:51,2000,1.2925797770088428e-05,0.3031754493713379,848.161606480439
2026-09-21T06:54:20,2001,1.2921953094963477e-05,0.270962119102478,848.170175332094
2026-09-21T06:54:45,2002,1.2918108419838524e-05,0.2129586637020111,848.1577850272666
2026-09-21T06:55:22,2003,1.2914263744713573e-05,0.24543580412864685,848.1422485541417
2026-09-21T06:56:09,2004,1.291041906958862e-05,0.23532618582248688,848.1586444943858
2026-09-21T06:56:36,2005,1.2906574394463669e-05,0.24968372285366058,848.1657059344209
2026-09-21T06:56:58,2006,1.2902729719338718e-05,0.267782062292099,848.1445611048852
2026-09-21T06:57:41,2007,1.2898885044213765e-05,0.25702038407325745,848.1594087820594
2026-09-21T06:58:37,2008,1.2895040369088814e-05,0.26817888021469116,848.1323875152981
2026-09-21T06:59:11,2009,1.289119569396386e-05,0.22182996571063995,848.1340753267294
2026-09-21T07:00:06,2010,1.288735101883891e-05,0.2485004961490631,848.1634918413968
2026-09-21T07:00:53,2011,1.2883506343713957e-05,0.28963565826416016,848.149246225274
2026-09-21T07:01:54,2012,1.2879661668589006e-05,0.27662813663482666,848.1064990279539
2026-09-21T07:02:43,2013,1.2875816993464054e-05,0.30353960394859314,848.1108320331766
2026-09-21T07:03:27,2014,1.2871972318339102e-05,0.23620058596134186,848.1315841563134
2026-09-21T07:04:04,2015,1.286812764321415e-05,0.3210703134536743,848.1350594793067
2026-09-21T07:04:53,2016,1.2864282968089198e-05,0.21847288310527802,848.149978354444
2026-09-21T07:05:20,2017,1.2860438292964246e-05,0.20365911722183228,848.1470798369072
2026-09-21T07:05:43,2018,1.2856593617839295e-05,0.24814242124557495,848.133717741897
2026-09-21T07:06:14,2019,1.285274894271434e-05,0.2738812565803528,848.1546599226737
2026-09-21T07:06:40,2020,1.2848904267589391e-05,0.2369338870048523,848.1529133491812
2026-09-21T07:07:01,2021,1.2845059592464437e-05,0.2439606636762619,848.1334363456954
2026-09-21T07:07:31,2022,1.2841214917339485e-05,0.21571172773838043,848.1426449972754
2026-09-21T07:07:53,2023,1.2837370242214533e-05,0.1543397307395935,848.1305528339979
2026-09-21T07:09:22,2024,1.2833525567089581e-05,0.2856519818305969,848.0623277075058
2026-09-21T07:10:06,2025,1.282968089196463e-05,0.24951379001140594,848.053603971726
2026-09-21T07:10:45,2026,1.2825836216839677e-05,0.27368009090423584,848.080271775549
2026-09-21T07:12:04,2027,1.2821991541714726e-05,0.3072602152824402,848.1073877626225
2026-09-21T07:12:49,2028,1.2818146866589773e-05,0.27948498725891113,848.1126841168209
2026-09-21T07:13:14,2029,1.2814302191464822e-05,0.2576737701892853,848.1042269118277
2026-09-21T07:13:49,2030,1.281045751633987e-05,0.2516334056854248,848.118929066094
2026-09-21T07:14:14,2031,1.2806612841214918e-05,0.22855708003044128,848.1190974420199
2026-09-21T07:14:49,2032,1.2802768166089967e-05,0.2275465428829193,848.135222387504
2026-09-21T07:15:23,2033,1.2798923490965014e-05,0.237320214509964,848.1522433370332
2026-09-21T07:15:45,2034,1.2795078815840063e-05,0.21134035289287567,848.1499596709326
2026-09-21T07:16:15,2035,1.279123414071511e-05,0.23779140412807465,848.156959236903
2026-09-21T07:16:58,2036,1.278738946559016e-05,0.31941187381744385,848.2026748040357
2026-09-21T07:17:27,2037,1.2783544790465208e-05,0.32565242052078247,848.2204959858265
2026-09-21T07:18:12,2038,1.2779700115340255e-05,0.248357892036438,848.237662526392
2026-09-21T07:18:33,2039,1.2775855440215304e-05,0.19065652787685394,848.2184035523703
2026-09-21T07:19:12,2040,1.277201076509035e-05,0.2594078779220581,848.2330041570241
2026-09-21T07:19:35,2041,1.27681660899654e-05,0.22807079553604126,848.2186073570763
2026-09-21T07:20:03,2042,1.2764321414840445e-05,0.24242961406707764,848.2392751415265
2026-09-21T07:20:50,2043,1.2760476739715494e-05,0.2431732416152954,848.258108974503
2026-09-21T07:21:53,2044,1.2756632064590543e-05,0.2967674136161804,848.2149319825276
2026-09-21T07:23:09,2045,1.275278738946559e-05,0.32635360956192017,848.1779164237087
2026-09-21T07:23:47,2046,1.2748942714340639e-05,0.26521122455596924,848.1840751144719
2026-09-21T07:24:41,2047,1.2745098039215686e-05,0.2659503221511841,848.2068063032511
2026-09-21T07:25:13,2048,1.2741253364090735e-05,0.2517874538898468,848.2151233043779
2026-09-21T07:26:03,2049,1.2737408688965784e-05,0.2640385627746582,848.2255261464334
2026-09-21T07:26:43,2050,1.2733564013840831e-05,0.2890234887599945,848.2476018211911
2026-09-21T07:27:16,2051,1.272971933871588e-05,0.28948038816452026,848.2661550318327
2026-09-21T07:28:09,2052,1.2725874663590927e-05,0.32710155844688416,848.2937647382602
2026-09-21T07:28:39,2053,1.2722029988465976e-05,0.21785631775856018,848.2996702851891
2026-09-21T07:29:02,2054,1.2718185313341023e-05,0.21576052904129028,848.2925738719321
2026-09-21T07:30:12,2055,1.2714340638216072e-05,0.2607441246509552,848.2455338895755
2026-09-21T07:31:33,2056,1.271049596309112e-05,0.4116535484790802,848.2475246499529
2026-09-21T07:32:21,2057,1.2706651287966168e-05,0.2857699990272522,848.2696604053643
2026-09-21T07:32:47,2058,1.2702806612841217e-05,0.24059930443763733,848.267213102708
2026-09-21T07:33:21,2059,1.2698961937716264e-05,0.22122511267662048,848.270819764511
2026-09-21T07:34:05,2060,1.2695117262591313e-05,0.22330573201179504,848.2697091319832
2026-09-21T07:34:58,2061,1.2691272587466362e-05,0.29315128922462463,848.3001058824282
2026-09-21T07:36:00,2062,1.2687427912341407e-05,0.18598809838294983,848.2465302051198
2026-09-21T07:36:35,2063,1.2683583237216458e-05,0.29951295256614685,848.2647315915266
2026-09-21T07:37:09,2064,1.2679738562091503e-05,0.21533718705177307,848.2680675527241
2026-09-21T07:37:51,2065,1.2675893886966552e-05,0.351813942193985,848.2920258855238
2026-09-21T07:38:32,2066,1.2672049211841599e-05,0.2743191719055176,848.3135180887737
2026-09-21T07:39:06,2067,1.2668204536716648e-05,0.2586577534675598,848.3323033641582
2026-09-21T07:39:35,2068,1.2664359861591697e-05,0.19381557404994965,848.3477342298542
2026-09-21T07:40:00,2069,1.2660515186466744e-05,0.20203734934329987,848.3496284993228
2026-09-21T07:40:35,2070,1.2656670511341793e-05,0.2696821689605713,848.3678972979721
2026-09-21T07:41:23,2071,1.265282583621684e-05,0.28250086307525635,848.3890058229128
2026-09-21T07:42:09,2072,1.2648981161091889e-05,0.27728378772735596,848.4025531703801
2026-09-21T07:42:28,2073,1.2645136485966938e-05,0.23957082629203796,848.3814298343256
2026-09-21T07:43:19,2074,1.2641291810841985e-05,0.27757829427719116,848.3909680909024
2026-09-21T07:44:05,2075,1.2637447135717034e-05,0.2802574634552002,848.4079800595034
2026-09-21T07:44:29,2076,1.263360246059208e-05,0.22747214138507843,848.409086860826
2026-09-21T07:45:01,2077,1.262975778546713e-05,0.327898234128952,848.4177475124666
2026-09-21T07:45:38,2078,1.2625913110342177e-05,0.26343005895614624,848.4346219731423
2026-09-21T07:46:20,2079,1.2622068435217226e-05,0.26225894689559937,848.4396377381288
2026-09-21T07:47:05,2080,1.2618223760092274e-05,0.2176179587841034,848.4752509839003
2026-09-21T07:47:35,2081,1.2614379084967322e-05,0.250720739364624,848.480649620392
2026-09-21T07:48:16,2082,1.261053440984237e-05,0.23979493975639343,848.486316231059
2026-09-21T07:49:18,2083,1.2606689734717416e-05,0.24069169163703918,848.4555312680976
2026-09-21T07:50:19,2084,1.2602845059592466e-05,0.2802884578704834,848.4645823533344
2026-09-21T07:51:11,2085,1.2599000384467515e-05,0.26776114106178284,848.4640689805551
2026-09-21T07:51:47,2086,1.259515570934256e-05,0.2600632309913635,848.4687478737985
2026-09-21T07:52:15,2087,1.259131103421761e-05,0.2700634002685547,848.476634250285
2026-09-21T07:52:51,2088,1.2587466359092657e-05,0.3153855800628662,848.4806572968804
2026-09-21T07:53:18,2089,1.2583621683967706e-05,0.2320788949728012,848.4793972607849
2026-09-21T07:54:35,2090,1.2579777008842753e-05,0.274757444858551,848.4464501945652
2026-09-21T07:54:58,2091,1.2575932333717802e-05,0.2529439926147461,848.4514441225242
2026-09-21T07:55:26,2092,1.257208765859285e-05,0.23042631149291992,848.4587683048518
2026-09-21T07:56:00,2093,1.2568242983467898e-05,0.27418339252471924,848.4751177929918
2026-09-21T07:56:38,2094,1.2564398308342946e-05,0.27904748916625977,848.4917927969512
2026-09-21T07:57:00,2095,1.2560553633217994e-05,0.24398404359817505,848.4691193197801
2026-09-21T07:57:48,2096,1.2556708958093042e-05,0.23819321393966675,848.4595496461665
2026-09-21T07:58:34,2097,1.255286428296809e-05,0.20038923621177673,848.4392660186254
2026-09-21T07:59:03,2098,1.2549019607843138e-05,0.2200588881969452,848.432182635477
2026-09-21T08:00:20,2099,1.2545174932718187e-05,0.3342150151729584,848.403349563805
2026-09-21T08:01:37,2100,1.2541330257593234e-05,0.26976490020751953,848.3656804437246
2026-09-21T08:02:16,2101,1.2537485582468283e-05,0.34936070442199707,848.3754428907108
2026-09-21T08:02:48,2102,1.253364090734333e-05,0.2625899314880371,848.3828573739426
2026-09-21T08:03:40,2103,1.252979623221838e-05,0.2614220678806305,848.3792699287972
2026-09-21T08:04:11,2104,1.2525951557093428e-05,0.2525526285171509,848.388585250786
2026-09-21T08:05:24,2105,1.2522106881968474e-05,0.22612448036670685,848.4009705116896
2026-09-21T08:06:04,2106,1.2518262206843524e-05,0.261517196893692,848.3963068824264
2026-09-21T08:06:56,2107,1.251441753171857e-05,0.2727181315422058,848.4049246307129
2026-09-21T08:08:01,2108,1.2510572856593618e-05,0.3194172978401184,848.3617925582457
2026-09-21T08:08:55,2109,1.2506728181468666e-05,0.32768356800079346,848.3822085349688
2026-09-21T08:09:22,2110,1.2502883506343714e-05,0.25543347001075745,848.3717107562088
2026-09-21T08:09:51,2111,1.2499038831218763e-05,0.2786654829978943,848.361960179406
2026-09-21T08:10:15,2112,1.249519415609381e-05,0.23548364639282227,848.3427674788063
2026-09-21T08:10:57,2113,1.249134948096886e-05,0.33929285407066345,848.3699807860129
2026-09-21T08:12:04,2114,1.2487504805843906e-05,0.3421104848384857,848.3800375877659
2026-09-21T08:12:36,2115,1.2483660130718955e-05,0.30055874586105347,848.3974569755155
2026-09-21T08:12:59,2116,1.2479815455594004e-05,0.29542627930641174,848.39569991275
2026-09-21T08:13:31,2117,1.2475970780469051e-05,0.26567578315734863,848.4127637273116
2026-09-21T08:14:16,2118,1.24721261053441e-05,0.3625295162200928,848.4267879511501
2026-09-21T08:14:48,2119,1.2468281430219147e-05,0.193855881690979,848.4510923967318
2026-09-21T08:15:47,2120,1.2464436755094196e-05,0.2931932210922241,848.4824162171602
2026-09-21T08:16:23,2121,1.2460592079969243e-05,0.28373807668685913,848.4982753512733
2026-09-21T08:16:57,2122,1.2456747404844292e-05,0.23062285780906677,848.5078499643421
2026-09-21T08:17:28,2123,1.2452902729719341e-05,0.22065335512161255,848.535230707366
2026-09-21T08:17:56,2124,1.2449058054594388e-05,0.3166867196559906,848.5373509586872
2026-09-21T08:18:21,2125,1.2445213379469437e-05,0.3401932120323181,848.5452011679661
2026-09-21T08:18:43,2126,1.2441368704344482e-05,0.21593907475471497,848.5325808826698
2026-09-21T08:19:25,2127,1.2437524029219533e-05,0.2968389689922333,848.5565828601044
2026-09-21T08:20:07,2128,1.2433679354094582e-05,0.24451591074466705,848.5460958935698
2026-09-21T08:20:38,2129,1.2429834678969627e-05,0.2796393632888794,848.5533879221708
2026-09-21T08:21:42,2130,1.2425990003844676e-05,0.22747448086738586,848.5104540716276
2026-09-21T08:22:15,2131,1.2422145328719723e-05,0.23419910669326782,848.4764508424479
2026-09-21T08:22:48,2132,1.2418300653594772e-05,0.24367886781692505,848.4810085633716
2026-09-21T08:23:18,2133,1.241445597846982e-05,0.3163965344429016,848.4965644598768
2026-09-21T08:23:49,2134,1.2410611303344868e-05,0.19484536349773407,848.511048667321
2026-09-21T08:24:25,2135,1.2406766628219917e-05,0.2637391984462738,848.5256121392109
2026-09-21T08:25:21,2136,1.2402921953094964e-05,0.18664009869098663,848.4935751882429
2026-09-21T08:25:45,2137,1.2399077277970013e-05,0.23414713144302368,848.483200784706
2026-09-21T08:26:11,2138,1.239523260284506e-05,0.2511897087097168,848.4819281701581
2026-09-21T08:27:14,2139,1.2391387927720109e-05,0.3056839108467102,848.4391235375615
2026-09-21T08:27:39,2140,1.2387543252595158e-05,0.2612822651863098,848.4350377819104
2026-09-21T08:28:19,2141,1.2383698577470205e-05,0.18665441870689392,848.4293835791414
2026-09-21T08:28:47,2142,1.2379853902345254e-05,0.20988653600215912,848.445304865635
2026-09-21T08:29:24,2143,1.2376009227220301e-05,0.27188676595687866,848.4492196075473
2026-09-21T08:30:35,2144,1.237216455209535e-05,0.30879080295562744,848.4246949086777
2026-09-21T08:31:05,2145,1.2368319876970397e-05,0.24132497608661652,848.4405789971559
2026-09-21T08:31:37,2146,1.2364475201845446e-05,0.23587483167648315,848.4553226640093
2026-09-21T08:32:56,2147,1.2360630526720495e-05,0.3366597592830658,848.4452513267197
2026-09-21T08:33:50,2148,1.235678585159554e-05,0.29650989174842834,848.4319024539632
2026-09-21T08:35:02,2149,1.235294117647059e-05,0.2695873975753784,848.3981398163533
2026-09-21T08:35:38,2150,1.2349096501345636e-05,0.3155475854873657,848.3991464776869
2026-09-21T08:36:08,2151,1.2345251826220685e-05,0.23329412937164307,848.3978041265046
2026-09-21T08:36:58,2152,1.2341407151095734e-05,0.31284481287002563,848.4259877184894
2026-09-21T08:37:23,2153,1.233756247597078e-05,0.28431689739227295,848.4311175720168
2026-09-21T08:38:05,2154,1.233371780084583e-05,0.2670479118824005,848.452150199869
2026-09-21T08:38:53,2155,1.2329873125720877e-05,0.2203439474105835,848.4512319402199
2026-09-21T08:39:18,2156,1.2326028450595926e-05,0.19721689820289612,848.451863234419
2026-09-21T08:39:36,2157,1.2322183775470973e-05,0.2088070809841156,848.4239020908493
2026-09-21T08:40:12,2158,1.2318339100346022e-05,0.2550773620605469,848.4417461237715
2026-09-21T08:40:40,2159,1.231449442522107e-05,0.24404799938201904,848.4290125917022
2026-09-21T08:41:33,2160,1.2310649750096118e-05,0.29517602920532227,848.4614193771272
2026-09-21T08:41:58,2161,1.2306805074971167e-05,0.3437897861003876,848.4553577049916
2026-09-21T08:42:35,2162,1.2302960399846214e-05,0.22406640648841858,848.4808972162028
2026-09-21T08:43:51,2163,1.2299115724721263e-05,0.2389557957649231,848.4363534595774
2026-09-21T08:45:02,2164,1.229527104959631e-05,0.2677960991859436,848.4122093726442
2026-09-21T08:45:44,2165,1.2291426374471359e-05,0.2730087339878082,848.4461529512193
2026-09-21T08:46:57,2166,1.2287581699346407e-05,0.3171011805534363,848.4017617771126
2026-09-21T08:47:56,2167,1.2283737024221455e-05,0.3295890688896179,848.4208377995568
2026-09-21T08:49:18,2168,1.2279892349096503e-05,0.3545688986778259,848.3853132546398
2026-09-21T08:49:44,2169,1.2276047673971549e-05,0.244500070810318,848.4015075979579
2026-09-21T08:50:05,2170,1.2272202998846598e-05,0.21636845171451569,848.3897336782019
2026-09-21T08:50:38,2171,1.2268358323721648e-05,0.3665519654750824,848.3950884270348
2026-09-21T08:51:39,2172,1.2264513648596694e-05,0.2849818468093872,848.3535517621284
2026-09-21T08:52:12,2173,1.2260668973471742e-05,0.26410603523254395,848.3704618366753
2026-09-21T08:52:33,2174,1.225682429834679e-05,0.20154227316379547,848.3680800755327
2026-09-21T08:54:14,2175,1.2252979623221838e-05,0.3681131899356842,848.2882049754926
2026-09-21T08:55:07,2176,1.2249134948096886e-05,0.2608979344367981,848.310492491873
2026-09-21T08:55:37,2177,1.2245290272971934e-05,0.27868229150772095,848.3151170305157
2026-09-21T08:56:05,2178,1.2241445597846983e-05,0.2641710340976715,848.314170434973
2026-09-21T08:56:20,2179,1.223760092272203e-05,0.18955974280834198,848.2813982416409
2026-09-21T08:56:47,2180,1.223375624759708e-05,0.26316767930984497,848.2812220764799
2026-09-21T08:57:17,2181,1.2229911572472126e-05,0.20317725837230682,848.2953045490013
2026-09-21T08:58:19,2182,1.2226066897347175e-05,0.2967664301395416,848.3265269672369
2026-09-21T08:58:47,2183,1.2222222222222224e-05,0.19849935173988342,848.3359897300377
2026-09-21T08:59:40,2184,1.2218377547097271e-05,0.2849099636077881,848.3321050865123
2026-09-21T09:00:12,2185,1.221453287197232e-05,0.28886878490448,848.3377688926579
2026-09-21T09:00:36,2186,1.2210688196847367e-05,0.342893123626709,848.3331981755928
2026-09-21T09:01:30,2187,1.2206843521722416e-05,0.21425548195838928,848.3607047804006
2026-09-21T09:01:53,2188,1.2202998846597463e-05,0.2250255048274994,848.3675134732016
2026-09-21T09:03:21,2189,1.2199154171472512e-05,0.39251217246055603,848.3523984707075
2026-09-21T09:04:25,2190,1.2195309496347561e-05,0.29609858989715576,848.3268772580358
2026-09-21T09:05:10,2191,1.2191464821222606e-05,0.2874247431755066,848.3507321794647
2026-09-21T09:05:35,2192,1.2187620146097657e-05,0.24165558815002441,848.3429892027366
2026-09-21T09:06:16,2193,1.2183775470972702e-05,0.25800371170043945,848.3685194767135
2026-09-21T09:07:02,2194,1.2179930795847751e-05,0.23787890374660492,848.3887591742282
2026-09-21T09:07:24,2195,1.21760861207228e-05,0.29189637303352356,848.3765770524038
2026-09-21T09:07:44,2196,1.2172241445597847e-05,0.26888003945350647,848.3700510831827
2026-09-21T09:08:06,2197,1.2168396770472896e-05,0.26248565316200256,848.366080329152
2026-09-21T09:08:37,2198,1.2164552095347943e-05,0.3321961462497711,848.3628255365984
2026-09-21T09:09:10,2199,1.2160707420222992e-05,0.26807326078414917,848.3687331144744
2026-09-21T09:09:54,2200,1.215686274509804e-05,0.2617148756980896,848.3658726082277
2026-09-21T09:10:33,2201,1.2153018069973088e-05,0.31606876850128174,848.3833179183125
2026-09-21T09:11:03,2202,1.2149173394848137e-05,0.27061760425567627,848.4071151383085
2026-09-21T09:12:14,2203,1.2145328719723184e-05,0.29002976417541504,848.3730075747328
2026-09-21T09:13:11,2204,1.2141484044598233e-05,0.2410663515329361,848.4097450893223
2026-09-21T09:13:44,2205,1.213763936947328e-05,0.30200091004371643,848.4137973526689
2026-09-21T09:14:37,2206,1.2133794694348329e-05,0.29736047983169556,848.3864910274777
2026-09-21T09:15:02,2207,1.2129950019223378e-05,0.16508978605270386,848.3889701252259
2026-09-21T09:16:07,2208,1.2126105344098425e-05,0.30060282349586487,848.3578581203464
2026-09-21T09:16:49,2209,1.2122260668973474e-05,0.2253188043832779,848.3911894097531
2026-09-21T09:17:12,2210,1.2118415993848521e-05,0.2329310029745102,848.380723716172
2026-09-21T09:17:54,2211,1.211457131872357e-05,0.25500842928886414,848.3902519526533
2026-09-21T09:18:51,2212,1.2110726643598615e-05,0.2734467685222626,848.3874046408396
2026-09-21T09:19:16,2213,1.2106881968473664e-05,0.22852617502212524,848.3873955635488
2026-09-21T09:19:51,2214,1.2103037293348715e-05,0.22244256734848022,848.4028834713699
2026-09-21T09:20:15,2215,1.209919261822376e-05,0.22507113218307495,848.3950465864243
2026-09-21T09:20:53,2216,1.2095347943098809e-05,0.32208383083343506,848.3788732684404
2026-09-21T09:21:41,2217,1.2091503267973856e-05,0.27326905727386475,848.388157634225
2026-09-21T09:22:10,2218,1.2087658592848905e-05,0.28533250093460083,848.3868226599508
2026-09-21T09:23:10,2219,1.2083813917723954e-05,0.2390870600938797,848.4140151929302
2026-09-21T09:23:53,2220,1.2079969242599001e-05,0.35526615381240845,848.4294295007685
2026-09-21T09:24:22,2221,1.207612456747405e-05,0.24006029963493347,848.4281609835355
2026-09-21T09:24:59,2222,1.2072279892349097e-05,0.2709573209285736,848.4403323107748
2026-09-21T09:25:31,2223,1.2068435217224146e-05,0.3040265738964081,848.4585752012692
2026-09-21T09:25:58,2224,1.2064590542099193e-05,0.21761730313301086,848.4585824457719
2026-09-21T09:26:50,2225,1.2060745866974242e-05,0.28530311584472656,848.4341998998786
2026-09-21T09:27:14,2226,1.205690119184929e-05,0.21704435348510742,848.4332877188806
2026-09-21T09:27:58,2227,1.2053056516724338e-05,0.2216319739818573,848.450320739719
2026-09-21T09:29:22,2228,1.2049211841599387e-05,0.3551396131515503,848.4409848193704
2026-09-21T09:29:49,2229,1.2045367166474434e-05,0.2404550164937973,848.4377350538242
2026-09-21T09:30:20,2230,1.2041522491349483e-05,0.21633213758468628,848.4452257651623
2026-09-21T09:30:45,2231,1.203767781622453e-05,0.23344305157661438,848.4505155287058
2026-09-21T09:31:28,2232,1.2033833141099579e-05,0.2780095338821411,848.4706576572654
2026-09-21T09:32:19,2233,1.2029988465974627e-05,0.22522056102752686,848.4782820599763
2026-09-21T09:32:52,2234,1.2026143790849673e-05,0.1938537359237671,848.5029700428428
2026-09-21T09:33:17,2235,1.2022299115724723e-05,0.18996979296207428,848.4927796784991
2026-09-21T09:33:53,2236,1.2018454440599769e-05,0.30783843994140625,848.503413486632
2026-09-21T09:34:17,2237,1.2014609765474818e-05,0.2431018054485321,848.5019860244993
2026-09-21T09:34:47,2238,1.2010765090349867e-05,0.21134203672409058,848.5158479771962
2026-09-21T09:35:17,2239,1.2006920415224914e-05,0.2381918728351593,848.5238419659012
2026-09-21T09:36:03,2240,1.2003075740099963e-05,0.2596028447151184,848.5293425929126
2026-09-21T09:36:23,2241,1.199923106497501e-05,0.22392113506793976,848.5168479967041
2026-09-21T09:37:29,2242,1.1995386389850059e-05,0.30007848143577576,848.4834532115908
2026-09-21T09:39:09,2243,1.1991541714725106e-05,0.29807794094085693,848.3995373273756
2026-09-21T09:39:55,2244,1.1987697039600155e-05,0.33841681480407715,848.4065525165196
2026-09-21T09:40:24,2245,1.1983852364475203e-05,0.20891566574573517,848.4133932252366
2026-09-21T09:41:04,2246,1.198000768935025e-05,0.2965210974216461,848.4293135935027
2026-09-21T09:41:43,2247,1.19761630142253e-05,0.23240816593170166,848.4446558421781
2026-09-21T09:42:17,2248,1.1972318339100347e-05,0.2698298692703247,848.4603033857754
2026-09-21T09:42:47,2249,1.1968473663975395e-05,0.27708402276039124,848.4574282333155
2026-09-21T09:43:33,2250,1.1964628988850444e-05,0.3256744146347046,848.4997172086582
2026-09-21T09:44:19,2251,1.1960784313725491e-05,0.32716047763824463,848.5198970372289
2026-09-21T09:44:46,2252,1.195693963860054e-05,0.24378883838653564,848.5273486445084
2026-09-21T09:45:23,2253,1.1953094963475587e-05,0.3281601667404175,848.5421244575394
2026-09-21T09:45:45,2254,1.1949250288350636e-05,0.34098124504089355,848.5335828495092
2026-09-21T09:46:16,2255,1.1945405613225682e-05,0.3035038113594055,848.5409921841862
2026-09-21T09:46:48,2256,1.194156093810073e-05,0.2538697123527527,848.5558135930797
2026-09-21T09:47:24,2257,1.1937716262975781e-05,0.29180026054382324,848.5814736617743
2026-09-21T09:47:56,2258,1.1933871587850827e-05,0.21953696012496948,848.5968324786478
2026-09-21T09:48:32,2259,1.1930026912725875e-05,0.3116506338119507,848.6042067164267
2026-09-21T09:49:35,2260,1.1926182237600923e-05,0.3326425552368164,848.5860183968413
2026-09-21T09:49:55,2261,1.1922337562475971e-05,0.18872490525245667,848.570516499012
2026-09-21T09:50:22,2262,1.191849288735102e-05,0.23671869933605194,848.5749550236055
2026-09-21T09:51:38,2263,1.1914648212226067e-05,0.2860831916332245,848.5470790773866
2026-09-21T09:52:02,2264,1.1910803537101116e-05,0.19734355807304382,848.5449525750773
2026-09-21T09:52:48,2265,1.1906958861976163e-05,0.23268897831439972,848.5651473400983
2026-09-21T09:53:13,2266,1.1903114186851212e-05,0.21399590373039246,848.5571124147433
2026-09-21T09:54:12,2267,1.189926951172626e-05,0.22399988770484924,848.5078191785685
2026-09-21T09:54:44,2268,1.1895424836601308e-05,0.26945823431015015,848.5089966761085
2026-09-21T09:55:17,2269,1.1891580161476357e-05,0.23452764749526978,848.5239070076152
2026-09-21T09:56:05,2270,1.1887735486351404e-05,0.2847210764884949,848.5073314983342
2026-09-21T09:57:04,2271,1.1883890811226453e-05,0.3779014050960541,848.4847881643343
2026-09-21T09:57:59,2272,1.18800461361015e-05,0.22764849662780762,848.4682865655087
2026-09-21T09:59:07,2273,1.1876201460976549e-05,0.2820925712585449,848.4235995234174
2026-09-21T10:00:20,2274,1.1872356785851598e-05,0.28081053495407104,848.402620145351
2026-09-21T10:00:45,2275,1.1868512110726645e-05,0.20397406816482544,848.3912161154745
2026-09-21T10:01:18,2276,1.1864667435601694e-05,0.23572398722171783,848.4071222627247
2026-09-21T10:01:59,2277,1.186082276047674e-05,0.32829076051712036,848.4189375027771
2026-09-21T10:02:49,2278,1.185697808535179e-05,0.2072683423757553,848.4006470347767
2026-09-21T10:03:53,2279,1.1853133410226835e-05,0.26857560873031616,848.3598127252772
2026-09-21T10:04:25,2280,1.1849288735101884e-05,0.23662182688713074,848.3752232786649
2026-09-21T10:05:25,2281,1.1845444059976933e-05,0.3336315453052521,848.3874399560782
2026-09-21T10:06:04,2282,1.184159938485198e-05,0.20014585554599762,848.388140842913
2026-09-21T10:06:35,2283,1.1837754709727029e-05,0.23794665932655334,848.3961190315537
2026-09-21T10:07:08,2284,1.1833910034602076e-05,0.23020008206367493,848.4112109469663
2026-09-21T10:07:34,2285,1.1830065359477125e-05,0.23192721605300903,848.4162687596055
2026-09-21T10:07:59,2286,1.1826220684352174e-05,0.21666209399700165,848.4129113650962
2026-09-21T10:08:31,2287,1.1822376009227221e-05,0.28771671652793884,848.4274954559769
2026-09-21T10:08:58,2288,1.181853133410227e-05,0.23185811936855316,848.4363476617533
2026-09-21T10:09:15,2289,1.1814686658977317e-05,0.15602369606494904,848.4120141761583
2026-09-21T10:09:51,2290,1.1810841983852366e-05,0.1904282122850418,848.4310350196535
2026-09-21T10:10:22,2291,1.1806997308727413e-05,0.22550730407238007,848.4277445940286
2026-09-21T10:10:58,2292,1.1803152633602462e-05,0.3253065347671509,848.454649644144
2026-09-21T10:11:41,2293,1.179930795847751e-05,0.3341023325920105,848.4645736632907
2026-09-21T10:12:30,2294,1.1795463283352558e-05,0.2644064724445343,848.491582527937
2026-09-21T10:13:16,2295,1.1791618608227607e-05,0.2679635286331177,848.5246335685636
2026-09-21T10:13:47,2296,1.1787773933102654e-05,0.2696755826473236,848.5314019575761
2026-09-21T10:14:13,2297,1.1783929257977703e-05,0.24412155151367188,848.5367022977645
2026-09-21T10:14:52,2298,1.1780084582852748e-05,0.21157577633857727,848.5496968749269
2026-09-21T10:15:23,2299,1.1776239907727797e-05,0.2160116583108902,848.5502864723875
2026-09-21T10:16:05,2300,1.1772395232602848e-05,0.31109383702278137,848.5557510771349
2026-09-21T10:17:04,2301,1.1768550557477893e-05,0.31406673789024353,848.5564923142672
2026-09-21T10:17:41,2302,1.1764705882352942e-05,0.22317449748516083,848.5582451745568
2026-09-21T10:18:01,2303,1.1760861207227989e-05,0.209006667137146,848.532726367568
2026-09-21T10:18:36,2304,1.1757016532103038e-05,0.2676948308944702,848.5359384721339
2026-09-21T10:19:06,2305,1.1753171856978087e-05,0.2102447897195816,848.5422642385026
2026-09-21T10:19:31,2306,1.1749327181853134e-05,0.2771340608596802,848.5477278670705
2026-09-21T10:20:34,2307,1.1745482506728183e-05,0.3241962194442749,848.505611167256
2026-09-21T10:21:12,2308,1.174163783160323e-05,0.2956473231315613,848.5059316074261
2026-09-21T10:21:34,2309,1.1737793156478279e-05,0.23100227117538452,848.480614005426
2026-09-21T10:22:00,2310,1.1733948481353326e-05,0.26771920919418335,848.4732513590621
2026-09-21T10:22:46,2311,1.1730103806228375e-05,0.3349114656448364,848.4446933354119
2026-09-21T10:23:48,2312,1.1726259131103424e-05,0.2567681074142456,848.4070464970954
2026-09-21T10:24:06,2313,1.172241445597847e-05,0.2015419602394104,848.3845346879235
2026-09-21T10:25:09,2314,1.171856978085352e-05,0.24187621474266052,848.3427368996756
2026-09-21T10:25:44,2315,1.1714725105728567e-05,0.20850805938243866,848.3570871502311
2026-09-21T10:26:09,2316,1.1710880430603616e-05,0.18532034754753113,848.3566951652773
2026-09-21T10:27:11,2317,1.1707035755478664e-05,0.30648255348205566,848.3817720390067
2026-09-21T10:27:54,2318,1.1703191080353712e-05,0.3697565793991089,848.4129562961627
2026-09-21T10:28:13,2319,1.169934640522876e-05,0.24697887897491455,848.3968223954157
2026-09-21T10:28:34,2320,1.1695501730103806e-05,0.26988837122917175,848.3871544729242
2026-09-21T10:29:03,2321,1.1691657054978856e-05,0.28169959783554077,848.3923381741273
2026-09-21T10:29:51,2322,1.1687812379853902e-05,0.21695628762245178,848.3869110907524
2026-09-21T10:31:05,2323,1.168396770472895e-05,0.23030778765678406,848.3884253987065
2026-09-21T10:32:10,2324,1.1680123029604e-05,0.2966025471687317,848.4104988949978
2026-09-21T10:32:54,2325,1.1676278354479047e-05,0.27047258615493774,848.4172251390733
2026-09-21T10:33:32,2326,1.1672433679354095e-05,0.26210862398147583,848.4326371331712
2026-09-21T10:34:30,2327,1.1668589004229143e-05,0.3082728683948517,848.427572918914
2026-09-21T10:36:08,2328,1.1664744329104191e-05,0.35056161880493164,848.3792068435457
2026-09-21T10:36:29,2329,1.166089965397924e-05,0.2434694916009903,848.3750292116536
2026-09-21T10:36:59,2330,1.1657054978854287e-05,0.25529682636260986,848.3817283662024
2026-09-21T10:37:24,2331,1.1653210303729336e-05,0.2963627576828003,848.3781604927141
2026-09-21T10:37:49,2332,1.1649365628604383e-05,0.21842044591903687,848.3760683554075
2026-09-21T10:38:15,2333,1.1645520953479432e-05,0.23126225173473358,848.3736289114555
2026-09-21T10:39:35,2334,1.164167627835448e-05,0.27599096298217773,848.3616182904304
2026-09-21T10:40:07,2335,1.1637831603229528e-05,0.33244824409484863,848.3780389282331
2026-09-21T10:41:01,2336,1.1633986928104577e-05,0.259141206741333,848.3719589188241
2026-09-21T10:41:40,2337,1.1630142252979624e-05,0.2848474383354187,848.3852639044537
2026-09-21T10:42:15,2338,1.1626297577854673e-05,0.3542267978191376,848.3901183774435
2026-09-21T10:42:39,2339,1.162245290272972e-05,0.23152059316635132,848.3818685223935
2026-09-21T10:43:36,2340,1.1618608227604769e-05,0.3230382204055786,848.3558225035678
2026-09-21T10:44:09,2341,1.1614763552479818e-05,0.2276320904493332,848.3619980488859
2026-09-21T10:44:39,2342,1.1610918877354863e-05,0.3001856505870819,848.3748801353593
2026-09-21T10:45:50,2343,1.1607074202229914e-05,0.3285573720932007,848.3729524095297
2026-09-21T10:46:15,2344,1.160322952710496e-05,0.25914761424064636,848.3732677141372
2026-09-21T10:47:14,2345,1.1599384851980008e-05,0.3531750440597534,848.3529122590421
2026-09-21T10:48:04,2346,1.1595540176855055e-05,0.482911080121994,848.3517183182569
2026-09-21T10:48:32,2347,1.1591695501730104e-05,0.24794714152812958,848.3500427713849
2026-09-21T10:48:56,2348,1.1587850826605153e-05,0.2370530217885971,848.3415234208505
2026-09-21T10:49:49,2349,1.15840061514802e-05,0.31112074851989746,848.3805195681186
2026-09-21T10:50:38,2350,1.1580161476355249e-05,0.2778945863246918,848.3982020081031
2026-09-21T10:52:10,2351,1.1576316801230296e-05,0.2726762592792511,848.3785232324003
2026-09-21T10:52:30,2352,1.1572472126105345e-05,0.1792249083518982,848.358918254736
2026-09-21T10:52:49,2353,1.1568627450980394e-05,0.18396000564098358,848.3562678944651
2026-09-21T10:53:29,2354,1.1564782775855441e-05,0.2633656859397888,848.347904523202
2026-09-21T10:54:07,2355,1.156093810073049e-05,0.25185349583625793,848.3472575899939
2026-09-21T10:54:47,2356,1.1557093425605537e-05,0.3310931324958801,848.3714216931772
2026-09-21T10:55:43,2357,1.1553248750480586e-05,0.24000602960586548,848.368988923926
2026-09-21T10:56:01,2358,1.1549404075355633e-05,0.2575798034667969,848.3602864637468
2026-09-21T10:56:25,2359,1.1545559400230682e-05,0.2070639431476593,848.3590869913053
2026-09-21T10:57:02,2360,1.154171472510573e-05,0.2789773643016815,848.3724686835673
2026-09-21T10:58:32,2361,1.1537870049980778e-05,0.21854539215564728,848.3079881758003
2026-09-21T10:58:54,2362,1.1534025374855827e-05,0.21362507343292236,848.303782925549
2026-09-21T10:59:58,2363,1.1530180699730872e-05,0.24224478006362915,848.2636035624118
2026-09-21T11:00:43,2364,1.1526336024605921e-05,0.2768677771091461,848.287820588629
2026-09-21T11:01:05,2365,1.1522491349480968e-05,0.23536813259124756,848.2821339422122
2026-09-21T11:01:42,2366,1.1518646674356017e-05,0.20209917426109314,848.3041339910773
2026-09-21T11:02:52,2367,1.1514801999231066e-05,0.3647204041481018,848.2687003881331
2026-09-21T11:03:55,2368,1.1510957324106113e-05,0.2753640413284302,848.2608230549182
2026-09-21T11:04:21,2369,1.1507112648981162e-05,0.20551259815692902,848.2550617557586
2026-09-21T11:04:51,2370,1.1503267973856209e-05,0.28865599632263184,848.2719492780266
2026-09-21T11:05:49,2371,1.1499423298731258e-05,0.31919074058532715,848.2933150511876
2026-09-21T11:06:17,2372,1.1495578623606307e-05,0.24620838463306427,848.284205042424
2026-09-21T11:06:58,2373,1.1491733948481354e-05,0.2972140908241272,848.3038985143454
2026-09-21T11:07:19,2374,1.1487889273356403e-05,0.2324647158384323,848.2854016904977
2026-09-21T11:07:44,2375,1.148404459823145e-05,0.2685842514038086,848.2909946602184
2026-09-21T11:08:40,2376,1.1480199923106499e-05,0.2538129389286041,848.3220875174234
2026-09-21T11:09:36,2377,1.1476355247981546e-05,0.1961592137813568,848.3135205310151
2026-09-21T11:10:09,2378,1.1472510572856595e-05,0.24305422604084015,848.3127409654439
2026-09-21T11:10:41,2379,1.1468665897731644e-05,0.3028077483177185,848.3275795272483
2026-09-21T11:11:04,2380,1.146482122260669e-05,0.31382158398628235,848.3239249224291
2026-09-21T11:11:42,2381,1.146097654748174e-05,0.2989337146282196,848.3473119489162
2026-09-21T11:12:21,2382,1.1457131872356787e-05,0.25461262464523315,848.3777050831502
2026-09-21T11:12:58,2383,1.1453287197231836e-05,0.24739384651184082,848.3847949969198
2026-09-21T11:13:35,2384,1.1449442522106884e-05,0.24344810843467712,848.3891440301188
2026-09-21T11:13:57,2385,1.144559784698193e-05,0.23094002902507782,848.3868051636628
2026-09-21T11:15:13,2386,1.144175317185698e-05,0.3480532765388489,848.3615112750996
2026-09-21T11:16:17,2387,1.1437908496732026e-05,0.2887286841869354,848.3441768569676
2026-09-21T11:16:37,2388,1.1434063821607075e-05,0.19270485639572144,848.3287506534414
2026-09-21T11:17:04,2389,1.1430219146482122e-05,0.22654739022254944,848.3347389647143
2026-09-21T11:17:32,2390,1.142637447135717e-05,0.22842638194561005,848.3421344082141
2026-09-21T11:18:10,2391,1.142252979623222e-05,0.26713308691978455,848.363814093117
2026-09-21T11:18:35,2392,1.1418685121107267e-05,0.19939857721328735,848.3640343543211
2026-09-21T11:19:09,2393,1.1414840445982316e-05,0.21868522465229034,848.378333976903
2026-09-21T11:19:49,2394,1.1410995770857363e-05,0.2682061195373535,848.4098704354657
2026-09-21T11:20:32,2395,1.1407151095732412e-05,0.2667135000228882,848.4399357480573
2026-09-21T11:21:10,2396,1.140330642060746e-05,0.24784840643405914,848.4535418307048
2026-09-21T11:22:31,2397,1.1399461745482508e-05,0.3509313464164734,848.4290769474603
2026-09-21T11:23:05,2398,1.1395617070357556e-05,0.20226070284843445,848.4418420779089
2026-09-21T11:24:09,2399,1.1391772395232604e-05,0.27016758918762207,848.4557083859175
2026-09-21T11:25:25,2400,1.1387927720107652e-05,0.2607351839542389,848.4429860516273
2026-09-21T11:26:03,2401,1.13840830449827e-05,0.24839812517166138,848.4663847505502
2026-09-21T11:26:23,2402,1.1380238369857748e-05,0.19715875387191772,848.4476059259223
2026-09-21T11:27:33,2403,1.1376393694732797e-05,0.32644161581993103,848.4170214228753
2026-09-21T11:28:04,2404,1.1372549019607844e-05,0.2736669182777405,848.4221991543644
2026-09-21T11:28:39,2405,1.1368704344482893e-05,0.24406187236309052,848.4355959177495
2026-09-21T11:29:24,2406,1.1364859669357939e-05,0.2758752703666687,848.455875146512
2026-09-21T11:29:48,2407,1.1361014994232988e-05,0.17912858724594116,848.4543270149024
2026-09-21T11:30:25,2408,1.1357170319108038e-05,0.20884597301483154,848.4628063147213
2026-09-21T11:31:15,2409,1.1353325643983084e-05,0.18982793390750885,848.480544001549
2026-09-21T11:32:27,2410,1.1349480968858132e-05,0.318101167678833,848.4469982196182
2026-09-21T11:33:24,2411,1.134563629373318e-05,0.3026447892189026,848.4667677199191
2026-09-21T11:33:59,2412,1.1341791618608228e-05,0.2755809724330902,848.48218779973
2026-09-21T11:35:09,2413,1.1337946943483276e-05,0.27894866466522217,848.4728451696074
2026-09-21T11:35:49,2414,1.1334102268358324e-05,0.1786516308784485,848.4837179610031
2026-09-21T11:37:09,2415,1.1330257593233373e-05,0.31213369965553284,848.472932506785
2026-09-21T11:37:34,2416,1.132641291810842e-05,0.24879984557628632,848.4655724402147
2026-09-21T11:37:56,2417,1.132256824298347e-05,0.1976010948419571,848.4645670138622
2026-09-21T11:39:06,2418,1.1318723567858516e-05,0.3189820647239685,848.4759125131042
2026-09-21T11:39:40,2419,1.1314878892733565e-05,0.37305593490600586,848.4915978343198
2026-09-21T11:40:07,2420,1.1311034217608614e-05,0.24078334867954254,848.4805011776323
2026-09-21T11:40:30,2421,1.1307189542483661e-05,0.19541360437870026,848.4775357114464
2026-09-21T11:41:06,2422,1.130334486735871e-05,0.26391637325286865,848.4855256661632
2026-09-21T11:41:59,2423,1.1299500192233757e-05,0.3570812940597534,848.4947211194494
2026-09-21T11:42:22,2424,1.1295655517108806e-05,0.18033702671527863,848.492946872965
2026-09-21T11:43:25,2425,1.1291810841983853e-05,0.16461746394634247,848.4632711665402
2026-09-21T11:43:55,2426,1.1287966166858902e-05,0.2354743331670761,848.4743825290426
2026-09-21T11:44:24,2427,1.1284121491733951e-05,0.26977699995040894,848.4740666707454
2026-09-21T11:45:04,2428,1.1280276816608996e-05,0.2635037899017334,848.4857637363266
2026-09-21T11:45:38,2429,1.1276432141484047e-05,0.2480890452861786,848.4994998974938
2026-09-21T11:47:06,2430,1.1272587466359092e-05,0.3501298427581787,848.4569232362005
2026-09-21T11:47:38,2431,1.1268742791234141e-05,0.2517676055431366,848.4467362352487
2026-09-21T11:48:01,2432,1.1264898116109188e-05,0.1868935227394104,848.4514467009917
2026-09-21T11:48:28,2433,1.1261053440984237e-05,0.24274849891662598,848.459728932343
2026-09-21T11:48:54,2434,1.1257208765859286e-05,0.26537105441093445,848.4579290509529
2026-09-21T11:50:02,2435,1.1253364090734333e-05,0.3758201003074646,848.4289742362624
2026-09-21T11:50:25,2436,1.1249519415609382e-05,0.21048468351364136,848.4253017480698
2026-09-21T11:50:49,2437,1.124567474048443e-05,0.1952616274356842,848.4237120496717
2026-09-21T11:51:10,2438,1.1241830065359478e-05,0.21436822414398193,848.4013258490431
2026-09-21T11:51:43,2439,1.1237985390234527e-05,0.2396104335784912,848.4168386490511
2026-09-21T11:52:10,2440,1.1234140715109574e-05,0.23526416718959808,848.4232388148782
2026-09-21T11:52:37,2441,1.1230296039984623e-05,0.256646990776062,848.4231876103189
2026-09-21T11:54:06,2442,1.122645136485967e-05,0.2894183099269867,848.3869540280122
2026-09-21T11:54:27,2443,1.1222606689734719e-05,0.3401629328727722,848.3649049638328
2026-09-21T11:54:47,2444,1.1218762014609766e-05,0.30163222551345825,848.3633686869032
2026-09-21T11:55:12,2445,1.1214917339484815e-05,0.2957254946231842,848.3607824560947
2026-09-21T11:56:25,2446,1.1211072664359864e-05,0.2754518389701843,848.3387709896376
2026-09-21T11:56:46,2447,1.1207227989234911e-05,0.2640349268913269,848.3299406561933
2026-09-21T11:57:19,2448,1.120338331410996e-05,0.25246840715408325,848.3372111687067
2026-09-21T11:57:47,2449,1.1199538638985005e-05,0.2035423368215561,848.3358259364007
2026-09-21T11:58:26,2450,1.1195693963860054e-05,0.22847063839435577,848.3581146612786
2026-09-21T11:58:53,2451,1.1191849288735105e-05,0.22230567038059235,848.3567556292726
2026-09-21T11:59:35,2452,1.118800461361015e-05,0.2021298110485077,848.3609991430616
2026-09-21T12:00:02,2453,1.1184159938485199e-05,0.1908491998910904,848.3665818691555
2026-09-21T12:00:40,2454,1.1180315263360246e-05,0.259976327419281,848.3650534534077
2026-09-21T12:01:04,2455,1.1176470588235295e-05,0.2287156581878662,848.3695053290926
2026-09-21T12:01:43,2456,1.1172625913110342e-05,0.28463372588157654,848.3893592955145
2026-09-21T12:02:22,2457,1.116878123798539e-05,0.28396928310394287,848.4109645870823
2026-09-21T12:02:47,2458,1.116493656286044e-05,0.1864045411348343,848.4079137410139
2026-09-21T12:03:34,2459,1.1161091887735487e-05,0.23673871159553528,848.4144008620359
2026-09-21T12:04:13,2460,1.1157247212610536e-05,0.2027255743741989,848.4355151513928
2026-09-21T12:04:50,2461,1.1153402537485583e-05,0.19492609798908234,848.4501550757592
2026-09-21T12:05:21,2462,1.1149557862360632e-05,0.3540039658546448,848.4629755330311
2026-09-21T12:06:18,2463,1.114571318723568e-05,0.2546559274196625,848.4121037322843
2026-09-21T12:06:54,2464,1.1141868512110728e-05,0.18716037273406982,848.418803816915
2026-09-21T12:07:11,2465,1.1138023836985777e-05,0.19830194115638733,848.4105545437967
2026-09-21T12:07:36,2466,1.1134179161860824e-05,0.24963071942329407,848.407365889771
2026-09-21T12:08:06,2467,1.1130334486735873e-05,0.23024381697177887,848.4211408676248
2026-09-21T12:08:46,2468,1.1126489811610918e-05,0.29340246319770813,848.4291187918604
2026-09-21T12:09:19,2469,1.1122645136485968e-05,0.2881946563720703,848.4364685077086
2026-09-21T12:10:29,2470,1.1118800461361017e-05,0.2923375070095062,848.3909800788184
2026-09-21T12:10:53,2471,1.1114955786236063e-05,0.22473204135894775,848.3887279336167
2026-09-21T12:11:25,2472,1.1111111111111113e-05,0.24335812032222748,848.4025103712856
2026-09-21T12:12:41,2473,1.1107266435986159e-05,0.30249592661857605,848.3644846015385
2026-09-21T12:13:18,2474,1.1103421760861208e-05,0.3112061619758606,848.3861892640683
2026-09-21T12:14:02,2475,1.1099577085736256e-05,0.24067486822605133,848.4173938327426
2026-09-21T12:15:01,2476,1.1095732410611304e-05,0.30793729424476624,848.4262122545164
2026-09-21T12:15:47,2477,1.1091887735486352e-05,0.2321079820394516,848.4312616390758
2026-09-21T12:16:17,2478,1.10880430603614e-05,0.33770060539245605,848.4387824788071
2026-09-21T12:17:15,2479,1.1084198385236448e-05,0.29292774200439453,848.3978020488013
2026-09-21T12:18:13,2480,1.1080353710111496e-05,0.2264377474784851,848.3464135069449
2026-09-21T12:19:12,2481,1.1076509034986544e-05,0.24722802639007568,848.3011315498221
2026-09-21T12:19:40,2482,1.1072664359861593e-05,0.24907518923282623,848.3008042396647
2026-09-21T12:20:21,2483,1.106881968473664e-05,0.30912694334983826,848.3304136632053
2026-09-21T12:20:59,2484,1.106497500961169e-05,0.22922810912132263,848.3509371751661
2026-09-21T12:21:41,2485,1.1061130334486736e-05,0.2626892030239105,848.3564413453682
2026-09-21T12:22:28,2486,1.1057285659361785e-05,0.2755988836288452,848.3637497036337
2026-09-21T12:23:34,2487,1.1053440984236834e-05,0.2750820219516754,848.3215575420003
2026-09-21T12:25:03,2488,1.1049596309111881e-05,0.375283420085907,848.2993237980548
2026-09-21T12:25:28,2489,1.104575163398693e-05,0.24446777999401093,848.3043406492965
2026-09-21T12:26:28,2490,1.1041906958861977e-05,0.29706382751464844,848.3315383219541
2026-09-21T12:27:00,2491,1.1038062283737026e-05,0.26420027017593384,848.337105778102
2026-09-21T12:27:51,2492,1.1034217608612072e-05,0.29735997319221497,848.3370519750648
2026-09-21T12:28:29,2493,1.103037293348712e-05,0.2481951117515564,848.3411337616416
2026-09-21T12:29:02,2494,1.1026528258362171e-05,0.21501879394054413,848.3546791331852
2026-09-21T12:29:50,2495,1.1022683583237216e-05,0.275188684463501,848.3639994146312
2026-09-21T12:30:27,2496,1.1018838908112265e-05,0.24409832060337067,848.387131137524
2026-09-21T12:31:36,2497,1.1014994232987312e-05,0.3269445300102234,848.3599437853635
2026-09-21T12:32:02,2498,1.1011149557862361e-05,0.25579601526260376,848.3673418375456
2026-09-21T12:32:40,2499,1.1007304882737408e-05,0.24510148167610168,848.379380927553
2026-09-21T12:33:12,2500,1.1003460207612457e-05,0.2538604140281677,848.3937273242327
2026-09-21T12:33:38,2501,1.0999615532487506e-05,0.30051475763320923,848.3835518261618
2026-09-21T12:34:00,2502,1.0995770857362553e-05,0.18770727515220642,848.3803746017878
2026-09-21T12:34:32,2503,1.0991926182237602e-05,0.26168811321258545,848.388280579775
2026-09-21T12:34:57,2504,1.098808150711265e-05,0.21199283003807068,848.3825210529262
2026-09-21T12:36:00,2505,1.0984236831987698e-05,0.2954341769218445,848.3716074988656
2026-09-21T12:36:24,2506,1.0980392156862747e-05,0.2882969379425049,848.363814264838
2026-09-21T12:37:00,2507,1.0976547481737794e-05,0.19083622097969055,848.3585779522274
2026-09-21T12:37:31,2508,1.0972702806612843e-05,0.2637985646724701,848.3748985234042
2026-09-21T12:38:07,2509,1.096885813148789e-05,0.2711195647716522,848.3890598587134
2026-09-21T12:38:59,2510,1.0965013456362939e-05,0.28740525245666504,848.4115904402053
2026-09-21T12:39:22,2511,1.0961168781237984e-05,0.18746772408485413,848.4035973721822
2026-09-21T12:39:49,2512,1.0957324106113035e-05,0.31745851039886475,848.403061612518
2026-09-21T12:40:32,2513,1.0953479430988084e-05,0.20581430196762085,848.4099669053728
2026-09-21T12:41:31,2514,1.094963475586313e-05,0.21822857856750488,848.3756503462819
2026-09-21T12:42:17,2515,1.094579008073818e-05,0.2549595236778259,848.4054161488408
2026-09-21T12:42:44,2516,1.0941945405613225e-05,0.3242722451686859,848.4026265545058
2026-09-21T12:43:40,2517,1.0938100730488274e-05,0.418898344039917,848.4037204569148
2026-09-21T12:44:16,2518,1.0934256055363323e-05,0.20414379239082336,848.4249839594393
2026-09-21T12:45:17,2519,1.093041138023837e-05,0.18459999561309814,848.3993656863695
2026-09-21T12:45:57,2520,1.0926566705113419e-05,0.18301616609096527,848.4172083432452
2026-09-21T12:46:41,2521,1.0922722029988466e-05,0.2166835367679596,848.4107996282042
2026-09-21T12:47:16,2522,1.0918877354863515e-05,0.24727264046669006,848.4229730446274
2026-09-21T12:47:58,2523,1.0915032679738562e-05,0.24658557772636414,848.4469210192825
2026-09-21T12:48:25,2524,1.0911188004613611e-05,0.2520017623901367,848.4445647978924
2026-09-21T12:49:03,2525,1.090734332948866e-05,0.3235776126384735,848.457275708242
2026-09-21T12:50:14,2526,1.0903498654363707e-05,0.29069915413856506,848.4724605553644
2026-09-21T12:51:06,2527,1.0899653979238756e-05,0.29949384927749634,848.4824825786201
2026-09-21T12:51:30,2528,1.0895809304113803e-05,0.255264550447464,848.4886562082847
2026-09-21T12:52:31,2529,1.0891964628988852e-05,0.264037549495697,848.4462097898531
2026-09-21T12:53:29,2530,1.08881199538639e-05,0.276164710521698,848.4670689625136
2026-09-21T12:54:46,2531,1.0884275278738948e-05,0.31324443221092224,848.4471498601281
2026-09-21T12:55:16,2532,1.0880430603613997e-05,0.21239790320396423,848.4519305734538
2026-09-21T12:56:00,2533,1.0876585928489044e-05,0.29096174240112305,848.4535550549656
2026-09-21T12:56:26,2534,1.0872741253364093e-05,0.21593420207500458,848.450913372399
2026-09-21T12:57:03,2535,1.0868896578239138e-05,0.333875834941864,848.470740776684
2026-09-21T12:58:00,2536,1.0865051903114187e-05,0.27229946851730347,848.4793094041571
2026-09-21T12:59:04,2537,1.0861207227989237e-05,0.3855098783969879,848.5000549268607
2026-09-21T12:59:36,2538,1.0857362552864283e-05,0.2196914553642273,848.499608504251
2026-09-21T13:00:01,2539,1.0853517877739332e-05,0.2384101152420044,848.5060271930615
2026-09-21T13:00:23,2540,1.0849673202614379e-05,0.2877863049507141,848.4948706118514
2026-09-21T13:02:06,2541,1.0845828527489428e-05,0.3083149790763855,848.4950780260308
2026-09-21T13:02:38,2542,1.0841983852364477e-05,0.24670499563217163,848.4854971877764
2026-09-21T13:03:05,2543,1.0838139177239524e-05,0.20393076539039612,848.4908372480152
2026-09-21T13:03:48,2544,1.0834294502114573e-05,0.27521729469299316,848.4942448944676
2026-09-21T13:04:36,2545,1.083044982698962e-05,0.2640328109264374,848.4930826002326
2026-09-21T13:06:10,2546,1.0826605151864669e-05,0.3391655683517456,848.4719579233124
2026-09-21T13:06:38,2547,1.0822760476739716e-05,0.1838051676750183,848.4723878472092
2026-09-21T13:06:58,2548,1.0818915801614765e-05,0.23111827671527863,848.4563010765262
2026-09-21T13:07:45,2549,1.0815071126489813e-05,0.24718309938907623,848.4538477636427
2026-09-21T13:08:31,2550,1.081122645136486e-05,0.31931015849113464,848.4834702412747
2026-09-21T13:08:59,2551,1.080738177623991e-05,0.2356666624546051,848.4830281133179
2026-09-21T13:09:24,2552,1.0803537101114957e-05,0.22799767553806305,848.4880895844045
2026-09-21T13:10:21,2553,1.0799692425990005e-05,0.30570748448371887,848.4986093930818
2026-09-21T13:10:50,2554,1.0795847750865054e-05,0.23956462740898132,848.5058925057161
2026-09-21T13:12:03,2555,1.0792003075740101e-05,0.24641716480255127,848.484582909818
2026-09-21T13:12:36,2556,1.078815840061515e-05,0.27691352367401123,848.5000188329553
2026-09-21T13:13:06,2557,1.0784313725490196e-05,0.18050235509872437,848.5138151349263
2026-09-21T13:13:31,2558,1.0780469050365245e-05,0.17890822887420654,848.5032432423017
2026-09-21T13:14:12,2559,1.0776624375240292e-05,0.2873556613922119,848.5205876660182
2026-09-21T13:14:32,2560,1.077277970011534e-05,0.18490344285964966,848.5090226101117
2026-09-21T13:15:16,2561,1.076893502499039e-05,0.26830774545669556,848.5129457463969
2026-09-21T13:15:37,2562,1.0765090349865437e-05,0.25672802329063416,848.5046197039036
2026-09-21T13:16:57,2563,1.0761245674740485e-05,0.32368895411491394,848.4744545053869
2026-09-21T13:17:26,2564,1.0757400999615533e-05,0.25909295678138733,848.4801034047437
2026-09-21T13:17:55,2565,1.0753556324490581e-05,0.26051953434944153,848.4771873574821
2026-09-21T13:18:24,2566,1.0749711649365629e-05,0.16835050284862518,848.4754200513376
2026-09-21T13:19:12,2567,1.0745866974240677e-05,0.2291542887687683,848.5003060589646
2026-09-21T13:19:45,2568,1.0742022299115726e-05,0.2227281630039215,848.5154799133267
2026-09-21T13:20:15,2569,1.0738177623990773e-05,0.30221059918403625,848.5265096331465
2026-09-21T13:20:44,2570,1.0734332948865822e-05,0.22779880464076996,848.5328973858424
2026-09-21T13:21:16,2571,1.073048827374087e-05,0.25287681818008423,848.5404997339369
2026-09-21T13:22:21,2572,1.0726643598615918e-05,0.33186444640159607,848.5234801647605
2026-09-21T13:22:46,2573,1.0722798923490967e-05,0.23831535875797272,848.5135293185747
2026-09-21T13:23:37,2574,1.0718954248366014e-05,0.20031236112117767,848.5059460719118
2026-09-21T13:24:10,2575,1.0715109573241063e-05,0.28547704219818115,848.5117941003602
2026-09-21T13:24:58,2576,1.071126489811611e-05,0.23889289796352386,848.5307021945825
2026-09-21T13:25:59,2577,1.0707420222991159e-05,0.2583741247653961,848.5477344612145
2026-09-21T13:26:29,2578,1.0703575547866205e-05,0.1944628804922104,848.5606051239538
2026-09-21T13:27:12,2579,1.0699730872741253e-05,0.2749379277229309,848.5687684485267
2026-09-21T13:27:53,2580,1.0695886197616304e-05,0.1966416835784912,848.5643349932855
2026-09-21T13:28:35,2581,1.069204152249135e-05,0.24808639287948608,848.5684197236386
2026-09-21T13:29:45,2582,1.0688196847366398e-05,0.3184397220611572,848.5470264675262
2026-09-21T13:30:30,2583,1.0684352172241445e-05,0.2463710904121399,848.5653906567386
2026-09-21T13:32:05,2584,1.0680507497116494e-05,0.3239317238330841,848.5180719556599
2026-09-21T13:32:42,2585,1.0676662821991543e-05,0.29945898056030273,848.5391769669556
2026-09-21T13:33:14,2586,1.067281814686659e-05,0.25844046473503113,848.5526847341655
2026-09-21T13:33:57,2587,1.0668973471741639e-05,0.27814000844955444,848.5746133923711
2026-09-21T13:34:21,2588,1.0665128796616686e-05,0.20518290996551514,848.5783725049035
2026-09-21T13:34:59,2589,1.0661284121491735e-05,0.21078655123710632,848.5722523252241
2026-09-21T13:36:05,2590,1.0657439446366782e-05,0.3370577096939087,848.54614757843
2026-09-21T13:36:31,2591,1.0653594771241831e-05,0.1828441023826599,848.5444175335899
2026-09-21T13:37:01,2592,1.064975009611688e-05,0.29158076643943787,848.5576210816375
2026-09-21T13:37:30,2593,1.0645905420991927e-05,0.23984666168689728,848.5544711764459
2026-09-21T13:37:59,2594,1.0642060745866976e-05,0.31159597635269165,848.546745648536
2026-09-21T13:38:34,2595,1.0638216070742023e-05,0.2813098728656769,848.5486835558193
2026-09-21T13:39:46,2596,1.0634371395617072e-05,0.3158683478832245,848.5274832628721
2026-09-21T13:41:06,2597,1.063052672049212e-05,0.3413679003715515,848.5043804815018
2026-09-21T13:42:31,2598,1.0626682045367168e-05,0.2837023437023163,848.4581866582114
2026-09-21T13:42:58,2599,1.0622837370242217e-05,0.27620717883110046,848.4576257545684
2026-09-21T13:43:59,2600,1.0618992695117262e-05,0.23089993000030518,848.4163891602027
2026-09-21T13:44:22,2601,1.0615148019992311e-05,0.24686412513256073,848.4050401299132
2026-09-21T13:44:54,2602,1.0611303344867358e-05,0.20114541053771973,848.4070861708749
2026-09-21T13:45:44,2603,1.0607458669742407e-05,0.2960308790206909,848.4203935835475
2026-09-21T13:46:46,2604,1.0603613994617456e-05,0.30832064151763916,848.3787716517334
2026-09-21T13:47:29,2605,1.0599769319492503e-05,0.2631700038909912,848.3995523844376
2026-09-21T13:48:02,2606,1.0595924644367552e-05,0.14257726073265076,848.3946238065314
2026-09-21T13:48:43,2607,1.0592079969242599e-05,0.2589031755924225,848.4100581200767
2026-09-21T13:49:18,2608,1.0588235294117648e-05,0.19563518464565277,848.4054127425017
2026-09-21T13:49:58,2609,1.0584390618992697e-05,0.26215991377830505,848.4350513744923
2026-09-21T13:50:49,2610,1.0580545943867744e-05,0.24126121401786804,848.43545026947
2026-09-21T13:51:31,2611,1.0576701268742793e-05,0.2959303557872772,848.424833929032
2026-09-21T13:51:57,2612,1.057285659361784e-05,0.20471128821372986,848.4319183212067
2026-09-21T13:52:27,2613,1.0569011918492889e-05,0.21276935935020447,848.4441478255118
2026-09-21T13:53:03,2614,1.0565167243367936e-05,0.231663316488266,848.463696920926
2026-09-21T13:53:35,2615,1.0561322568242985e-05,0.2734915614128113,848.4761453145536
2026-09-21T13:53:55,2616,1.0557477893118034e-05,0.265020489692688,848.4602101285761
2026-09-21T13:54:40,2617,1.055363321799308e-05,0.21473893523216248,848.4811825278028
2026-09-21T13:55:12,2618,1.054978854286813e-05,0.2505553960800171,848.5022788613765
2026-09-21T13:55:33,2619,1.0545943867743175e-05,0.21518830955028534,848.485142258271
2026-09-21T13:56:35,2620,1.0542099192618225e-05,0.20384886860847473,848.4926426761947
2026-09-21T13:56:59,2621,1.0538254517493274e-05,0.24605527520179749,848.4979160727237
2026-09-21T13:57:34,2622,1.053440984236832e-05,0.2526731491088867,848.5276531975221
2026-09-21T13:57:59,2623,1.053056516724337e-05,0.22793546319007874,848.5287801207652
2026-09-21T13:59:08,2624,1.0526720492118416e-05,0.2472434937953949,848.5032256961214
2026-09-21T13:59:38,2625,1.0522875816993465e-05,0.2506676912307739,848.5207378968423
2026-09-21T14:00:57,2626,1.0519031141868512e-05,0.2754111886024475,848.4900731749805
2026-09-21T14:01:44,2627,1.051518646674356e-05,0.2755553126335144,848.5262047774308
2026-09-21T14:02:15,2628,1.051134179161861e-05,0.21552535891532898,848.5477653193346
2026-09-21T14:02:48,2629,1.0507497116493657e-05,0.3230787515640259,848.5689014547283
2026-09-21T14:04:03,2630,1.0503652441368705e-05,0.30110225081443787,848.5670097335283
2026-09-21T14:04:39,2631,1.0499807766243753e-05,0.1961907148361206,848.5771646142201
2026-09-21T14:05:10,2632,1.0495963091118801e-05,0.2898286283016205,848.5912523196994
2026-09-21T14:05:31,2633,1.0492118415993849e-05,0.2753664255142212,848.5821387730737
2026-09-21T14:06:24,2634,1.0488273740868897e-05,0.2367294877767563,848.5970077094387
2026-09-21T14:06:56,2635,1.0484429065743946e-05,0.2343406081199646,848.6032757144112
2026-09-21T14:07:59,2636,1.0480584390618993e-05,0.20380249619483948,848.6134469252016
2026-09-21T14:08:33,2637,1.0476739715494042e-05,0.3088490664958954,848.6173993706127
2026-09-21T14:09:09,2638,1.047289504036909e-05,0.24828174710273743,848.6385654904307
2026-09-21T14:09:31,2639,1.0469050365244138e-05,0.2521167993545532,848.6292165324231
2026-09-21T14:09:59,2640,1.0465205690119187e-05,0.32082030177116394,848.6400280129516
2026-09-21T14:10:55,2641,1.0461361014994234e-05,0.35249990224838257,848.659449768515
2026-09-21T14:11:35,2642,1.0457516339869283e-05,0.33949124813079834,848.6791395476241
2026-09-21T14:12:00,2643,1.0453671664744329e-05,0.26559874415397644,848.6839174960784
2026-09-21T14:12:40,2644,1.0449826989619377e-05,0.2645631730556488,848.694664342717
2026-09-21T14:13:18,2645,1.0445982314494425e-05,0.28820985555648804,848.6807310941587
2026-09-21T14:13:46,2646,1.0442137639369473e-05,0.2649027109146118,848.6861571601451
2026-09-21T14:14:50,2647,1.0438292964244522e-05,0.18214164674282074,848.6436117847095
2026-09-21T14:15:28,2648,1.043444828911957e-05,0.232752725481987,848.6666340122665
2026-09-21T14:15:48,2649,1.0430603613994618e-05,0.2279239296913147,848.6666593950148
2026-09-21T14:16:17,2650,1.0426758938869665e-05,0.2395385205745697,848.6787873433791
2026-09-21T14:16:50,2651,1.0422914263744714e-05,0.27572864294052124,848.6863913980991
2026-09-21T14:18:01,2652,1.0419069588619763e-05,0.27095943689346313,848.6662373576604
2026-09-21T14:18:47,2653,1.041522491349481e-05,0.2715822458267212,848.6618060055721
2026-09-21T14:19:49,2654,1.0411380238369859e-05,0.29100024700164795,848.6192864139226
2026-09-21T14:20:18,2655,1.0407535563244906e-05,0.2718847095966339,848.6178979461118
2026-09-21T14:21:59,2656,1.0403690888119955e-05,0.25742295384407043,848.5405439804709
2026-09-21T14:22:23,2657,1.0399846212995002e-05,0.2234572172164917,848.5365659726145
2026-09-21T14:23:02,2658,1.0396001537870051e-05,0.2744707465171814,848.5515142275051
2026-09-21T14:24:06,2659,1.03921568627451e-05,0.21122199296951294,848.5164783618752
2026-09-21T14:24:40,2660,1.0388312187620147e-05,0.3055334687232971,848.529906258842
2026-09-21T14:25:30,2661,1.0384467512495196e-05,0.29378294944763184,848.5243205684867
2026-09-21T14:25:53,2662,1.0380622837370241e-05,0.23213519155979156,848.5145419269597
2026-09-21T14:26:26,2663,1.0376778162245292e-05,0.18498317897319794,848.51909580126
2026-09-21T14:26:58,2664,1.037293348712034e-05,0.20291981101036072,848.5301718581825
2026-09-21T14:29:03,2665,1.0369088811995386e-05,0.33238428831100464,848.471245889013
2026-09-21T14:29:42,2666,1.0365244136870437e-05,0.2470647692680359,848.492405214773
2026-09-21T14:30:47,2667,1.0361399461745482e-05,0.3015008270740509,848.4850053935082
2026-09-21T14:31:10,2668,1.0357554786620531e-05,0.22661495208740234,848.4756860083986
2026-09-21T14:31:40,2669,1.0353710111495578e-05,0.21598859131336212,848.4875057999596
2026-09-21T14:32:11,2670,1.0349865436370627e-05,0.23056001961231232,848.4951425221593
2026-09-21T14:32:36,2671,1.0346020761245676e-05,0.25390106439590454,848.4927233491454
2026-09-21T14:33:12,2672,1.0342176086120723e-05,0.30187129974365234,848.4947593442631
2026-09-21T14:33:44,2673,1.0338331410995772e-05,0.2523210346698761,848.5076969985537
2026-09-21T14:34:17,2674,1.0334486735870819e-05,0.2996060252189636,848.5287907619788
2026-09-21T14:34:45,2675,1.0330642060745868e-05,0.27549514174461365,848.5214985255363
2026-09-21T14:35:59,2676,1.0326797385620917e-05,0.3089013993740082,848.5008843828647
2026-09-21T14:37:05,2677,1.0322952710495964e-05,0.35893678665161133,848.5131387069558
2026-09-21T14:37:32,2678,1.0319108035371013e-05,0.22181975841522217,848.5205943735909
2026-09-21T14:37:59,2679,1.031526336024606e-05,0.29774507880210876,848.5196307849898
2026-09-21T14:38:17,2680,1.0311418685121109e-05,0.23911035060882568,848.5105721665935
2026-09-21T14:39:47,2681,1.0307574009996156e-05,0.27501586079597473,848.5102595964421
2026-09-21T14:40:46,2682,1.0303729334871205e-05,0.24101680517196655,848.4812512410386
2026-09-21T14:41:08,2683,1.0299884659746254e-05,0.19728687405586243,848.4712839273234
2026-09-21T14:42:13,2684,1.02960399846213e-05,0.3003246784210205,848.493054258728
2026-09-21T14:42:49,2685,1.029219530949635e-05,0.2905057370662689,848.5134411540287
2026-09-21T14:43:36,2686,1.0288350634371395e-05,0.2406993806362152,848.5470514893362
2026-09-21T14:44:02,2687,1.0284505959246444e-05,0.20979072153568268,848.5411952633655
2026-09-21T14:44:52,2688,1.0280661284121494e-05,0.3322952687740326,848.5522548323067
2026-09-21T14:45:17,2689,1.027681660899654e-05,0.20595577359199524,848.5525082771984
2026-09-21T14:46:06,2690,1.0272971933871589e-05,0.2166479229927063,848.5327478027265
2026-09-21T14:46:46,2691,1.0269127258746636e-05,0.23327407240867615,848.5528727451309
2026-09-21T14:47:37,2692,1.0265282583621685e-05,0.28485342860221863,848.5746139007226
2026-09-21T14:47:59,2693,1.0261437908496732e-05,0.1707199513912201,848.5678768313336
2026-09-21T14:48:29,2694,1.025759323337178e-05,0.19974714517593384,848.5739808496648
2026-09-21T14:48:51,2695,1.025374855824683e-05,0.16581502556800842,848.5721005639117
2026-09-21T14:49:27,2696,1.0249903883121877e-05,0.23317840695381165,848.5653616957784
2026-09-21T14:50:31,2697,1.0246059207996926e-05,0.24939702451229095,848.5272473049682
2026-09-21T14:51:15,2698,1.0242214532871973e-05,0.28428903222084045,848.5341606504217
2026-09-21T14:51:53,2699,1.0238369857747022e-05,0.19634351134300232,848.5444208669576
2026-09-21T14:52:27,2700,1.0234525182622069e-05,0.2202327400445938,848.5668382486014
2026-09-21T14:53:05,2701,1.0230680507497118e-05,0.23266436159610748,848.5891278854219
2026-09-21T14:53:22,2702,1.0226835832372166e-05,0.20459437370300293,848.5673418111152
2026-09-21T14:53:52,2703,1.0222991157247214e-05,0.22496986389160156,848.5743351124482
2026-09-21T14:55:24,2704,1.0219146482122262e-05,0.3653342127799988,848.5439493828478
2026-09-21T14:55:56,2705,1.0215301806997308e-05,0.2391662895679474,848.5558235398532
2026-09-21T14:56:30,2706,1.0211457131872358e-05,0.24814751744270325,848.5710816110806
2026-09-21T14:57:14,2707,1.0207612456747407e-05,0.32016417384147644,848.5766900061227
2026-09-21T14:58:03,2708,1.0203767781622453e-05,0.2536260485649109,848.5761603670771
2026-09-21T14:58:47,2709,1.0199923106497503e-05,0.2511625587940216,848.5984921272129
2026-09-21T14:59:16,2710,1.0196078431372549e-05,0.23681265115737915,848.604127559906
2026-09-21T15:00:23,2711,1.0192233756247598e-05,0.1773301362991333,848.5660977211325
2026-09-21T15:00:56,2712,1.0188389081122645e-05,0.2489490956068039,848.5875572964923
2026-09-21T15:01:16,2713,1.0184544405997694e-05,0.1873546689748764,848.5780034820214
2026-09-21T15:01:39,2714,1.0180699730872742e-05,0.21386851370334625,848.5703577904735
2026-09-21T15:02:14,2715,1.017685505574779e-05,0.2416587471961975,848.5897887391591
2026-09-21T15:02:47,2716,1.0173010380622838e-05,0.17652527987957,848.6010345953927
2026-09-21T15:03:21,2717,1.0169165705497886e-05,0.2312508225440979,848.6187839082448
2026-09-21T15:04:04,2718,1.0165321030372934e-05,0.26534464955329895,848.6348888927711
2026-09-21T15:05:09,2719,1.0161476355247983e-05,0.31402117013931274,848.6367981644764
2026-09-21T15:05:42,2720,1.015763168012303e-05,0.22141042351722717,848.6497085643811
2026-09-21T15:06:11,2721,1.015378700499808e-05,0.18623507022857666,848.6488580278914
2026-09-21T15:07:24,2722,1.0149942329873126e-05,0.2614061236381531,848.6139245318317
2026-09-21T15:07:58,2723,1.0146097654748175e-05,0.1900104284286499,848.6194839074055
2026-09-21T15:09:19,2724,1.0142252979623222e-05,0.2500993013381958,848.5941815631614
2026-09-21T15:09:51,2725,1.0138408304498271e-05,0.2538149356842041,848.5973108748789
2026-09-21T15:10:17,2726,1.013456362937332e-05,0.2520497143268585,848.6030891337548
2026-09-21T15:11:15,2727,1.0130718954248367e-05,0.28158196806907654,848.5976207037453
2026-09-21T15:11:52,2728,1.0126874279123416e-05,0.28417128324508667,848.5946222849793
2026-09-21T15:12:16,2729,1.0123029603998461e-05,0.25114232301712036,848.5929733556133
2026-09-21T15:13:34,2730,1.011918492887351e-05,0.2314147800207138,848.5552250823579
2026-09-21T15:14:09,2731,1.0115340253748561e-05,0.19470122456550598,848.5681962896846
2026-09-21T15:14:40,2732,1.0111495578623606e-05,0.20240357518196106,848.5809316685798
2026-09-21T15:15:45,2733,1.0107650903498655e-05,0.24933044612407684,848.5449652806097
2026-09-21T15:16:14,2734,1.0103806228373702e-05,0.2094745635986328,848.5472631586847
2026-09-21T15:16:38,2735,1.0099961553248751e-05,0.20488591492176056,848.5450609727367
2026-09-21T15:17:17,2736,1.0096116878123798e-05,0.23132222890853882,848.565550176326
2026-09-21T15:17:42,2737,1.0092272202998847e-05,0.20233199000358582,848.5698719095085
2026-09-21T15:18:43,2738,1.0088427527873896e-05,0.2520921528339386,848.592126104584
2026-09-21T15:19:11,2739,1.0084582852748943e-05,0.2159656584262848,848.6043089270146
2026-09-21T15:19:41,2740,1.0080738177623992e-05,0.16226744651794434,848.6022003543367
2026-09-21T15:20:18,2741,1.007689350249904e-05,0.20222589373588562,848.5994638587949
2026-09-21T15:20:46,2742,1.0073048827374088e-05,0.1974920630455017,848.5973486405513
2026-09-21T15:22:01,2743,1.0069204152249137e-05,0.24314716458320618,848.5665431781848
2026-09-21T15:23:37,2744,1.0065359477124184e-05,0.3372589647769928,848.517847283031
2026-09-21T15:24:02,2745,1.0061514801999233e-05,0.1897154599428177,848.5228707077272
2026-09-21T15:24:47,2746,1.005767012687428e-05,0.1862274706363678,848.538751318279
2026-09-21T15:25:17,2747,1.0053825451749329e-05,0.22273468971252441,848.5436068201817
2026-09-21T15:26:16,2748,1.0049980776624374e-05,0.22918888926506042,848.5031617694482
2026-09-21T15:27:26,2749,1.0046136101499425e-05,0.20598477125167847,848.4752959706534
2026-09-21T15:28:27,2750,1.0042291426374474e-05,0.21886210143566132,848.4412680946507
2026-09-21T15:29:04,2751,1.0038446751249519e-05,0.1885528862476349,848.4596835724817
2026-09-21T15:29:34,2752,1.0034602076124568e-05,0.24233998358249664,848.4589627747572
2026-09-21T15:30:06,2753,1.0030757400999615e-05,0.2558196783065796,848.4664100364088
2026-09-21T15:30:42,2754,1.0026912725874664e-05,0.20311036705970764,848.4798240196749
2026-09-21T15:31:28,2755,1.0023068050749713e-05,0.25515952706336975,848.4761554296398
2026-09-21T15:33:01,2756,1.001922337562476e-05,0.264586478471756,848.4179399219547
2026-09-21T15:33:34,2757,1.0015378700499809e-05,0.21887968480587006,848.4387490260328
2026-09-21T15:34:51,2758,1.0011534025374856e-05,0.22778964042663574,848.3993599048573
2026-09-21T15:35:32,2759,1.0007689350249905e-05,0.18661540746688843,848.3826294800774
2026-09-21T15:35:55,2760,1.0003844675124952e-05,0.1750991940498352,848.3878615038194
2026-09-21T15:37:30,2761,1e-05,0.2747231423854828,848.3137302284048
2026-09-21T15:38:23,2762,9.996155324875048e-06,0.20922797918319702,848.3071774977452
2026-09-21T15:39:13,2763,9.992310649750097e-06,0.2379177063703537,848.33174481483
2026-09-21T15:39:42,2764,9.988465974625144e-06,0.2486187368631363,848.336708291214
2026-09-21T15:40:14,2765,9.984621299500193e-06,0.14770478010177612,848.3491613602282
2026-09-21T15:40:44,2766,9.980776624375242e-06,0.1877870261669159,848.3619369404815
2026-09-21T15:41:44,2767,9.976931949250289e-06,0.349458247423172,848.3787715422366
2026-09-21T15:42:20,2768,9.973087274125338e-06,0.24224001169204712,848.3920997743202
2026-09-21T15:43:17,2769,9.969242599000385e-06,0.2794020473957062,848.3502711315455
2026-09-21T15:43:43,2770,9.965397923875434e-06,0.1827024668455124,848.3332499473786
2026-09-21T15:44:13,2771,9.961553248750482e-06,0.29482269287109375,848.3297118917443
2026-09-21T15:44:55,2772,9.95770857362553e-06,0.27344727516174316,848.3284973926089
2026-09-21T15:45:26,2773,9.953863898500577e-06,0.23620803654193878,848.3352724934871
2026-09-21T15:46:01,2774,9.950019223375626e-06,0.24471139907836914,848.3395341722788
2026-09-21T15:47:07,2775,9.946174548250673e-06,0.304544597864151,848.3493855351434
2026-09-21T15:48:08,2776,9.942329873125722e-06,0.18362605571746826,848.3177481389584
2026-09-21T15:48:42,2777,9.93848519800077e-06,0.21946552395820618,848.3219873018098
2026-09-21T15:49:00,2778,9.934640522875818e-06,0.2260114848613739,848.3077868722703
2026-09-21T15:49:46,2779,9.930795847750866e-06,0.2932407259941101,848.3257657089838
2026-09-21T15:50:48,2780,9.926951172625914e-06,0.2525288462638855,848.3381034728524
2026-09-21T15:51:34,2781,9.923106497500962e-06,0.24299152195453644,848.3343465011947
2026-09-21T15:52:03,2782,9.91926182237601e-06,0.20747587084770203,848.3376960182617
2026-09-21T15:53:13,2783,9.915417147251058e-06,0.22283893823623657,848.3180397429546
2026-09-21T15:54:21,2784,9.911572472126106e-06,0.17581672966480255,848.31231660791
2026-09-21T15:55:04,2785,9.907727797001154e-06,0.24140211939811707,848.3173608203782
2026-09-21T15:55:48,2786,9.903883121876202e-06,0.28615832328796387,848.3439357024841
2026-09-21T15:56:13,2787,9.90003844675125e-06,0.2114831507205963,848.3414312816926
2026-09-21T15:56:59,2788,9.896193771626298e-06,0.20303045213222504,848.3512562441063
2026-09-21T15:58:12,2789,9.892349096501346e-06,0.2771202325820923,848.3435633870685
2026-09-21T15:58:38,2790,9.888504421376395e-06,0.20892223715782166,848.3436513712948
2026-09-21T15:59:18,2791,9.884659746251442e-06,0.18228286504745483,848.3507091316618
2026-09-21T16:00:07,2792,9.880815071126491e-06,0.18267317116260529,848.373444309776
2026-09-21T16:00:32,2793,9.876970396001538e-06,0.23566186428070068,848.3777202178458
2026-09-21T16:01:12,2794,9.873125720876586e-06,0.28792643547058105,848.3886030385235
2026-09-21T16:02:03,2795,9.869281045751634e-06,0.25800418853759766,848.3859197150998
2026-09-21T16:02:47,2796,9.865436370626683e-06,0.19536766409873962,848.3956076175446
2026-09-21T16:03:22,2797,9.86159169550173e-06,0.2913508415222168,848.4034893785943
2026-09-21T16:03:55,2798,9.85774702037678e-06,0.18821170926094055,848.3992697277466
2026-09-21T16:04:28,2799,9.853902345251826e-06,0.2782016396522522,848.4257744988
2026-09-21T16:05:05,2800,9.850057670126875e-06,0.25464218854904175,848.4388648308304
2026-09-21T16:05:32,2801,9.846212995001924e-06,0.18109799921512604,848.4499287951619
2026-09-21T16:06:47,2802,9.842368319876971e-06,0.272490531206131,848.4288220653922
2026-09-21T16:07:41,2803,9.83852364475202e-06,0.2918597459793091,848.4383780517538
2026-09-21T16:08:11,2804,9.834678969627067e-06,0.28922024369239807,848.4509136494233
2026-09-21T16:09:01,2805,9.830834294502114e-06,0.27309727668762207,848.447699896427
2026-09-21T16:10:22,2806,9.826989619377163e-06,0.27299705147743225,848.417920375713
2026-09-21T16:10:51,2807,9.823144944252212e-06,0.19717788696289062,848.4286619365099
2026-09-21T16:11:15,2808,9.81930026912726e-06,0.13491252064704895,848.416506095217
2026-09-21T16:11:50,2809,9.815455594002308e-06,0.22292622923851013,848.4170425507998
2026-09-21T16:12:19,2810,9.811610918877355e-06,0.2010485827922821,848.4225961566716
2026-09-21T16:12:53,2811,9.807766243752404e-06,0.246989905834198,848.4367252416407
2026-09-21T16:13:19,2812,9.803921568627451e-06,0.18105937540531158,848.428086279325
2026-09-21T16:13:47,2813,9.8000768935025e-06,0.2311244159936905,848.4278364501081
2026-09-21T16:14:49,2814,9.796232218377549e-06,0.2278444468975067,848.3943607110547
2026-09-21T16:16:12,2815,9.792387543252596e-06,0.2536357641220093,848.3697354867842
2026-09-21T16:16:33,2816,9.788542868127643e-06,0.18572159111499786,848.3596877829063
2026-09-21T16:17:17,2817,9.784698193002692e-06,0.21643492579460144,848.3617830193273
2026-09-21T16:17:52,2818,9.78085351787774e-06,0.20984962582588196,848.37455722849
2026-09-21T16:18:36,2819,9.777008842752788e-06,0.2811829447746277,848.3862714482311
2026-09-21T16:19:21,2820,9.773164167627837e-06,0.2043006867170334,848.4118631845445
2026-09-21T16:19:57,2821,9.769319492502884e-06,0.25767385959625244,848.4230977560421
2026-09-21T16:21:05,2822,9.765474817377933e-06,0.258823961019516,848.3880201838667
2026-09-21T16:21:45,2823,9.76163014225298e-06,0.204988032579422,848.4090917340473
2026-09-21T16:22:10,2824,9.757785467128029e-06,0.16652552783489227,848.4086766242386
2026-09-21T16:22:51,2825,9.753940792003078e-06,0.2604217529296875,848.4239044682897
2026-09-21T16:23:50,2826,9.750096116878125e-06,0.24194113910198212,848.3782743831564
2026-09-21T16:24:19,2827,9.746251441753172e-06,0.21155643463134766,848.3863750005003
2026-09-21T16:24:47,2828,9.742406766628221e-06,0.22489295899868011,848.3831039100072
2026-09-21T16:25:33,2829,9.738562091503268e-06,0.3318498134613037,848.3875933719559
2026-09-21T16:25:53,2830,9.734717416378317e-06,0.16941259801387787,848.3756039362529
2026-09-21T16:26:41,2831,9.730872741253364e-06,0.3170890212059021,848.3804953966572
2026-09-21T16:27:03,2832,9.727028066128413e-06,0.20669597387313843,848.3714017005537
2026-09-21T16:27:59,2833,9.723183391003462e-06,0.3319941461086273,848.388811994203
2026-09-21T16:28:37,2834,9.719338715878509e-06,0.1872057020664215,848.4042822156235
2026-09-21T16:29:32,2835,9.715494040753558e-06,0.28333592414855957,848.3974135862564
2026-09-21T16:30:10,2836,9.711649365628605e-06,0.2504193186759949,848.3919713944031
2026-09-21T16:31:11,2837,9.707804690503652e-06,0.2832203507423401,848.3575943404651
2026-09-21T16:31:32,2838,9.703960015378701e-06,0.21826845407485962,848.3498009814183
2026-09-21T16:32:05,2839,9.70011534025375e-06,0.21422934532165527,848.3637638679797
2026-09-21T16:32:50,2840,9.696270665128797e-06,0.21826297044754028,848.3877604975952
2026-09-21T16:33:49,2841,9.692425990003846e-06,0.15467111766338348,848.3392958390853
2026-09-21T16:34:19,2842,9.688581314878893e-06,0.23785731196403503,848.3477002879023
2026-09-21T16:35:22,2843,9.684736639753942e-06,0.2373494803905487,848.3180220512571
2026-09-21T16:36:51,2844,9.68089196462899e-06,0.278455913066864,848.2843710907492
2026-09-21T16:37:30,2845,9.677047289504038e-06,0.2385837733745575,848.304993716272
2026-09-21T16:37:58,2846,9.673202614379087e-06,0.16325581073760986,848.309464196001
2026-09-21T16:38:14,2847,9.669357939254134e-06,0.17692555487155914,848.2956858687255
2026-09-21T16:38:40,2848,9.665513264129181e-06,0.19484835863113403,848.2999599119572
2026-09-21T16:39:45,2849,9.66166858900423e-06,0.2323731929063797,848.3156419988298
2026-09-21T16:40:10,2850,9.657823913879279e-06,0.26302433013916016,848.3128098280293
2026-09-21T16:40:45,2851,9.653979238754326e-06,0.2222040891647339,848.3242225855068
2026-09-21T16:41:10,2852,9.650134563629375e-06,0.20856264233589172,848.3296736718473
2026-09-21T16:41:35,2853,9.646289888504422e-06,0.22657468914985657,848.3271627020409
2026-09-21T16:42:01,2854,9.64244521337947e-06,0.19841521978378296,848.3314169156315
2026-09-21T16:42:43,2855,9.638600538254518e-06,0.2366732656955719,848.3414206319537
2026-09-21T16:43:10,2856,9.634755863129567e-06,0.22500251233577728,848.3462965974486
2026-09-21T16:43:36,2857,9.630911188004615e-06,0.17245303094387054,848.3468293474697
2026-09-21T16:44:10,2858,9.627066512879663e-06,0.22271689772605896,848.3735128505185
2026-09-21T16:44:32,2859,9.62322183775471e-06,0.16823530197143555,848.357819026326
2026-09-21T16:44:59,2860,9.619377162629759e-06,0.18416357040405273,848.3556965333339
2026-09-21T16:45:47,2861,9.615532487504806e-06,0.22073495388031006,848.3762212497146
2026-09-21T16:46:26,2862,9.611687812379855e-06,0.23978488147258759,848.378495129509
2026-09-21T16:47:14,2863,9.607843137254903e-06,0.23393025994300842,848.3934271874095
2026-09-21T16:48:51,2864,9.60399846212995e-06,0.24081896245479584,848.3691980670369
2026-09-21T16:49:30,2865,9.600153787005e-06,0.3051871657371521,848.3859146479053
2026-09-21T16:50:00,2866,9.596309111880047e-06,0.23236685991287231,848.3917705772172
2026-09-21T16:50:28,2867,9.592464436755095e-06,0.20210570096969604,848.3961511959751
2026-09-21T16:51:05,2868,9.588619761630144e-06,0.30918267369270325,848.3955946415579
2026-09-21T16:51:42,2869,9.584775086505191e-06,0.1823301464319229,848.4158110539042
2026-09-21T16:52:52,2870,9.580930411380239e-06,0.3465481400489807,848.3981548543389
2026-09-21T16:53:19,2871,9.577085736255287e-06,0.2104935646057129,848.3961001104764
2026-09-21T16:53:53,2872,9.573241061130335e-06,0.2071133852005005,848.4010109680348
2026-09-21T16:54:37,2873,9.569396386005383e-06,0.24154222011566162,848.4098887232024
2026-09-21T16:55:06,2874,9.565551710880432e-06,0.1978987455368042,848.4158206016307
2026-09-21T16:55:56,2875,9.56170703575548e-06,0.16254004836082458,848.3748239505213
2026-09-21T16:56:20,2876,9.557862360630528e-06,0.2018335461616516,848.3668208013947
2026-09-21T16:56:47,2877,9.554017685505575e-06,0.23927931487560272,848.3721775319157
2026-09-21T16:57:45,2878,9.550173010380624e-06,0.2429928183555603,848.3461134114477
2026-09-21T16:58:09,2879,9.546328335255671e-06,0.17267607152462006,848.3367183833358
2026-09-21T16:59:09,2880,9.54248366013072e-06,0.26377880573272705,848.3035842692907
2026-09-21T16:59:54,2881,9.538638985005767e-06,0.24136075377464294,848.3270080956027
2026-09-21T17:00:28,2882,9.534794309880816e-06,0.2788740396499634,848.3383973073476
2026-09-21T17:01:20,2883,9.530949634755863e-06,0.31666094064712524,848.3607742293308
2026-09-21T17:02:01,2884,9.527104959630912e-06,0.2270665317773819,848.3678159391167
2026-09-21T17:02:37,2885,9.52326028450596e-06,0.23853401839733124,848.3863464946462
2026-09-21T17:03:06,2886,9.519415609381008e-06,0.2541514039039612,848.3845540013723
2026-09-21T17:03:28,2887,9.515570934256057e-06,0.2099890410900116,848.3850404040176
2026-09-21T17:04:14,2888,9.511726259131104e-06,0.2263021618127823,848.3946582681535
2026-09-21T17:04:50,2889,9.507881584006153e-06,0.18638627231121063,848.4021331687794
2026-09-21T17:05:11,2890,9.5040369088812e-06,0.1835687905550003,848.3927667609698
2026-09-21T17:05:43,2891,9.500192233756247e-06,0.1968286782503128,848.3973476533745
2026-09-21T17:06:14,2892,9.496347558631296e-06,0.30499938130378723,848.4057851248381
2026-09-21T17:06:49,2893,9.492502883506345e-06,0.23405510187149048,848.4250681518014
2026-09-21T17:07:37,2894,9.488658208381392e-06,0.2805037498474121,848.4128761313591
2026-09-21T17:08:15,2895,9.484813533256441e-06,0.2786126136779785,848.4191880523022
2026-09-21T17:08:41,2896,9.480968858131488e-06,0.2217291295528412,848.4173608421479
2026-09-21T17:09:15,2897,9.477124183006537e-06,0.2365013062953949,848.4305120293413
2026-09-21T17:10:20,2898,9.473279507881584e-06,0.28896868228912354,848.4303700779446
2026-09-21T17:11:23,2899,9.469434832756633e-06,0.19495296478271484,848.4299136300425
2026-09-21T17:11:58,2900,9.465590157631682e-06,0.24648624658584595,848.4410451302778
2026-09-21T17:12:36,2901,9.461745482506729e-06,0.24730826914310455,848.4528106960795
2026-09-21T17:13:20,2902,9.457900807381776e-06,0.2287450134754181,848.4714699130238
2026-09-21T17:13:50,2903,9.454056132256825e-06,0.245774507522583,848.4691958371137
2026-09-21T17:14:57,2904,9.450211457131872e-06,0.21949630975723267,848.4871135169402
2026-09-21T17:15:37,2905,9.446366782006921e-06,0.2266070544719696,848.5056335469756
2026-09-21T17:16:09,2906,9.44252210688197e-06,0.20759329199790955,848.5024134885946
2026-09-21T17:16:33,2907,9.438677431757017e-06,0.12545117735862732,848.4936128516263
2026-09-21T17:17:19,2908,9.434832756632066e-06,0.26326873898506165,848.4848875083889
2026-09-21T17:18:18,2909,9.430988081507113e-06,0.24052812159061432,848.5045978251358
2026-09-21T17:19:09,2910,9.42714340638216e-06,0.24841728806495667,848.5158715635247
2026-09-21T17:20:13,2911,9.42329873125721e-06,0.23065456748008728,848.496263119302
2026-09-21T17:20:34,2912,9.419454056132258e-06,0.1919042468070984,848.4898451297361
2026-09-21T17:22:12,2913,9.415609381007305e-06,0.37671786546707153,848.4532613833837
2026-09-21T17:22:52,2914,9.411764705882354e-06,0.21093907952308655,848.4452969390401
2026-09-21T17:23:47,2915,9.407920030757401e-06,0.2847832441329956,848.4422642702683
2026-09-21T17:24:22,2916,9.40407535563245e-06,0.23375464975833893,848.4685136657348
2026-09-21T17:24:52,2917,9.400230680507499e-06,0.22418393194675446,848.4743008882872
2026-09-21T17:25:48,2918,9.396386005382546e-06,0.26039552688598633,848.4923055140359
2026-09-21T17:26:54,2919,9.392541330257595e-06,0.25779032707214355,848.462419347335
2026-09-21T17:27:19,2920,9.388696655132642e-06,0.21135161817073822,848.4606633448595
2026-09-21T17:27:45,2921,9.38485198000769e-06,0.22655214369297028,848.4656630363588
2026-09-21T17:28:08,2922,9.381007304882738e-06,0.2926711440086365,848.4613663623738
2026-09-21T17:28:59,2923,9.377162629757787e-06,0.2751331925392151,848.4817350796034
2026-09-21T17:29:45,2924,9.373317954632834e-06,0.3342452347278595,848.4831815811764
2026-09-21T17:30:38,2925,9.369473279507883e-06,0.2222600281238556,848.4395958792736
2026-09-21T17:31:58,2926,9.36562860438293e-06,0.2396775186061859,848.453128632887
2026-09-21T17:32:22,2927,9.361783929257979e-06,0.2005501538515091,848.4580765205416
2026-09-21T17:32:53,2928,9.357939254133026e-06,0.19178548455238342,848.4705638022904
2026-09-21T17:33:25,2929,9.354094579008075e-06,0.26083141565322876,848.4897475969808
2026-09-21T17:33:57,2930,9.350249903883123e-06,0.2688741087913513,848.4882312673119
2026-09-21T17:34:29,2931,9.34640522875817e-06,0.20073729753494263,848.4998773096087
2026-09-21T17:35:06,2932,9.34256055363322e-06,0.20852860808372498,848.5249093770083
2026-09-21T17:35:45,2933,9.338715878508267e-06,0.2343297004699707,848.5447069805737
2026-09-21T17:36:58,2934,9.334871203383314e-06,0.27656567096710205,848.5209051236881
2026-09-21T17:37:28,2935,9.331026528258363e-06,0.16622613370418549,848.5325826860279
2026-09-21T17:37:54,2936,9.327181853133411e-06,0.1837434470653534,848.527126829776
2026-09-21T17:38:32,2937,9.323337178008459e-06,0.2562650442123413,848.5522048024387
2026-09-21T17:39:27,2938,9.319492502883507e-06,0.2527877986431122,848.5687542778614
2026-09-21T17:39:56,2939,9.315647827758555e-06,0.21281905472278595,848.5806334977234
2026-09-21T17:40:21,2940,9.311803152633603e-06,0.2039235234260559,848.5782436084439
2026-09-21T17:40:43,2941,9.307958477508652e-06,0.20079022645950317,848.5766121981825
2026-09-21T17:41:12,2942,9.3041138023837e-06,0.24123066663742065,848.5742027609492
2026-09-21T17:41:52,2943,9.300269127258748e-06,0.24479836225509644,848.5787929096733
2026-09-21T17:42:20,2944,9.296424452133795e-06,0.23024356365203857,848.5848515348246
2026-09-21T17:42:46,2945,9.292579777008843e-06,0.18392235040664673,848.5910556011473
2026-09-21T17:43:24,2946,9.288735101883891e-06,0.2244168221950531,848.6074420528997
2026-09-21T17:44:11,2947,9.28489042675894e-06,0.2266378104686737,848.624989998452
2026-09-21T17:44:55,2948,9.281045751633987e-06,0.2934587597846985,848.6496049900202
2026-09-21T17:45:20,2949,9.277201076509036e-06,0.17247359454631805,848.6544797371633
2026-09-21T17:45:49,2950,9.273356401384083e-06,0.26266923546791077,848.6605101866484
2026-09-21T17:46:25,2951,9.269511726259132e-06,0.18260648846626282,848.6692654675358
2026-09-21T17:47:15,2952,9.26566705113418e-06,0.20147991180419922,848.6617188772121
2026-09-21T17:47:46,2953,9.261822376009228e-06,0.22692443430423737,848.665612729615
2026-09-21T17:48:19,2954,9.257977700884277e-06,0.23655539751052856,848.6793306853433
2026-09-21T17:48:40,2955,9.254133025759324e-06,0.22173240780830383,848.6737722975886
2026-09-21T17:49:21,2956,9.250288350634371e-06,0.2406286895275116,848.7006403894623
2026-09-21T17:50:27,2957,9.24644367550942e-06,0.29216253757476807,848.6988084533455
2026-09-21T17:51:11,2958,9.242599000384467e-06,0.2670648992061615,848.7047516447585
2026-09-21T17:51:55,2959,9.238754325259516e-06,0.18757152557373047,848.7295989291663
2026-09-21T17:52:19,2960,9.234909650134565e-06,0.2450897991657257,848.7280218391729
2026-09-21T17:52:48,2961,9.231064975009612e-06,0.28179237246513367,848.7332511975354
2026-09-21T17:53:31,2962,9.227220299884661e-06,0.1956123411655426,848.7589788611525
2026-09-21T17:54:42,2963,9.223375624759708e-06,0.2848128378391266,848.783649950697
2026-09-21T17:55:06,2964,9.219530949634757e-06,0.2476639598608017,848.7830233273744
2026-09-21T17:55:35,2965,9.215686274509804e-06,0.19361764192581177,848.7875857397166
2026-09-21T17:56:18,2966,9.211841599384853e-06,0.23130175471305847,848.7941011101304
2026-09-21T17:57:39,2967,9.2079969242599e-06,0.29484251141548157,848.7922580884281
2026-09-21T17:58:08,2968,9.204152249134949e-06,0.1708056926727295,848.7907199614552
2026-09-21T17:58:49,2969,9.200307574009996e-06,0.2672152519226074,848.8139936536563
2026-09-21T17:59:16,2970,9.196462898885045e-06,0.20381206274032593,848.8012863331074
2026-09-21T17:59:47,2971,9.192618223760092e-06,0.2094370424747467,848.8044306241915
2026-09-21T18:00:49,2972,9.188773548635141e-06,0.19337312877178192,848.7607177438349
2026-09-21T18:01:12,2973,9.18492887351019e-06,0.19404065608978271,848.7583397930898
2026-09-21T18:02:45,2974,9.181084198385237e-06,0.3279199004173279,848.737358166286
2026-09-21T18:03:23,2975,9.177239523260286e-06,0.24898144602775574,848.7433621084333
2026-09-21T18:03:59,2976,9.173394848135333e-06,0.23065072298049927,848.7541811626234
2026-09-21T18:04:44,2977,9.16955017301038e-06,0.2895596921443939,848.7793609344667
2026-09-21T18:05:15,2978,9.165705497885429e-06,0.19458067417144775,848.7843377813049
2026-09-21T18:05:56,2979,9.161860822760478e-06,0.24552631378173828,848.7955437690913
2026-09-21T18:06:21,2980,9.158016147635525e-06,0.16720104217529297,848.7957046917027
2026-09-21T18:06:54,2981,9.154171472510574e-06,0.1947205364704132,848.8000585910669
2026-09-21T18:07:31,2982,9.150326797385621e-06,0.27033644914627075,848.7972019569968
2026-09-21T18:07:57,2983,9.14648212226067e-06,0.14426520466804504,848.7946533631754
2026-09-21T18:08:44,2984,9.142637447135719e-06,0.2038130760192871,848.8182725630603
2026-09-21T18:09:16,2985,9.138792772010766e-06,0.17490622401237488,848.8222044322536
2026-09-21T18:10:05,2986,9.134948096885815e-06,0.27809545397758484,848.8403781274011
2026-09-21T18:10:55,2987,9.131103421760862e-06,0.3617311120033264,848.8638054016877
2026-09-21T18:12:23,2988,9.127258746635909e-06,0.306495726108551,848.8681644493485
2026-09-21T18:13:24,2989,9.123414071510958e-06,0.2585907578468323,848.8836459035242
2026-09-21T18:13:55,2990,9.119569396386007e-06,0.2510197162628174,848.8955627825907
2026-09-21T18:14:35,2991,9.115724721261054e-06,0.23737525939941406,848.893568009027
2026-09-21T18:15:32,2992,9.111880046136103e-06,0.2753089964389801,848.9201711592442
2026-09-21T18:16:43,2993,9.10803537101115e-06,0.2602330446243286,848.8963103841273
2026-09-21T18:17:49,2994,9.104190695886199e-06,0.22482113540172577,848.8861311857595
2026-09-21T18:18:22,2995,9.100346020761246e-06,0.22977186739444733,848.8757773506636
2026-09-21T18:18:43,2996,9.096501345636295e-06,0.20597250759601593,848.8678032570344
2026-09-21T18:19:12,2997,9.092656670511344e-06,0.1747206151485443,848.8756459295008
2026-09-21T18:19:46,2998,9.08881199538639e-06,0.19894352555274963,848.8867869942046
2026-09-21T18:20:11,2999,9.084967320261438e-06,0.24978986382484436,848.8865084428224
2026-09-21T18:20:34,3000,9.081122645136487e-06,0.18991374969482422,848.8856330292177
2026-09-21T18:21:05,3001,9.077277970011534e-06,0.2769332528114319,848.885029657901
2026-09-21T18:21:26,3002,9.073433294886583e-06,0.16387483477592468,848.8695396122926
2026-09-21T18:22:01,3003,9.069588619761632e-06,0.22411784529685974,848.870419783417
2026-09-21T18:23:02,3004,9.065743944636679e-06,0.24808096885681152,848.8487282827956
2026-09-21T18:23:25,3005,9.061899269511728e-06,0.18091732263565063,848.8547130546602
2026-09-21T18:24:03,3006,9.058054594386775e-06,0.21889251470565796,848.8625294779199
2026-09-21T18:24:30,3007,9.054209919261822e-06,0.15628227591514587,848.8686220105521
2026-09-21T18:25:06,3008,9.050365244136872e-06,0.2602616250514984,848.8687410253586
2026-09-21T18:25:50,3009,9.04652056901192e-06,0.28774702548980713,848.8628394910689
2026-09-21T18:27:00,3010,9.042675893886967e-06,0.21809905767440796,848.8556125644931
2026-09-21T18:27:53,3011,9.038831218762016e-06,0.3241613805294037,848.8669509744219
2026-09-21T18:29:02,3012,9.034986543637063e-06,0.22124029695987701,848.8427893979393
2026-09-21T18:29:32,3013,9.031141868512112e-06,0.2441307008266449,848.8504173226607
2026-09-21T18:30:08,3014,9.02729719338716e-06,0.25246119499206543,848.8612513481613
2026-09-21T18:30:33,3015,9.023452518262208e-06,0.2557623088359833,848.8622596595832
2026-09-21T18:31:07,3016,9.019607843137256e-06,0.18610775470733643,848.8669357162171
2026-09-21T18:31:33,3017,9.015763168012304e-06,0.21789872646331787,848.8738479220847
2026-09-21T18:32:09,3018,9.011918492887352e-06,0.21246902644634247,848.891902451014
2026-09-21T18:32:44,3019,9.0080738177624e-06,0.18423396348953247,848.903570166677
2026-09-21T18:33:16,3020,9.004229142637448e-06,0.2384871244430542,848.9169446660509
2026-09-21T18:33:42,3021,9.000384467512496e-06,0.2538830041885376,848.9209142998942
2026-09-21T18:34:51,3022,8.996539792387544e-06,0.2285245656967163,848.89613950931
2026-09-21T18:35:51,3023,8.992695117262592e-06,0.208132803440094,848.8647542803632
2026-09-21T18:37:04,3024,8.98885044213764e-06,0.29920756816864014,848.8454498682694
2026-09-21T18:37:35,3025,8.985005767012688e-06,0.19663268327713013,848.856516900557
2026-09-21T18:38:20,3026,8.981161091887736e-06,0.20455175638198853,848.8613299908861
2026-09-21T18:38:49,3027,8.977316416762785e-06,0.17825695872306824,848.8660311180962
2026-09-21T18:39:24,3028,8.973471741637832e-06,0.2671451270580292,848.8671500906994
2026-09-21T18:39:48,3029,8.969627066512881e-06,0.15587185323238373,848.8574056526326
2026-09-21T18:40:27,3030,8.965782391387928e-06,0.2752422094345093,848.8730867995879
2026-09-21T18:41:00,3031,8.961937716262975e-06,0.2622288763523102,848.8905819813041
2026-09-21T18:41:22,3032,8.958093041138024e-06,0.20450769364833832,848.881702979025
2026-09-21T18:42:10,3033,8.954248366013073e-06,0.24657808244228363,848.8821350119182
2026-09-21T18:42:59,3034,8.95040369088812e-06,0.2842457890510559,848.8839211789524
2026-09-21T18:43:31,3035,8.94655901576317e-06,0.18904729187488556,848.8881270387768
2026-09-21T18:44:12,3036,8.942714340638216e-06,0.24588125944137573,848.8944978414567
2026-09-21T18:44:38,3037,8.938869665513265e-06,0.2820517420768738,848.8926577153321
2026-09-21T18:45:10,3038,8.935024990388312e-06,0.2537992596626282,848.8985789356848
2026-09-21T18:45:43,3039,8.931180315263361e-06,0.24988549947738647,848.9030337321669
2026-09-21T18:46:20,3040,8.92733564013841e-06,0.2663862407207489,848.9206720776524
2026-09-21T18:46:52,3041,8.923490965013457e-06,0.22742998600006104,848.9260369732141
2026-09-21T18:47:15,3042,8.919646289888504e-06,0.17826709151268005,848.9183942838595
2026-09-21T18:47:35,3043,8.915801614763553e-06,0.20321273803710938,848.9041969248973
2026-09-21T18:48:30,3044,8.9119569396386e-06,0.22164614498615265,848.9247822758879
2026-09-21T18:48:52,3045,8.90811226451365e-06,0.18528442084789276,848.9236229346956
2026-09-21T18:49:32,3046,8.904267589388698e-06,0.25517967343330383,848.9423337146311
2026-09-21T18:50:05,3047,8.900422914263745e-06,0.2350189983844757,848.9669667831319
2026-09-21T18:50:54,3048,8.896578239138794e-06,0.23308442533016205,848.9810211800594
2026-09-21T18:52:30,3049,8.892733564013841e-06,0.2706347107887268,848.9345136995606
2026-09-21T18:53:11,3050,8.888888888888888e-06,0.2234928160905838,848.9525205598893
2026-09-21T18:54:04,3051,8.885044213763939e-06,0.29724177718162537,848.9622523423767
2026-09-21T18:54:49,3052,8.881199538638986e-06,0.20497137308120728,848.9731510317457
2026-09-21T18:55:30,3053,8.877354863514033e-06,0.20874324440956116,848.996698828155
2026-09-21T18:56:04,3054,8.873510188389082e-06,0.2117166668176651,849.0073799969849
2026-09-21T18:56:57,3055,8.869665513264129e-06,0.2308502495288849,848.9885726709645
2026-09-21T18:57:29,3056,8.865820838139178e-06,0.23462048172950745,849.0045730098464
2026-09-21T18:57:55,3057,8.861976163014227e-06,0.22489088773727417,849.0044585265093
2026-09-21T18:58:29,3058,8.858131487889274e-06,0.2006649672985077,849.0175963223273
2026-09-21T18:59:03,3059,8.854286812764323e-06,0.30381590127944946,849.027409399885
2026-09-21T19:00:32,3060,8.85044213763937e-06,0.2398199588060379,848.9988395048666
2026-09-21T19:01:28,3061,8.846597462514419e-06,0.2270631492137909,848.971677570168
2026-09-21T19:01:58,3062,8.842752787389466e-06,0.178819477558136,848.9639251083037
2026-09-21T19:02:26,3063,8.838908112264515e-06,0.24013134837150574,848.9678646292637
2026-09-21T19:03:38,3064,8.835063437139562e-06,0.22571831941604614,848.9434348032636
2026-09-21T19:04:24,3065,8.83121876201461e-06,0.24298056960105896,848.9489729051231
2026-09-21T19:04:46,3066,8.827374086889658e-06,0.22869060933589935,848.9469465651608
2026-09-21T19:05:36,3067,8.823529411764707e-06,0.20393767952919006,848.9405059914997
2026-09-21T19:06:03,3068,8.819684736639754e-06,0.1999625414609909,848.9349977333152
2026-09-21T19:06:45,3069,8.815840061514803e-06,0.2793586850166321,848.9423092941729
2026-09-21T19:07:09,3070,8.811995386389852e-06,0.21040919423103333,848.929388520633
2026-09-21T19:07:58,3071,8.808150711264899e-06,0.2421340048313141,848.9265358539627
2026-09-21T19:08:27,3072,8.804306036139948e-06,0.25113171339035034,848.9315732961034
2026-09-21T19:09:33,3073,8.800461361014995e-06,0.253861665725708,848.9017607804686
2026-09-21T19:09:57,3074,8.796616685890042e-06,0.2606799602508545,848.8921016611024
2026-09-21T19:10:25,3075,8.79277201076509e-06,0.22444355487823486,848.8910874714313
2026-09-21T19:10:53,3076,8.78892733564014e-06,0.2237873375415802,848.8951346133247
2026-09-21T19:11:44,3077,8.785082660515187e-06,0.23021824657917023,848.8866690443463
2026-09-21T19:12:32,3078,8.781237985390236e-06,0.24913930892944336,848.8992459286898
2026-09-21T19:13:10,3079,8.777393310265283e-06,0.23033097386360168,848.9103980127734
2026-09-21T19:13:54,3080,8.773548635140332e-06,0.1854737251996994,848.9069100690214
2026-09-21T19:14:44,3081,8.76970396001538e-06,0.2390117347240448,848.8827917658035
2026-09-21T19:15:08,3082,8.765859284890428e-06,0.23274487257003784,848.8765109719076
2026-09-21T19:15:57,3083,8.762014609765476e-06,0.2629789113998413,848.8753604623134
2026-09-21T19:16:51,3084,8.758169934640524e-06,0.22449526190757751,848.875963751033
2026-09-21T19:17:57,3085,8.75432525951557e-06,0.2635044753551483,848.8395429060541
2026-09-21T19:18:31,3086,8.75048058439062e-06,0.18940569460391998,848.8440775181065
2026-09-21T19:19:00,3087,8.746635909265668e-06,0.2041739672422409,848.8435189180531
2026-09-21T19:19:26,3088,8.742791234140716e-06,0.22547203302383423,848.8429678393554
2026-09-21T19:19:50,3089,8.738946559015764e-06,0.2136726677417755,848.8334351858595
2026-09-21T19:20:34,3090,8.735101883890812e-06,0.26234835386276245,848.8546352480608
2026-09-21T19:21:22,3091,8.73125720876586e-06,0.2639002799987793,848.8663116049875
2026-09-21T19:21:57,3092,8.727412533640908e-06,0.22881099581718445,848.8774655169407
2026-09-21T19:22:44,3093,8.723567858515956e-06,0.23298808932304382,848.8774424251154
2026-09-21T19:23:11,3094,8.719723183391005e-06,0.21281123161315918,848.8688583463733
2026-09-21T19:23:55,3095,8.715878508266052e-06,0.26638472080230713,848.8999618926518
2026-09-21T19:24:52,3096,8.7120338331411e-06,0.22038762271404266,848.856406405449
2026-09-21T19:25:10,3097,8.708189158016148e-06,0.1490902453660965,848.8317459724011
2026-09-21T19:25:54,3098,8.704344482891196e-06,0.22965258359909058,848.8474425256096
2026-09-21T19:26:26,3099,8.700499807766244e-06,0.24677789211273193,848.8519512538552
2026-09-21T19:27:18,3100,8.696655132641293e-06,0.2646576762199402,848.8465995293079
2026-09-21T19:28:23,3101,8.69281045751634e-06,0.22036054730415344,848.8172056204113
2026-09-21T19:29:00,3102,8.68896578239139e-06,0.24739402532577515,848.8280473116562
2026-09-21T19:29:32,3103,8.685121107266436e-06,0.21402084827423096,848.8332041958225
2026-09-21T19:29:59,3104,8.681276432141484e-06,0.22509515285491943,848.8301006371822
2026-09-21T19:30:27,3105,8.677431757016532e-06,0.18310514092445374,848.8230188615274
2026-09-21T19:30:55,3106,8.673587081891581e-06,0.17927950620651245,848.8166131730004
2026-09-21T19:31:50,3107,8.669742406766628e-06,0.2721913754940033,848.7955729103699
2026-09-21T19:32:52,3108,8.665897731641677e-06,0.2192658931016922,848.7542134750378
2026-09-21T19:33:42,3109,8.662053056516724e-06,0.3278554677963257,848.7693381633176
2026-09-21T19:34:26,3110,8.658208381391773e-06,0.2894676923751831,848.7863897880284
2026-09-21T19:35:21,3111,8.65436370626682e-06,0.25035983324050903,848.7993675552626
2026-09-21T19:35:51,3112,8.65051903114187e-06,0.23170581459999084,848.7973262506633
2026-09-21T19:36:15,3113,8.646674356016918e-06,0.23121272027492523,848.792186415543
2026-09-21T19:36:59,3114,8.642829680891965e-06,0.23329263925552368,848.8069817652178
2026-09-21T19:37:22,3115,8.638985005767014e-06,0.18930743634700775,848.8035712808294
2026-09-21T19:37:46,3116,8.635140330642061e-06,0.20922982692718506,848.8013047664673
2026-09-21T19:38:11,3117,8.631295655517108e-06,0.21950379014015198,848.8041698940248
2026-09-21T19:38:42,3118,8.627450980392157e-06,0.25092560052871704,848.8100475533167
2026-09-21T19:40:08,3119,8.623606305267206e-06,0.3022155463695526,848.7930394899815
2026-09-21T19:41:17,3120,8.619761630142253e-06,0.28370973467826843,848.7749075531788
2026-09-21T19:41:48,3121,8.615916955017302e-06,0.23996317386627197,848.7862136510806
2026-09-21T19:42:25,3122,8.61207227989235e-06,0.3235146999359131,848.803082457746
2026-09-21T19:43:03,3123,8.608227604767398e-06,0.2596737742424011,848.8220541275774
2026-09-21T19:43:24,3124,8.604382929642447e-06,0.18487530946731567,848.8215086506373
2026-09-21T19:44:10,3125,8.600538254517494e-06,0.22177064418792725,848.8152074808316
2026-09-21T19:45:40,3126,8.596693579392543e-06,0.21205507218837738,848.7745739272382
2026-09-21T19:46:01,3127,8.59284890426759e-06,0.13378310203552246,848.7600852295902
2026-09-21T19:47:07,3128,8.589004229142637e-06,0.17868268489837646,848.7466438864778
2026-09-21T19:47:51,3129,8.585159554017686e-06,0.2823559641838074,848.7719122850916
2026-09-21T19:48:15,3130,8.581314878892735e-06,0.21097475290298462,848.7629214688288
2026-09-21T19:48:36,3131,8.577470203767782e-06,0.19075635075569153,848.7548074129907
2026-09-21T19:49:14,3132,8.573625528642831e-06,0.29941222071647644,848.7654913635735
2026-09-21T19:50:17,3133,8.569780853517878e-06,0.2804688811302185,848.7516738097117
2026-09-21T19:52:05,3134,8.565936178392927e-06,0.2832334041595459,848.7080859048461
2026-09-21T19:52:43,3135,8.562091503267974e-06,0.2421552538871765,848.705583306642
2026-09-21T19:53:17,3136,8.558246828143023e-06,0.15050332248210907,848.7102983389153
2026-09-21T19:54:06,3137,8.554402153018072e-06,0.25894781947135925,848.71153326219
2026-09-21T19:54:44,3138,8.550557477893119e-06,0.22102570533752441,848.7214182592554
2026-09-21T19:56:19,3139,8.546712802768166e-06,0.23480117321014404,848.7022045025767
2026-09-21T19:56:50,3140,8.542868127643215e-06,0.18598085641860962,848.7076830722677
2026-09-21T19:57:10,3141,8.539023452518262e-06,0.16958104074001312,848.6941966736575
2026-09-21T19:57:54,3142,8.535178777393311e-06,0.3721139132976532,848.712709588323
2026-09-21T19:58:24,3143,8.53133410226836e-06,0.32534414529800415,848.7169784687242
2026-09-21T19:58:48,3144,8.527489427143407e-06,0.18745866417884827,848.7144748482222
2026-09-21T19:59:10,3145,8.523644752018456e-06,0.16685850918293,848.7038760698754
2026-09-21T20:00:06,3146,8.519800076893503e-06,0.24101731181144714,848.69318645736
2026-09-21T20:00:56,3147,8.51595540176855e-06,0.22250241041183472,848.7027163938518
2026-09-21T20:01:28,3148,8.5121107266436e-06,0.15767447650432587,848.7084241142974
2026-09-21T20:01:55,3149,8.508266051518648e-06,0.23686912655830383,848.7145247214172
2026-09-21T20:02:25,3150,8.504421376393695e-06,0.20815911889076233,848.7128655285832
2026-09-21T20:02:46,3151,8.500576701268744e-06,0.1968686580657959,848.7133345232922
2026-09-21T20:03:09,3152,8.496732026143791e-06,0.2449723482131958,848.7040460261077
2026-09-21T20:04:04,3153,8.49288735101884e-06,0.2026134431362152,848.6923848467542
2026-09-21T20:04:34,3154,8.489042675893889e-06,0.243190199136734,848.7087740258422
2026-09-21T20:04:58,3155,8.485198000768936e-06,0.2332840859889984,848.7002807051867
2026-09-21T20:06:00,3156,8.481353325643985e-06,0.2584877014160156,848.6641461442858
2026-09-21T20:06:50,3157,8.477508650519032e-06,0.2536659240722656,848.6712529654517
2026-09-21T20:07:20,3158,8.47366397539408e-06,0.2695125341415405,848.6825745459959
2026-09-21T20:07:56,3159,8.469819300269128e-06,0.1997864544391632,848.6923769440164
2026-09-21T20:08:19,3160,8.465974625144177e-06,0.2027081996202469,848.6867390802887
2026-09-21T20:08:42,3161,8.462129950019224e-06,0.17629218101501465,848.6742506462958
2026-09-21T20:09:14,3162,8.458285274894273e-06,0.21277402341365814,848.6803952900168
2026-09-21T20:09:35,3163,8.45444059976932e-06,0.11834517121315002,848.6665571986667
2026-09-21T20:10:00,3164,8.450595924644369e-06,0.1767863780260086,848.6646085569577
2026-09-21T20:10:40,3165,8.446751249519416e-06,0.2714396119117737,848.6725370877753
2026-09-21T20:11:11,3166,8.442906574394465e-06,0.22581258416175842,848.6816105172261
2026-09-21T20:11:53,3167,8.439061899269513e-06,0.2706961929798126,848.689049606156
2026-09-21T20:12:20,3168,8.43521722414456e-06,0.26196205615997314,848.6888625690166
2026-09-21T20:12:46,3169,8.43137254901961e-06,0.2280469536781311,848.6858429631121
2026-09-21T20:13:20,3170,8.427527873894657e-06,0.2016231119632721,848.6965465992662
2026-09-21T20:13:55,3171,8.423683198769704e-06,0.3127850294113159,848.7139012570184
2026-09-21T20:14:19,3172,8.419838523644753e-06,0.20240336656570435,848.7133983223812
2026-09-21T20:14:55,3173,8.415993848519801e-06,0.17503121495246887,848.7143960232855
2026-09-21T20:15:52,3174,8.412149173394849e-06,0.2504635453224182,848.7032423250282
2026-09-21T20:16:30,3175,8.408304498269897e-06,0.23284703493118286,848.6939836278988
2026-09-21T20:17:04,3176,8.404459823144945e-06,0.20755529403686523,848.7044606179614
2026-09-21T20:17:31,3177,8.400615148019993e-06,0.28156065940856934,848.7092838832262
2026-09-21T20:18:38,3178,8.39677047289504e-06,0.22817130386829376,848.7004068875766
2026-09-21T20:19:09,3179,8.39292579777009e-06,0.2185378074645996,848.7106682947339
2026-09-21T20:19:32,3180,8.389081122645138e-06,0.1840992569923401,848.6978474148461
2026-09-21T20:20:32,3181,8.385236447520185e-06,0.24174654483795166,848.7045545414641
2026-09-21T20:21:08,3182,8.381391772395232e-06,0.19435131549835205,848.7155343067949
2026-09-21T20:22:04,3183,8.377547097270281e-06,0.3026157319545746,848.7354558587432
2026-09-21T20:22:29,3184,8.373702422145328e-06,0.1533544957637787,848.7350325708887
2026-09-21T20:23:04,3185,8.369857747020377e-06,0.1792193353176117,848.7467184335552
2026-09-21T20:23:59,3186,8.366013071895426e-06,0.2683933973312378,848.7533280330867
2026-09-21T20:24:34,3187,8.362168396770473e-06,0.213764026761055,848.7702282606057
2026-09-21T20:25:19,3188,8.358323721645522e-06,0.232392817735672,848.7813309580082
2026-09-21T20:25:57,3189,8.35447904652057e-06,0.2863623797893524,848.8053487875173
2026-09-21T20:26:28,3190,8.350634371395616e-06,0.26426762342453003,848.8163775139429
2026-09-21T20:27:48,3191,8.346789696270667e-06,0.3065761625766754,848.8110090239052
2026-09-21T20:28:12,3192,8.342945021145714e-06,0.1671757698059082,848.80950742602
2026-09-21T20:29:10,3193,8.339100346020761e-06,0.27528026700019836,848.7692223662684
2026-09-21T20:29:45,3194,8.33525567089581e-06,0.23353712260723114,848.7750204767723
2026-09-21T20:30:15,3195,8.331410995770857e-06,0.1762498915195465,848.7800857490937
2026-09-21T20:31:44,3196,8.327566320645906e-06,0.25591155886650085,848.7669324963099
2026-09-21T20:32:44,3197,8.323721645520955e-06,0.20280137658119202,848.7404329136076
2026-09-21T20:33:35,3198,8.319876970396002e-06,0.20624840259552002,848.7561152545585
2026-09-21T20:34:06,3199,8.316032295271051e-06,0.2778836786746979,848.7676783461544
2026-09-21T20:34:32,3200,8.312187620146098e-06,0.18596448004245758,848.7639820571991
2026-09-21T20:35:18,3201,8.308342945021145e-06,0.23557549715042114,848.769712029307
2026-09-21T20:35:47,3202,8.304498269896194e-06,0.23716408014297485,848.7818819306901
2026-09-21T20:36:11,3203,8.300653594771243e-06,0.22023099660873413,848.78541468051
2026-09-21T20:36:56,3204,8.29680891964629e-06,0.2131430208683014,848.7891982017293
2026-09-21T20:39:09,3205,8.292964244521339e-06,0.3468048870563507,848.7233477569677
2026-09-21T20:39:53,3206,8.289119569396386e-06,0.30135658383369446,848.7397291163289
2026-09-21T20:40:24,3207,8.285274894271435e-06,0.2756676971912384,848.7497889004022
2026-09-21T20:41:59,3208,8.281430219146482e-06,0.26334479451179504,848.6779380710848
2026-09-21T20:42:22,3209,8.277585544021531e-06,0.20206671953201294,848.6824079889095
2026-09-21T20:42:56,3210,8.27374086889658e-06,0.20770394802093506,848.6958119474037
2026-09-21T20:43:39,3211,8.269896193771627e-06,0.2199142873287201,848.7024050073288
2026-09-21T20:43:58,3212,8.266051518646676e-06,0.16201183199882507,848.6978752940072
2026-09-21T20:45:07,3213,8.262206843521723e-06,0.34182143211364746,848.6951795269529
2026-09-21T20:45:44,3214,8.25836216839677e-06,0.17275196313858032,848.713277612638
2026-09-21T20:46:32,3215,8.254517493271819e-06,0.2774164378643036,848.7223274550067
2026-09-21T20:47:47,3216,8.250672818146868e-06,0.369783490896225,848.725066879539
2026-09-21T20:48:24,3217,8.246828143021915e-06,0.19255846738815308,848.7424848237076
2026-09-21T20:49:15,3218,8.242983467896964e-06,0.23881429433822632,848.7530139529399
2026-09-21T20:49:47,3219,8.239138792772011e-06,0.2859977185726166,848.7582265537318
2026-09-21T20:50:16,3220,8.23529411764706e-06,0.1940981149673462,848.7635248901357
2026-09-21T20:50:55,3221,8.231449442522109e-06,0.2102387547492981,848.7873092916449
2026-09-21T20:51:34,3222,8.227604767397156e-06,0.25209397077560425,848.7980715794873
2026-09-21T20:52:16,3223,8.223760092272205e-06,0.2984168529510498,848.8082701625185
2026-09-21T20:52:44,3224,8.219915417147252e-06,0.2534629702568054,848.818985043611
2026-09-21T20:53:46,3225,8.216070742022299e-06,0.2209409475326538,848.790122635209
2026-09-21T20:54:44,3226,8.212226066897348e-06,0.19189268350601196,848.7465298212604
2026-09-21T20:55:13,3227,8.208381391772397e-06,0.2261444479227066,848.7583877570805
2026-09-21T20:55:56,3228,8.204536716647444e-06,0.30239948630332947,848.7893647674733
2026-09-21T20:56:56,3229,8.200692041522493e-06,0.28411665558815,848.7542637859441
2026-09-21T20:57:24,3230,8.19684736639754e-06,0.19932937622070312,848.7539596403694
2026-09-21T20:58:16,3231,8.193002691272589e-06,0.20878726243972778,848.7587397823395
2026-09-21T20:58:55,3232,8.189158016147636e-06,0.21475249528884888,848.7596308089685
2026-09-21T21:00:33,3233,8.185313341022683e-06,0.2678440511226654,848.709552520333
2026-09-21T21:01:37,3234,8.181468665897733e-06,0.22183190286159515,848.7101085143096
2026-09-21T21:02:19,3235,8.17762399077278e-06,0.23484231531620026,848.7275311551322
2026-09-21T21:03:29,3236,8.173779315647828e-06,0.2689366638660431,848.7058497831965
2026-09-21T21:03:57,3237,8.169934640522877e-06,0.1826314479112625,848.7043738082781
2026-09-21T21:04:50,3238,8.166089965397924e-06,0.3456873893737793,848.7196169915161
2026-09-21T21:05:28,3239,8.162245290272973e-06,0.1872301995754242,848.7315256865274
2026-09-21T21:05:52,3240,8.158400615148021e-06,0.20584122836589813,848.7232660566732
2026-09-21T21:06:14,3241,8.154555940023069e-06,0.19319374859333038,848.7234615038874
2026-09-21T21:07:00,3242,8.150711264898117e-06,0.2891048789024353,848.72695326187
2026-09-21T21:07:54,3243,8.146866589773165e-06,0.32611173391342163,848.7478175237497
2026-09-21T21:08:30,3244,8.143021914648212e-06,0.21725958585739136,848.757266553007
2026-09-21T21:09:23,3245,8.13917723952326e-06,0.22714552283287048,848.7528786119796
2026-09-21T21:09:58,3246,8.13533256439831e-06,0.2994259297847748,848.7646345396167
2026-09-21T21:10:27,3247,8.131487889273357e-06,0.3025563359260559,848.7766549406962
2026-09-21T21:10:54,3248,8.127643214148405e-06,0.1772862672805786,848.7764966285457
2026-09-21T21:11:15,3249,8.123798539023453e-06,0.21207141876220703,848.7687896761919
2026-09-21T21:12:25,3250,8.119953863898501e-06,0.22558057308197021,848.7538693159223
2026-09-21T21:13:28,3251,8.116109188773549e-06,0.22921344637870789,848.7271589634723
2026-09-21T21:13:52,3252,8.112264513648597e-06,0.17622481286525726,848.7277851237067
2026-09-21T21:14:23,3253,8.108419838523646e-06,0.18266966938972473,848.7319567907427
2026-09-21T21:15:05,3254,8.104575163398693e-06,0.22171175479888916,848.7470447887929
2026-09-21T21:15:51,3255,8.100730488273742e-06,0.3112879991531372,848.7705046988551
2026-09-21T21:16:18,3256,8.09688581314879e-06,0.18505315482616425,848.7681472439084
2026-09-21T21:16:59,3257,8.093041138023837e-06,0.22950877249240875,848.7931234904602
2026-09-21T21:17:20,3258,8.089196462898885e-06,0.20832398533821106,848.7812315061157
2026-09-21T21:18:15,3259,8.085351787773934e-06,0.290385901927948,848.7491248814804
2026-09-21T21:18:37,3260,8.081507112648981e-06,0.2002975344657898,848.7359064755462
2026-09-21T21:19:11,3261,8.07766243752403e-06,0.21386973559856415,848.7411047478711
2026-09-21T21:19:38,3262,8.073817762399077e-06,0.29693782329559326,848.7351606897289
2026-09-21T21:20:27,3263,8.069973087274126e-06,0.2855425775051117,848.7350088686492
2026-09-21T21:21:37,3264,8.066128412149175e-06,0.28680887818336487,848.7118744721346
2026-09-21T21:23:00,3265,8.062283737024222e-06,0.2532062530517578,848.6878292312654
2026-09-21T21:23:49,3266,8.058439061899271e-06,0.29249176383018494,848.6893310427257
2026-09-21T21:24:21,3267,8.054594386774318e-06,0.20862266421318054,848.6934535650811
2026-09-21T21:24:53,3268,8.050749711649365e-06,0.1355327069759369,848.6856824550281
2026-09-21T21:26:01,3269,8.046905036524414e-06,0.22755229473114014,848.6638755035516
2026-09-21T21:26:31,3270,8.043060361399463e-06,0.22378024458885193,848.6771435991125
2026-09-21T21:27:07,3271,8.03921568627451e-06,0.34384939074516296,848.6906475323199
2026-09-21T21:27:36,3272,8.035371011149559e-06,0.23125196993350983,848.6951767408314
2026-09-21T21:28:05,3273,8.031526336024606e-06,0.18361002206802368,848.6947140751441
2026-09-21T21:28:35,3274,8.027681660899655e-06,0.22881287336349487,848.694507308211
2026-09-21T21:29:10,3275,8.023836985774702e-06,0.249410480260849,848.7049270501564
2026-09-21T21:30:16,3276,8.019992310649751e-06,0.2229750007390976,848.6822214752785
2026-09-21T21:31:00,3277,8.0161476355248e-06,0.2885504961013794,848.6921891547694
2026-09-21T21:31:35,3278,8.012302960399847e-06,0.2129451036453247,848.7053255705014
2026-09-21T21:32:05,3279,8.008458285274894e-06,0.20297196507453918,848.7097845960561
2026-09-21T21:33:24,3280,8.004613610149943e-06,0.27084752917289734,848.6921923462122
2026-09-21T21:33:50,3281,8.00076893502499e-06,0.24191445112228394,848.6889819213021
2026-09-21T21:34:19,3282,7.996924259900039e-06,0.16863760352134705,848.6899237456018
2026-09-21T21:34:48,3283,7.993079584775088e-06,0.23620927333831787,848.7021509759339
2026-09-21T21:35:54,3284,7.989234909650135e-06,0.2974998354911804,848.6746907253955
2026-09-21T21:36:15,3285,7.985390234525184e-06,0.16829490661621094,848.6640066154564
2026-09-21T21:37:50,3286,7.981545559400231e-06,0.3112635016441345,848.6435422287116
2026-09-21T21:38:15,3287,7.977700884275278e-06,0.18952292203903198,848.6426900232584
2026-09-21T21:39:04,3288,7.973856209150329e-06,0.2690064609050751,848.6564292275094
2026-09-21T21:39:31,3289,7.970011534025376e-06,0.17176508903503418,848.6606770665459
2026-09-21T21:39:49,3290,7.966166858900423e-06,0.165006622672081,848.6488475155729
2026-09-21T21:40:11,3291,7.962322183775472e-06,0.17086568474769592,848.6421695446181
2026-09-21T21:40:38,3292,7.958477508650519e-06,0.1790996491909027,848.653296411123
2026-09-21T21:41:11,3293,7.954632833525568e-06,0.2032995969057083,848.6632331402716
2026-09-21T21:41:49,3294,7.950788158400617e-06,0.24130743741989136,848.6803703602717
2026-09-21T21:42:51,3295,7.946943483275664e-06,0.3464328646659851,848.7005245278445
2026-09-21T21:43:46,3296,7.943098808150713e-06,0.27433034777641296,848.696774295356
2026-09-21T21:44:25,3297,7.93925413302576e-06,0.19201421737670898,848.7000962990599
2026-09-21T21:45:08,3298,7.935409457900807e-06,0.24137917160987854,848.7139671449238
2026-09-21T21:45:36,3299,7.931564782775856e-06,0.21497827768325806,848.7118413985678
2026-09-21T21:46:08,3300,7.927720107650903e-06,0.20655667781829834,848.7152047356284
2026-09-21T21:46:36,3301,7.923875432525952e-06,0.19025938212871552,848.7213108370736
2026-09-21T21:47:08,3302,7.920030757401e-06,0.21964290738105774,848.7265560861545
2026-09-21T21:47:38,3303,7.916186082276048e-06,0.21053273975849152,848.7429225780365
2026-09-21T21:48:31,3304,7.912341407151097e-06,0.24110083281993866,848.7484085369977
2026-09-21T21:49:04,3305,7.908496732026144e-06,0.23260840773582458,848.7597878668155
2026-09-21T21:49:29,3306,7.904652056901193e-06,0.267326682806015,848.7544042690396
2026-09-21T21:50:32,3307,7.900807381776242e-06,0.2876163125038147,848.7403646255325
2026-09-21T21:50:56,3308,7.896962706651289e-06,0.23080304265022278,848.7321385884421
2026-09-21T21:51:59,3309,7.893118031526338e-06,0.33507776260375977,848.7507108767585
2026-09-21T21:52:54,3310,7.889273356401385e-06,0.2934954762458801,848.7638810515252
2026-09-21T21:53:51,3311,7.885428681276432e-06,0.2907635569572449,848.7351407342468
2026-09-21T21:54:12,3312,7.88158400615148e-06,0.2337900698184967,848.7241488694638
2026-09-21T21:55:24,3313,7.87773933102653e-06,0.30670803785324097,848.7023573246794
2026-09-21T21:56:01,3314,7.873894655901577e-06,0.2705162465572357,848.7181987293454
2026-09-21T21:56:42,3315,7.870049980776626e-06,0.25066518783569336,848.7410914316264
2026-09-21T21:57:30,3316,7.866205305651673e-06,0.32023629546165466,848.7543735496726
2026-09-21T21:57:59,3317,7.862360630526722e-06,0.23984287679195404,848.7595166993705
2026-09-21T21:58:34,3318,7.858515955401769e-06,0.18984240293502808,848.761401612802
2026-09-21T21:59:10,3319,7.854671280276818e-06,0.21423637866973877,848.7631658685508
2026-09-21T21:59:56,3320,7.850826605151866e-06,0.2541845142841339,848.7727751956813
2026-09-21T22:00:23,3321,7.846981930026914e-06,0.18686991930007935,848.7779165673597
2026-09-21T22:00:59,3322,7.84313725490196e-06,0.24876776337623596,848.7958000615262
2026-09-21T22:01:29,3323,7.83929257977701e-06,0.17717687785625458,848.8062608390655
2026-09-21T22:02:50,3324,7.835447904652057e-06,0.2937227487564087,848.8042296432411
2026-09-21T22:03:33,3325,7.831603229527106e-06,0.29566270112991333,848.8283716908733
2026-09-21T22:04:00,3326,7.827758554402154e-06,0.23553580045700073,848.838286319803
2026-09-21T22:04:47,3327,7.823913879277201e-06,0.27550265192985535,848.8516420619019
2026-09-21T22:05:14,3328,7.82006920415225e-06,0.17365705966949463,848.8553763589593
2026-09-21T22:05:57,3329,7.816224529027297e-06,0.1835688054561615,848.847355364202
2026-09-21T22:07:00,3330,7.812379853902345e-06,0.23572082817554474,848.8196959296665
2026-09-21T22:08:19,3331,7.808535178777395e-06,0.31851011514663696,848.8125056236622
2026-09-21T22:09:49,3332,7.804690503652442e-06,0.22636015713214874,848.7767976933213
2026-09-21T22:10:18,3333,7.80084582852749e-06,0.2976973354816437,848.7872430545171
2026-09-21T22:10:44,3334,7.797001153402538e-06,0.24751020967960358,848.7907613576359
2026-09-21T22:11:49,3335,7.793156478277585e-06,0.25249969959259033,848.7629757878041
2026-09-21T22:12:36,3336,7.789311803152634e-06,0.2374015599489212,848.7688216190701
2026-09-21T22:13:27,3337,7.785467128027683e-06,0.2710649371147156,848.779058172933
2026-09-21T22:14:05,3338,7.78162245290273e-06,0.24707449972629547,848.7954420014282
2026-09-21T22:14:35,3339,7.77777777777778e-06,0.18147799372673035,848.8057798694375
2026-09-21T22:15:17,3340,7.773933102652826e-06,0.25449252128601074,848.8158704447001
2026-09-21T22:16:13,3341,7.770088427527873e-06,0.2942153811454773,848.8336468955064
2026-09-21T22:16:33,3342,7.766243752402922e-06,0.16868066787719727,848.820713849996
2026-09-21T22:17:04,3343,7.762399077277971e-06,0.18326514959335327,848.8252322009608
2026-09-21T22:17:27,3344,7.758554402153018e-06,0.1594865322113037,848.8160989819338
2026-09-21T22:17:58,3345,7.754709727028067e-06,0.2597304582595825,848.8258822911282
2026-09-21T22:18:40,3346,7.750865051903114e-06,0.2789768576622009,848.8419471223044
2026-09-21T22:19:05,3347,7.747020376778163e-06,0.204041987657547,848.8471404769327
2026-09-21T22:19:47,3348,7.74317570165321e-06,0.3021685481071472,848.8637689144102
2026-09-21T22:20:15,3349,7.739331026528259e-06,0.18131712079048157,848.868406342395
2026-09-21T22:21:12,3350,7.735486351403308e-06,0.24818524718284607,848.8727679039582
2026-09-21T22:22:04,3351,7.731641676278355e-06,0.24661795794963837,848.8809526428165
2026-09-21T22:22:27,3352,7.727797001153404e-06,0.14076754450798035,848.8728977731153
2026-09-21T22:22:59,3353,7.723952326028451e-06,0.3048453629016876,848.8793051596716
2026-09-21T22:23:54,3354,7.720107650903498e-06,0.2889332175254822,848.8943978136788
2026-09-21T22:24:16,3355,7.716262975778547e-06,0.21717950701713562,848.8877937651647
2026-09-21T22:25:02,3356,7.712418300653596e-06,0.1921505331993103,848.9007787785567
2026-09-21T22:25:38,3357,7.708573625528643e-06,0.20155304670333862,848.9120160899165
2026-09-21T22:26:13,3358,7.704728950403692e-06,0.16472479701042175,848.9233441336921
2026-09-21T22:26:53,3359,7.700884275278739e-06,0.28056567907333374,848.9399968747904
2026-09-21T22:27:29,3360,7.697039600153788e-06,0.22305499017238617,848.9502505904427
2026-09-21T22:28:02,3361,7.693194925028837e-06,0.21924056112766266,848.9620048204785
2026-09-21T22:28:42,3362,7.689350249903884e-06,0.25869619846343994,848.9922896648633
2026-09-21T22:29:17,3363,7.685505574778933e-06,0.247545063495636,849.0031862621174
2026-09-21T22:30:05,3364,7.68166089965398e-06,0.22939571738243103,849.0053264506299
2026-09-21T22:31:00,3365,7.677816224529027e-06,0.18583089113235474,849.0105566491334
2026-09-21T22:31:23,3366,7.673971549404076e-06,0.2550217807292938,849.0027633836006
2026-09-21T22:31:44,3367,7.670126874279123e-06,0.15635308623313904,849.0023882921524
2026-09-21T22:32:52,3368,7.666282199154172e-06,0.27277737855911255,849.0125100121254
2026-09-21T22:33:44,3369,7.66243752402922e-06,0.3402014970779419,848.9965934031169
2026-09-21T22:34:30,3370,7.658592848904268e-06,0.22070114314556122,849.0078459241487
2026-09-21T22:35:30,3371,7.654748173779317e-06,0.3257496953010559,849.0079829946499
2026-09-21T22:36:10,3372,7.650903498654364e-06,0.1967378705739975,849.0088885607867
2026-09-21T22:37:11,3373,7.647058823529411e-06,0.3084850609302521,849.0029358820632
2026-09-21T22:38:17,3374,7.643214148404462e-06,0.2599896192550659,849.0023142072329
2026-09-21T22:39:20,3375,7.639369473279509e-06,0.22168833017349243,848.9798160946619
2026-09-21T22:39:47,3376,7.635524798154556e-06,0.16409467160701752,848.9774872358872
2026-09-21T22:40:11,3377,7.631680123029605e-06,0.22941738367080688,848.9756622324835
2026-09-21T22:40:34,3378,7.627835447904653e-06,0.1498146653175354,848.9687224436101
2026-09-21T22:41:20,3379,7.6239907727797e-06,0.21884551644325256,848.9812754280682
2026-09-21T22:41:56,3380,7.62014609765475e-06,0.24198108911514282,848.9988487735055
2026-09-21T22:42:33,3381,7.616301422529797e-06,0.21387538313865662,849.0093820331822
2026-09-21T22:43:31,3382,7.612456747404845e-06,0.22099769115447998,849.0027057884305
2026-09-21T22:44:20,3383,7.608612072279893e-06,0.2356974333524704,849.0192865755272
2026-09-21T22:45:07,3384,7.604767397154941e-06,0.23894159495830536,849.028840251736
2026-09-21T22:45:37,3385,7.600922722029989e-06,0.22620415687561035,849.0391798404656
2026-09-21T22:46:10,3386,7.597078046905038e-06,0.26065123081207275,849.042872031796
2026-09-21T22:46:39,3387,7.593233371780086e-06,0.20250391960144043,849.046498276426
2026-09-21T22:47:11,3388,7.589388696655134e-06,0.19884207844734192,849.0614392105167
2026-09-21T22:48:09,3389,7.585544021530182e-06,0.2635304629802704,849.0280562075944
2026-09-21T22:49:19,3390,7.581699346405229e-06,0.24314962327480316,849.0000668940721
2026-09-21T22:49:50,3391,7.577854671280277e-06,0.14681711792945862,849.001710783849
2026-09-21T22:50:27,3392,7.574009996155326e-06,0.22562983632087708,849.001465787349
2026-09-21T22:50:58,3393,7.570165321030374e-06,0.19524407386779785,849.0172629200346
2026-09-21T22:51:20,3394,7.566320645905422e-06,0.20969311892986298,849.0099064756695
2026-09-21T22:52:18,3395,7.56247597078047e-06,0.19356851279735565,848.9781646225729
2026-09-21T22:52:44,3396,7.558631295655518e-06,0.22239023447036743,848.9821487024877
2026-09-21T22:53:12,3397,7.554786620530566e-06,0.18481887876987457,848.9763970155617
2026-09-21T22:54:06,3398,7.5509419454056144e-06,0.2526475787162781,848.9808217802644
2026-09-21T22:54:29,3399,7.5470972702806624e-06,0.2271447777748108,848.9735134600772
2026-09-21T22:55:05,3400,7.5432525951557104e-06,0.18890954554080963,848.9752119200525
2026-09-21T22:55:31,3401,7.5394079200307576e-06,0.2729337811470032,848.9803400392988
2026-09-21T22:56:11,3402,7.5355632449058056e-06,0.21487659215927124,848.9939808696381
2026-09-21T22:57:29,3403,7.5317185697808536e-06,0.33789896965026855,848.9863155264907
2026-09-21T22:58:06,3404,7.527873894655902e-06,0.2286677062511444,848.9947379114128
2026-09-21T22:59:07,3405,7.52402921953095e-06,0.25866398215293884,848.9747045126322
2026-09-21T22:59:56,3406,7.520184544405998e-06,0.21715176105499268,848.9871359553073
2026-09-21T23:00:41,3407,7.516339869281046e-06,0.3154345154762268,849.001696160126
2026-09-21T23:01:04,3408,7.512495194156094e-06,0.15861745178699493,848.9943248221836
2026-09-21T23:01:43,3409,7.508650519031142e-06,0.31045228242874146,849.0079971788637
2026-09-21T23:02:33,3410,7.504805843906191e-06,0.34499406814575195,849.0263529266327
2026-09-21T23:03:00,3411,7.500961168781239e-06,0.19462387263774872,849.0301594057491
2026-09-21T23:03:31,3412,7.497116493656286e-06,0.21421371400356293,849.0300333484838
2026-09-21T23:04:14,3413,7.493271818531334e-06,0.2313135862350464,849.0456801797384
2026-09-21T23:04:46,3414,7.489427143406382e-06,0.25607624650001526,849.0457493174372
2026-09-21T23:05:11,3415,7.48558246828143e-06,0.1850695013999939,849.049782503325
2026-09-21T23:05:44,3416,7.481737793156479e-06,0.26168662309646606,849.0557914463906
2026-09-21T23:06:04,3417,7.477893118031527e-06,0.1795264184474945,849.0495745482102
2026-09-21T23:07:06,3418,7.474048442906575e-06,0.27749136090278625,849.026684883932
2026-09-21T23:07:36,3419,7.470203767781623e-06,0.24285542964935303,849.0369454130324
2026-09-21T23:08:15,3420,7.466359092656671e-06,0.19938760995864868,849.033274982932
2026-09-21T23:08:42,3421,7.462514417531718e-06,0.17283213138580322,849.0266299019737
2026-09-21T23:09:13,3422,7.458669742406768e-06,0.26723766326904297,849.0386188704052
2026-09-21T23:09:37,3423,7.454825067281816e-06,0.1828782558441162,849.0363266450358
2026-09-21T23:10:21,3424,7.450980392156863e-06,0.25471311807632446,849.0458116140182
2026-09-21T23:11:09,3425,7.447135717031911e-06,0.284323513507843,849.0591453343199
2026-09-21T23:11:46,3426,7.443291041906959e-06,0.21706044673919678,849.0747166336312
2026-09-21T23:12:53,3427,7.439446366782007e-06,0.24640217423439026,849.051223910651
2026-09-21T23:13:28,3428,7.435601691657055e-06,0.18655434250831604,849.0621494904352
2026-09-21T23:13:51,3429,7.431757016532104e-06,0.19787566363811493,849.057389477475
2026-09-21T23:14:56,3430,7.427912341407152e-06,0.2582293748855591,849.0320739522643
2026-09-21T23:15:34,3431,7.4240676662822e-06,0.24780690670013428,849.0371915062041
2026-09-21T23:16:28,3432,7.420222991157248e-06,0.2990173101425171,849.0417254655135
2026-09-21T23:18:06,3433,7.416378316032295e-06,0.18492957949638367,848.9856998178084
2026-09-21T23:18:32,3434,7.412533640907343e-06,0.23146885633468628,848.9839550017205
2026-09-21T23:19:04,3435,7.408688965782392e-06,0.21249732375144958,848.999552922154
2026-09-21T23:19:40,3436,7.40484429065744e-06,0.1939510703086853,849.0017241027018
2026-09-21T23:20:35,3437,7.400999615532488e-06,0.2584247589111328,849.011228891738
2026-09-21T23:21:43,3438,7.397154940407536e-06,0.2718985080718994,849.0041118319915
2026-09-21T23:22:57,3439,7.393310265282584e-06,0.27543461322784424,848.9825404069235
2026-09-21T23:24:04,3440,7.389465590157632e-06,0.30148017406463623,848.97736630608
2026-09-21T23:25:24,3441,7.385620915032681e-06,0.3262208104133606,848.9550832385048
2026-09-21T23:25:57,3442,7.381776239907729e-06,0.24459026753902435,848.964025501941
2026-09-21T23:26:44,3443,7.377931564782777e-06,0.22437335550785065,848.9781929402177
2026-09-21T23:27:40,3444,7.374086889657824e-06,0.24906983971595764,848.9613673320471
2026-09-21T23:28:58,3445,7.370242214532872e-06,0.25293949246406555,848.9357015338497
2026-09-21T23:29:24,3446,7.36639753940792e-06,0.15959317982196808,848.9342028060735
2026-09-21T23:29:49,3447,7.362552864282969e-06,0.27649885416030884,848.933631067223
2026-09-21T23:30:45,3448,7.358708189158017e-06,0.20697322487831116,848.9453387856607
2026-09-21T23:31:16,3449,7.354863514033065e-06,0.21055302023887634,848.9501250075357
2026-09-21T23:31:50,3450,7.351018838908113e-06,0.2335314154624939,848.9613313851349
2026-09-21T23:32:31,3451,7.347174163783161e-06,0.3521284759044647,848.9703859337862
2026-09-21T23:33:12,3452,7.343329488658209e-06,0.2892746925354004,848.9768322593693
2026-09-21T23:33:35,3453,7.339484813533258e-06,0.17126482725143433,848.9766585649251
2026-09-21T23:34:52,3454,7.335640138408306e-06,0.2487269639968872,848.9785811116416
2026-09-21T23:35:23,3455,7.331795463283353e-06,0.1976250857114792,848.9893104674078
2026-09-21T23:36:26,3456,7.327950788158401e-06,0.3465670049190521,848.9612188027635
2026-09-21T23:37:40,3457,7.324106113033449e-06,0.25587743520736694,848.938890836276
2026-09-21T23:38:37,3458,7.320261437908497e-06,0.23030412197113037,848.8943791535063
2026-09-21T23:38:57,3459,7.316416762783546e-06,0.23112444579601288,848.8822528341925
2026-09-21T23:39:33,3460,7.312572087658594e-06,0.23402056097984314,848.9013043228949
2026-09-21T23:40:01,3461,7.308727412533642e-06,0.20516955852508545,848.899535439844
2026-09-21T23:40:22,3462,7.30488273740869e-06,0.17476306855678558,848.8934268840696
2026-09-21T23:41:05,3463,7.301038062283738e-06,0.21348893642425537,848.9088599081207
2026-09-21T23:41:27,3464,7.297193387158785e-06,0.2106626033782959,848.9134418667956
2026-09-21T23:41:50,3465,7.2933487120338345e-06,0.2005641758441925,848.9018030977918
2026-09-21T23:42:15,3466,7.289504036908882e-06,0.18097150325775146,848.8939655684931
2026-09-21T23:42:52,3467,7.28565936178393e-06,0.25429344177246094,848.9109330489104
2026-09-21T23:43:40,3468,7.281814686658978e-06,0.27698153257369995,848.9391800085725
2026-09-21T23:44:11,3469,7.277970011534026e-06,0.23514637351036072,848.949744080666
2026-09-21T23:45:04,3470,7.274125336409074e-06,0.1655738204717636,848.9671319515606
2026-09-21T23:45:38,3471,7.2702806612841225e-06,0.22419439256191254,848.9776813001453
2026-09-21T23:46:27,3472,7.2664359861591705e-06,0.2887793183326721,848.9951639244887
2026-09-21T23:47:26,3473,7.2625913110342185e-06,0.3313843607902527,849.015168101426
2026-09-21T23:48:51,3474,7.2587466359092665e-06,0.3018907308578491,849.033814514519
2026-09-21T23:49:51,3475,7.2549019607843145e-06,0.24222420156002045,849.0033068986713
2026-09-21T23:51:01,3476,7.251057285659362e-06,0.3030845522880554,848.9979598883466
2026-09-21T23:51:41,3477,7.247212610534411e-06,0.27701056003570557,849.0115888913787
2026-09-21T23:52:21,3478,7.2433679354094585e-06,0.26154643297195435,849.0111811058265
2026-09-21T23:52:51,3479,7.2395232602845065e-06,0.19388709962368011,849.0106681753317
2026-09-21T23:54:03,3480,7.2356785851595545e-06,0.19677495956420898,848.9952366437711
2026-09-21T23:54:25,3481,7.2318339100346025e-06,0.18482059240341187,848.9943669918151
2026-09-21T23:55:02,3482,7.2279892349096505e-06,0.23083215951919556,849.0108217103283
2026-09-21T23:55:33,3483,7.224144559784699e-06,0.21015608310699463,849.0115447671399
2026-09-21T23:55:54,3484,7.220299884659747e-06,0.23677098751068115,849.0046371444869
2026-09-21T23:56:26,3485,7.216455209534795e-06,0.2430582493543625,849.0085948925923
2026-09-21T23:56:58,3486,7.212610534409843e-06,0.2253297120332718,849.0139637023447
2026-09-21T23:57:29,3487,7.2087658592848905e-06,0.21789541840553284,849.0244124057721
2026-09-21T23:58:09,3488,7.2049211841599385e-06,0.22753316164016724,849.018342717379
2026-09-21T23:58:29,3489,7.201076509034987e-06,0.21612639725208282,849.0161912457419
2026-09-21T23:58:59,3490,7.197231833910035e-06,0.19838392734527588,849.0237879883649
2026-09-21T23:59:44,3491,7.193387158785083e-06,0.18642984330654144,849.023984381896
2026-09-22T00:00:25,3492,7.189542483660131e-06,0.25474804639816284,849.0385612745619
2026-09-22T00:01:18,3493,7.185697808535179e-06,0.29728013277053833,849.0439471111533
2026-09-22T00:01:38,3494,7.181853133410227e-06,0.4998314678668976,849.031527694092
2026-09-22T00:02:25,3495,7.178008458285275e-06,0.2564617991447449,849.0369716622706
2026-09-22T00:02:52,3496,7.174163783160324e-06,0.190937340259552,849.0466679489218
2026-09-22T00:04:05,3497,7.170319108035372e-06,0.3173772096633911,849.017225620815
2026-09-22T00:04:37,3498,7.166474432910419e-06,0.20308294892311096,849.029187006033
2026-09-22T00:05:55,3499,7.162629757785467e-06,0.2877751886844635,848.9970560302579
2026-09-22T00:06:57,3500,7.158785082660515e-06,0.2790517210960388,848.9693113746283
2026-09-22T00:07:35,3501,7.154940407535563e-06,0.24788136780261993,848.982487171771
2026-09-22T00:07:59,3502,7.151095732410612e-06,0.20351292192935944,848.9860098896335
2026-09-22T00:08:23,3503,7.14725105728566e-06,0.19943895936012268,848.9856294394256
2026-09-22T00:10:02,3504,7.143406382160708e-06,0.3334704637527466,848.9538519405281
2026-09-22T00:10:24,3505,7.139561707035756e-06,0.18558168411254883,848.9522358100044
2026-09-22T00:10:52,3506,7.135717031910804e-06,0.21979458630084991,848.9624787928458
2026-09-22T00:11:20,3507,7.131872356785851e-06,0.17464545369148254,848.9706869236754
2026-09-22T00:11:53,3508,7.128027681660901e-06,0.2291845679283142,848.9812227028336
2026-09-22T00:13:07,3509,7.124183006535948e-06,0.29696986079216003,848.9900843059272
2026-09-22T00:13:36,3510,7.120338331410996e-06,0.15389743447303772,848.9945488614558
2026-09-22T00:14:00,3511,7.116493656286044e-06,0.23055440187454224,848.9937255414376
2026-09-22T00:14:29,3512,7.112648981161092e-06,0.18656039237976074,848.9921935649969
2026-09-22T00:15:24,3513,7.10880430603614e-06,0.2638499140739441,848.9985274448569
2026-09-22T00:16:38,3514,7.104959630911189e-06,0.28395241498947144,849.0147497469467
2026-09-22T00:17:53,3515,7.101114955786237e-06,0.2151276171207428,849.0026167221785
2026-09-22T00:19:18,3516,7.097270280661285e-06,0.21442340314388275,848.9815857161879
2026-09-22T00:19:47,3517,7.093425605536333e-06,0.25436168909072876,848.9854704549576
2026-09-22T00:20:13,3518,7.08958093041138e-06,0.19917118549346924,848.9849418719957
2026-09-22T00:20:48,3519,7.085736255286428e-06,0.23174597322940826,848.9959195318231
2026-09-22T00:22:16,3520,7.081891580161478e-06,0.319097638130188,848.9649890194798
2026-09-22T00:22:41,3521,7.078046905036525e-06,0.27467381954193115,848.9676419240267
2026-09-22T00:23:32,3522,7.074202229911573e-06,0.24624769389629364,848.9983269901553
2026-09-22T00:24:01,3523,7.070357554786621e-06,0.1944276988506317,849.0023853446207
2026-09-22T00:24:35,3524,7.066512879661669e-06,0.1624293327331543,849.0124650502624
2026-09-22T00:24:58,3525,7.062668204536717e-06,0.17022490501403809,849.004114778829
2026-09-22T00:25:32,3526,7.058823529411766e-06,0.2101929783821106,849.0190311449732
2026-09-22T00:25:52,3527,7.054978854286814e-06,0.14368325471878052,849.0085002518999
2026-09-22T00:26:15,3528,7.051134179161862e-06,0.17431595921516418,849.0063952096216
2026-09-22T00:27:03,3529,7.04728950403691e-06,0.15545843541622162,849.0169944855562
2026-09-22T00:27:30,3530,7.043444828911957e-06,0.22784456610679626,849.0159873260814
2026-09-22T00:27:54,3531,7.039600153787005e-06,0.19123651087284088,849.0154193099568
2026-09-22T00:28:20,3532,7.035755478662054e-06,0.23474442958831787,849.0185133440457
2026-09-22T00:28:44,3533,7.031910803537102e-06,0.2502809464931488,849.0219372016097
2026-09-22T00:29:31,3534,7.02806612841215e-06,0.24404354393482208,849.0331053981962
2026-09-22T00:30:39,3535,7.024221453287198e-06,0.2137140929698944,849.0355105352271
2026-09-22T00:31:43,3536,7.020376778162246e-06,0.24749477207660675,849.0068069610813
2026-09-22T00:32:21,3537,7.016532103037294e-06,0.28474411368370056,849.0195459437681
2026-09-22T00:32:41,3538,7.012687427912343e-06,0.13782989978790283,849.0028586122958
2026-09-22T00:33:20,3539,7.008842752787391e-06,0.2023269534111023,849.0139600878922
2026-09-22T00:34:31,3540,7.004998077662439e-06,0.3436380922794342,848.9986671000484
2026-09-22T00:35:12,3541,7.001153402537486e-06,0.22887155413627625,849.0033798568862
2026-09-22T00:35:50,3542,6.997308727412534e-06,0.2552066743373871,849.0146628924273
2026-09-22T00:36:46,3543,6.993464052287582e-06,0.22218140959739685,849.0039175313316
2026-09-22T00:37:19,3544,6.989619377162631e-06,0.23004713654518127,849.0096477941618
2026-09-22T00:38:07,3545,6.985774702037679e-06,0.2858642339706421,849.0217426788577
2026-09-22T00:38:58,3546,6.981930026912727e-06,0.3294559419155121,849.0377880149397
2026-09-22T00:39:28,3547,6.978085351787775e-06,0.18738597631454468,849.0412648583698
2026-09-22T00:40:20,3548,6.974240676662823e-06,0.23759128153324127,849.0380984351494
2026-09-22T00:41:06,3549,6.970396001537871e-06,0.35818764567375183,849.0556757697983
2026-09-22T00:41:31,3550,6.9665513264129194e-06,0.19025003910064697,849.0602866515908
2026-09-22T00:42:07,3551,6.962706651287967e-06,0.1992938220500946,849.0728803757277
2026-09-22T00:42:46,3552,6.9588619761630146e-06,0.3625388741493225,849.0813258074904
2026-09-22T00:44:18,3553,6.9550173010380626e-06,0.30478060245513916,849.0675990521942
2026-09-22T00:45:25,3554,6.9511726259131106e-06,0.25103485584259033,849.0464900377506
2026-09-22T00:46:02,3555,6.9473279507881586e-06,0.25693053007125854,849.0496338378081
2026-09-22T00:47:39,3556,6.943483275663207e-06,0.3281993269920349,849.0277302713603
2026-09-22T00:48:16,3557,6.939638600538255e-06,0.25280117988586426,849.0336385905873
2026-09-22T00:48:38,3558,6.935793925413303e-06,0.17978869378566742,849.0277492964183
2026-09-22T00:49:06,3559,6.931949250288351e-06,0.20352068543434143,849.03266969151
2026-09-22T00:50:02,3560,6.928104575163399e-06,0.21438482403755188,849.0461948828861
2026-09-22T00:50:41,3561,6.9242599000384466e-06,0.19831249117851257,849.0432937334369
2026-09-22T00:51:19,3562,6.9204152249134946e-06,0.24877479672431946,849.0599760104618
2026-09-22T00:52:32,3563,6.916570549788543e-06,0.30394211411476135,849.038101043198
2026-09-22T00:53:22,3564,6.912725874663591e-06,0.32308459281921387,849.0504169372845
2026-09-22T00:53:55,3565,6.908881199538639e-06,0.2739024758338928,849.0548551393655
2026-09-22T00:54:48,3566,6.905036524413687e-06,0.21283550560474396,849.0651350576283
2026-09-22T00:55:24,3567,6.901191849288735e-06,0.30050864815711975,849.0816202621611
2026-09-22T00:56:40,3568,6.897347174163783e-06,0.29305246472358704,849.0651653785823
2026-09-22T00:57:16,3569,6.893502499038832e-06,0.2519172728061676,849.0704776815259
2026-09-22T00:58:23,3570,6.88965782391388e-06,0.2923471927642822,849.0614326741879
2026-09-22T00:59:09,3571,6.885813148788928e-06,0.2267368584871292,849.0699234693343
2026-09-22T01:00:00,3572,6.881968473663976e-06,0.24347379803657532,849.0837491724371
2026-09-22T01:00:33,3573,6.878123798539023e-06,0.23755156993865967,849.0878278416719
2026-09-22T01:01:02,3574,6.874279123414071e-06,0.24765683710575104,849.0922105608839
2026-09-22T01:01:33,3575,6.87043444828912e-06,0.22220060229301453,849.1004530518034
2026-09-22T01:02:38,3576,6.866589773164168e-06,0.2706558108329773,849.0846782336329
2026-09-22T01:03:12,3577,6.862745098039216e-06,0.21606631577014923,849.0946643328904
2026-09-22T01:03:57,3578,6.858900422914264e-06,0.25210851430892944,849.1069212940696
2026-09-22T01:04:37,3579,6.855055747789312e-06,0.2135542929172516,849.1211800884183
2026-09-22T01:05:07,3580,6.85121107266436e-06,0.16887903213500977,849.1256122933631
2026-09-22T01:06:12,3581,6.847366397539409e-06,0.2351740449666977,849.0985902894271
2026-09-22T01:06:52,3582,6.843521722414457e-06,0.24925556778907776,849.1001545522906
2026-09-22T01:07:23,3583,6.839677047289505e-06,0.27085381746292114,849.1039604160327
2026-09-22T01:08:28,3584,6.835832372164552e-06,0.25403738021850586,849.0959006292974
2026-09-22T01:08:47,3585,6.8319876970396e-06,0.1913861483335495,849.0894612438647
2026-09-22T01:09:25,3586,6.828143021914648e-06,0.22348280251026154,849.0954756480268
2026-09-22T01:09:53,3587,6.824298346789697e-06,0.216792494058609,849.0944458780988
2026-09-22T01:10:30,3588,6.820453671664745e-06,0.22634704411029816,849.1050055021012
2026-09-22T01:10:55,3589,6.816608996539793e-06,0.17943395674228668,849.1043823170427
2026-09-22T01:12:01,3590,6.812764321414841e-06,0.2268638014793396,849.080749095182
2026-09-22T01:12:30,3591,6.808919646289889e-06,0.17279358208179474,849.0893582123571
2026-09-22T01:13:30,3592,6.805074971164937e-06,0.2815292179584503,849.0822403519855
2026-09-22T01:14:00,3593,6.801230296039986e-06,0.25030097365379333,849.0762698121217
2026-09-22T01:14:19,3594,6.797385620915034e-06,0.19286367297172546,849.0642152885339
2026-09-22T01:14:58,3595,6.793540945790081e-06,0.21342173218727112,849.0661903736549
2026-09-22T01:16:01,3596,6.789696270665129e-06,0.2901679277420044,849.0611686321199
2026-09-22T01:17:14,3597,6.785851595540177e-06,0.2572636008262634,849.058201971509
2026-09-22T01:17:51,3598,6.782006920415225e-06,0.2780437469482422,849.0798735993131
2026-09-22T01:18:13,3599,6.778162245290274e-06,0.24537983536720276,849.0724820293111
2026-09-22T01:18:47,3600,6.774317570165322e-06,0.28752005100250244,849.0862311714109
2026-09-22T01:19:09,3601,6.77047289504037e-06,0.21436837315559387,849.08014655908
2026-09-22T01:19:35,3602,6.766628219915418e-06,0.21927189826965332,849.0790222054482
2026-09-22T01:20:18,3603,6.762783544790466e-06,0.20509760081768036,849.072024723002
2026-09-22T01:20:48,3604,6.758938869665513e-06,0.22513675689697266,849.0773765867515
2026-09-22T01:21:32,3605,6.755094194540563e-06,0.1591714322566986,849.0769560175817
2026-09-22T01:22:29,3606,6.75124951941561e-06,0.279990017414093,849.0919037401329
2026-09-22T01:23:09,3607,6.747404844290658e-06,0.2695043385028839,849.1079995821425
2026-09-22T01:23:31,3608,6.743560169165706e-06,0.16636031866073608,849.1015180910578
2026-09-22T01:23:52,3609,6.739715494040754e-06,0.14631792902946472,849.0951336731421
2026-09-22T01:24:45,3610,6.735870818915802e-06,0.23028165102005005,849.108806043357
2026-09-22T01:25:39,3611,6.732026143790851e-06,0.3190162777900696,849.1239230935963
2026-09-22T01:26:08,3612,6.728181468665899e-06,0.19509419798851013,849.1293302555403
2026-09-22T01:26:38,3613,6.724336793540947e-06,0.23108479380607605,849.1285896874882
2026-09-22T01:27:11,3614,6.720492118415995e-06,0.18666940927505493,849.1314730685302
2026-09-22T01:27:36,3615,6.716647443291042e-06,0.20993036031723022,849.130152159101
2026-09-22T01:28:17,3616,6.71280276816609e-06,0.2499392330646515,849.1457081477183
2026-09-22T01:29:42,3617,6.7089580930411395e-06,0.29270097613334656,849.1257502289833
2026-09-22T01:30:28,3618,6.705113417916187e-06,0.2148190140724182,849.1299390145621
2026-09-22T01:30:49,3619,6.701268742791235e-06,0.1910935640335083,849.1170635850817
2026-09-22T01:31:29,3620,6.697424067666283e-06,0.269270658493042,849.1390723153517
2026-09-22T01:32:08,3621,6.693579392541331e-06,0.25045841932296753,849.1542989734991
2026-09-22T01:33:15,3622,6.689734717416379e-06,0.3210955858230591,849.1338001423932
2026-09-22T01:34:12,3623,6.6858900422914275e-06,0.2595131993293762,849.1116065415318
2026-09-22T01:34:52,3624,6.6820453671664755e-06,0.23612771928310394,849.1247661794672
2026-09-22T01:35:36,3625,6.6782006920415235e-06,0.28870370984077454,849.1317537169543
2026-09-22T01:36:06,3626,6.6743560169165715e-06,0.22193999588489532,849.1365474760524
2026-09-22T01:36:59,3627,6.670511341791619e-06,0.2577601671218872,849.1345196987685
2026-09-22T01:37:28,3628,6.666666666666667e-06,0.2214556634426117,849.1392934990854
2026-09-22T01:38:02,3629,6.662821991541715e-06,0.2458259016275406,849.1493349142924
2026-09-22T01:39:25,3630,6.6589773164167635e-06,0.269665002822876,849.1341320310478
2026-09-22T01:39:57,3631,6.6551326412918115e-06,0.2056308388710022,849.1436436807732
2026-09-22T01:40:32,3632,6.6512879661668595e-06,0.1948687732219696,849.1482111227638
2026-09-22T01:40:56,3633,6.6474432910419075e-06,0.18032661080360413,849.1463226136652
2026-09-22T01:41:23,3634,6.6435986159169555e-06,0.17384934425354004,849.1479062172103
2026-09-22T01:42:14,3635,6.6397539407920035e-06,0.20416298508644104,849.166788862728
2026-09-22T01:42:42,3636,6.635909265667052e-06,0.19147101044654846,849.1710306978573
2026-09-22T01:44:14,3637,6.6320645905421e-06,0.2633993327617645,849.122053805984
2026-09-22T01:44:44,3638,6.6282199154171475e-06,0.241290882229805,849.1316983862201
2026-09-22T01:45:35,3639,6.6243752402921955e-06,0.22526243329048157,849.1349148625196
2026-09-22T01:45:58,3640,6.6205305651672435e-06,0.15797528624534607,849.1220669312702
2026-09-22T01:46:28,3641,6.6166858900422915e-06,0.17475122213363647,849.1309829576111
2026-09-22T01:47:03,3642,6.61284121491734e-06,0.17610998451709747,849.134299032117
2026-09-22T01:48:12,3643,6.608996539792388e-06,0.26983287930488586,849.1435295302833
2026-09-22T01:49:31,3644,6.605151864667436e-06,0.3365420699119568,849.1363256090888
2026-09-22T01:50:25,3645,6.601307189542484e-06,0.2175459861755371,849.1442807796838
2026-09-22T01:51:05,3646,6.597462514417532e-06,0.3016822338104248,849.1589984341929
2026-09-22T01:51:52,3647,6.5936178392925795e-06,0.269113689661026,849.1736659063561
2026-09-22T01:53:08,3648,6.589773164167629e-06,0.27260079979896545,849.1429302894101
2026-09-22T01:53:48,3649,6.585928489042676e-06,0.20090794563293457,849.1435354628669
2026-09-22T01:55:00,3650,6.582083813917724e-06,0.27638599276542664,849.1227072262515
2026-09-22T01:56:11,3651,6.578239138792772e-06,0.2685190439224243,849.107763359806
2026-09-22T01:56:34,3652,6.57439446366782e-06,0.17897099256515503,849.1000834146387
2026-09-22T01:57:39,3653,6.570549788542868e-06,0.30866923928260803,849.117080370099
2026-09-22T01:58:06,3654,6.566705113417917e-06,0.24187903106212616,849.1212646739394
2026-09-22T01:58:57,3655,6.562860438292965e-06,0.25012490153312683,849.1338356828011
2026-09-22T01:59:49,3656,6.559015763168013e-06,0.24641522765159607,849.133757968521
2026-09-22T02:00:20,3657,6.555171088043061e-06,0.23599067330360413,849.1435278692305
2026-09-22T02:01:27,3658,6.551326412918108e-06,0.18299749493598938,849.1233708283952
2026-09-22T02:02:05,3659,6.547481737793156e-06,0.22241827845573425,849.1108320877612
2026-09-22T02:03:24,3660,6.543637062668205e-06,0.27503135800361633,849.0832483005958
2026-09-22T02:03:45,3661,6.539792387543253e-06,0.13960136473178864,849.0755310832925
2026-09-22T02:04:33,3662,6.535947712418301e-06,0.26779836416244507,849.0757054600957
2026-09-22T02:04:55,3663,6.532103037293349e-06,0.2347411960363388,849.0627640743118
2026-09-22T02:05:33,3664,6.528258362168397e-06,0.2366998940706253,849.0720401131174
2026-09-22T02:06:31,3665,6.524413687043445e-06,0.2562827169895172,849.031115336807
2026-09-22T02:07:05,3666,6.520569011918494e-06,0.2023688554763794,849.0402442107878
2026-09-22T02:07:33,3667,6.516724336793542e-06,0.18277958035469055,849.0442749449699
2026-09-22T02:08:01,3668,6.51287966166859e-06,0.28461313247680664,849.0488103230867
2026-09-22T02:08:37,3669,6.509034986543637e-06,0.2530132532119751,849.0586822735884
2026-09-22T02:09:23,3670,6.505190311418685e-06,0.22407537698745728,849.0713577951564
2026-09-22T02:10:20,3671,6.501345636293733e-06,0.25616341829299927,849.0861764411352
2026-09-22T02:10:39,3672,6.497500961168782e-06,0.16688890755176544,849.0857828392003
2026-09-22T02:11:11,3673,6.49365628604383e-06,0.19077707827091217,849.0849678661796
2026-09-22T02:11:43,3674,6.489811610918878e-06,0.22893936932086945,849.083952722987
2026-09-22T02:12:06,3675,6.485966935793926e-06,0.18523573875427246,849.0829521484532
2026-09-22T02:13:08,3676,6.482122260668974e-06,0.21614712476730347,849.0584098079656
2026-09-22T02:13:29,3677,6.478277585544022e-06,0.19722801446914673,849.0534703938395
2026-09-22T02:13:57,3678,6.474432910419071e-06,0.21358178555965424,849.0620155532912
2026-09-22T02:15:03,3679,6.470588235294119e-06,0.2389664500951767,849.0569648041555
2026-09-22T02:15:54,3680,6.466743560169167e-06,0.217182457447052,849.0579438387606
2026-09-22T02:16:17,3681,6.462898885044214e-06,0.18074765801429749,849.0562110599096
2026-09-22T02:16:55,3682,6.459054209919262e-06,0.18688294291496277,849.0641083401091
2026-09-22T02:17:42,3683,6.45520953479431e-06,0.2490321546792984,849.0692278906121
2026-09-22T02:18:14,3684,6.451364859669359e-06,0.17398130893707275,849.0832402449961
2026-09-22T02:18:47,3685,6.447520184544407e-06,0.19087852537631989,849.0905121780762
2026-09-22T02:20:42,3686,6.443675509419455e-06,0.27170151472091675,849.0392800141657
2026-09-22T02:21:20,3687,6.439830834294503e-06,0.23882444202899933,849.0471453047967
2026-09-22T02:21:56,3688,6.435986159169551e-06,0.2528972923755646,849.053602362991
2026-09-22T02:22:35,3689,6.432141484044599e-06,0.23406416177749634,849.0512596346788
2026-09-22T02:23:07,3690,6.428296808919648e-06,0.2448040395975113,849.0612805095723
2026-09-22T02:23:48,3691,6.424452133794696e-06,0.18965956568717957,849.0626229749683
2026-09-22T02:24:33,3692,6.420607458669743e-06,0.21636229753494263,849.0755549767465
2026-09-22T02:24:54,3693,6.416762783544791e-06,0.21283884346485138,849.0709521488305
2026-09-22T02:25:47,3694,6.412918108419839e-06,0.17431104183197021,849.0562193848448
2026-09-22T02:26:49,3695,6.409073433294887e-06,0.2620082199573517,849.031133917719
2026-09-22T02:27:24,3696,6.405228758169935e-06,0.20151180028915405,849.034886629734
2026-09-22T02:28:11,3697,6.401384083044984e-06,0.19224894046783447,849.0456922338758
2026-09-22T02:28:42,3698,6.397539407920032e-06,0.21666938066482544,849.0513057132946
2026-09-22T02:29:12,3699,6.39369473279508e-06,0.21920174360275269,849.060776539604
2026-09-22T02:30:07,3700,6.389850057670128e-06,0.25788795948028564,849.0697278484841
2026-09-22T02:30:42,3701,6.386005382545175e-06,0.1961500495672226,849.0792582392257
2026-09-22T02:31:26,3702,6.382160707420223e-06,0.21280191838741302,849.0821447659223
2026-09-22T02:32:39,3703,6.3783160322952716e-06,0.28563520312309265,849.0658352649249
2026-09-22T02:33:15,3704,6.3744713571703196e-06,0.1936853677034378,849.0784399280577
2026-09-22T02:33:42,3705,6.3706266820453676e-06,0.17601975798606873,849.0715508248942
2026-09-22T02:34:14,3706,6.3667820069204156e-06,0.2090756595134735,849.0808260225072
2026-09-22T02:34:47,3707,6.3629373317954636e-06,0.19166208803653717,849.0900712972002
2026-09-22T02:35:26,3708,6.3590926566705116e-06,0.1949375420808792,849.0927161980114
2026-09-22T02:36:03,3709,6.35524798154556e-06,0.1628134548664093,849.104931310039
2026-09-22T02:36:46,3710,6.351403306420608e-06,0.2582840919494629,849.1073160678402
2026-09-22T02:37:03,3711,6.347558631295656e-06,0.15749211609363556,849.0826131976859
2026-09-22T02:37:28,3712,6.3437139561707036e-06,0.20242340862751007,849.0760882790257
2026-09-22T02:38:05,3713,6.3398692810457515e-06,0.24358639121055603,849.0847547447765
2026-09-22T02:38:37,3714,6.3360246059207995e-06,0.21398133039474487,849.0995643635199
2026-09-22T02:39:18,3715,6.332179930795848e-06,0.2662721276283264,849.1033461718279
2026-09-22T02:39:43,3716,6.328335255670896e-06,0.1958698034286499,849.0974948036177
2026-09-22T02:40:03,3717,6.324490580545944e-06,0.13648635149002075,849.085419785645
2026-09-22T02:41:06,3718,6.320645905420992e-06,0.2873506546020508,849.0854970003571
2026-09-22T02:41:32,3719,6.31680123029604e-06,0.2722521424293518,849.0896818950989
2026-09-22T02:42:03,3720,6.312956555171088e-06,0.19102375209331512,849.0983734803646
2026-09-22T02:42:41,3721,6.309111880046137e-06,0.2233574390411377,849.1082745617307
2026-09-22T02:43:04,3722,6.305267204921185e-06,0.1788702756166458,849.1014094001582
2026-09-22T02:43:42,3723,6.301422529796233e-06,0.22641363739967346,849.1085264899317
2026-09-22T02:44:20,3724,6.29757785467128e-06,0.2086564302444458,849.1101427255998
2026-09-22T02:45:27,3725,6.293733179546328e-06,0.2444804310798645,849.1091151390069
2026-09-22T02:46:29,3726,6.289888504421376e-06,0.2954806685447693,849.0946954922094
2026-09-22T02:47:35,3727,6.286043829296425e-06,0.2821452021598816,849.0696114058695
2026-09-22T02:48:39,3728,6.282199154171473e-06,0.282641738653183,849.044469766923
2026-09-22T02:49:13,3729,6.278354479046521e-06,0.26021915674209595,849.054340618236
2026-09-22T02:50:04,3730,6.274509803921569e-06,0.16716879606246948,849.0491009010847
2026-09-22T02:50:41,3731,6.270665128796617e-06,0.2354782670736313,849.0581876186078
2026-09-22T02:51:04,3732,6.266820453671665e-06,0.19502991437911987,849.0521097504918
2026-09-22T02:51:29,3733,6.262975778546714e-06,0.22898489236831665,849.0503733549302
2026-09-22T02:52:03,3734,6.259131103421762e-06,0.2035248577594757,849.0544401821597
2026-09-22T02:52:26,3735,6.255286428296809e-06,0.20305843651294708,849.0582747942534
2026-09-22T02:53:21,3736,6.251441753171857e-06,0.3207736611366272,849.0631839196086
2026-09-22T02:53:57,3737,6.247597078046905e-06,0.17771297693252563,849.0514390206288
2026-09-22T02:54:30,3738,6.243752402921953e-06,0.22148096561431885,849.0566998729458
2026-09-22T02:55:04,3739,6.239907727797002e-06,0.22401678562164307,849.0724591005903
2026-09-22T02:55:52,3740,6.23606305267205e-06,0.13296929001808167,849.0639397549799
2026-09-22T02:56:20,3741,6.232218377547098e-06,0.2771844267845154,849.074596028574
2026-09-22T02:56:50,3742,6.228373702422146e-06,0.20724941790103912,849.0730560732147
2026-09-22T02:57:17,3743,6.224529027297194e-06,0.22231847047805786,849.079316746839
2026-09-22T02:57:37,3744,6.220684352172241e-06,0.2086479812860489,849.067668661345
2026-09-22T02:58:07,3745,6.216839677047291e-06,0.19585315883159637,849.0721220383284
2026-09-22T02:59:06,3746,6.212995001922338e-06,0.34784919023513794,849.035006253156
2026-09-22T03:00:24,3747,6.209150326797386e-06,0.2551289498806,849.0062381712038
2026-09-22T03:01:19,3748,6.205305651672434e-06,0.3010083734989166,848.9910479748177
2026-09-22T03:01:46,3749,6.201460976547482e-06,0.2308219075202942,848.9900186648356
2026-09-22T03:02:22,3750,6.19761630142253e-06,0.18253496289253235,848.993411682335
2026-09-22T03:03:08,3751,6.193771626297579e-06,0.36225655674934387,849.013855422765
2026-09-22T03:03:41,3752,6.189926951172627e-06,0.2419237345457077,849.0238851359413
2026-09-22T03:04:30,3753,6.186082276047675e-06,0.28222647309303284,849.0261842119772
2026-09-22T03:04:53,3754,6.182237600922723e-06,0.21422234177589417,849.0205878385818
2026-09-22T03:05:58,3755,6.17839292579777e-06,0.2786102890968323,849.0001098282555
2026-09-22T03:07:00,3756,6.174548250672818e-06,0.331138014793396,849.0146972130752
2026-09-22T03:07:57,3757,6.170703575547867e-06,0.25489717721939087,849.0340886642884
2026-09-22T03:08:29,3758,6.166858900422915e-06,0.14196667075157166,849.0389863341693
2026-09-22T03:09:19,3759,6.163014225297963e-06,0.1785275936126709,849.0267455766032
2026-09-22T03:10:46,3760,6.159169550173011e-06,0.2940386235713959,849.0028877760552
2026-09-22T03:11:08,3761,6.155324875048059e-06,0.250136137008667,848.9902369527566
2026-09-22T03:12:08,3762,6.151480199923107e-06,0.2660001814365387,848.9681405761584
2026-09-22T03:12:48,3763,6.147635524798155e-06,0.28268587589263916,848.9694797426681
2026-09-22T03:13:20,3764,6.143790849673204e-06,0.301237553358078,848.9675597737888
2026-09-22T03:13:48,3765,6.139946174548252e-06,0.2331179678440094,848.963289919197
2026-09-22T03:15:09,3766,6.136101499423299e-06,0.3388059735298157,848.931135229173
2026-09-22T03:15:56,3767,6.132256824298347e-06,0.305655300617218,848.9471885494429
2026-09-22T03:16:37,3768,6.128412149173395e-06,0.19864778220653534,848.9533623807425
2026-09-22T03:17:13,3769,6.124567474048443e-06,0.19064584374427795,848.9619995901784
2026-09-22T03:17:47,3770,6.120722798923492e-06,0.20767194032669067,848.9692068106209
2026-09-22T03:18:19,3771,6.11687812379854e-06,0.23629511892795563,848.9789880927325
2026-09-22T03:18:45,3772,6.113033448673588e-06,0.21172687411308289,848.9779186235022
2026-09-22T03:19:12,3773,6.109188773548636e-06,0.26301470398902893,848.9705512588506
2026-09-22T03:19:50,3774,6.105344098423684e-06,0.2537617087364197,848.976320273229
2026-09-22T03:20:35,3775,6.101499423298732e-06,0.2379073053598404,848.9799217090178
2026-09-22T03:21:12,3776,6.0976547481737805e-06,0.28725796937942505,848.9936150947244
2026-09-22T03:21:38,3777,6.0938100730488285e-06,0.1889336109161377,848.9835145738165
2026-09-22T03:22:26,3778,6.089965397923876e-06,0.23808249831199646,848.9860907909954
2026-09-22T03:23:29,3779,6.086120722798924e-06,0.27749332785606384,848.9669716975386
2026-09-22T03:24:12,3780,6.082276047673972e-06,0.22620129585266113,848.9729523562181
2026-09-22T03:25:02,3781,6.07843137254902e-06,0.2194942981004715,848.9835467055764
2026-09-22T03:25:52,3782,6.0745866974240685e-06,0.18487662076950073,848.981464405004
2026-09-22T03:26:26,3783,6.0707420222991165e-06,0.24257060885429382,848.9963740913548
2026-09-22T03:27:34,3784,6.0668973471741645e-06,0.25168806314468384,848.9751859006242
2026-09-22T03:27:57,3785,6.0630526720492125e-06,0.16758762300014496,848.9689793909313
2026-09-22T03:28:23,3786,6.0592079969242605e-06,0.19264650344848633,848.9672059151297
2026-09-22T03:29:04,3787,6.055363321799308e-06,0.19098088145256042,848.974208438273
2026-09-22T03:30:01,3788,6.051518646674357e-06,0.24753710627555847,848.965752466755
2026-09-22T03:30:19,3789,6.0476739715494045e-06,0.19101771712303162,848.9505630245507
2026-09-22T03:30:55,3790,6.0438292964244525e-06,0.24642503261566162,848.9507990032538
2026-09-22T03:31:22,3791,6.0399846212995005e-06,0.18036115169525146,848.9545992440592
2026-09-22T03:31:49,3792,6.0361399461745485e-06,0.1900094747543335,848.9596006161678
2026-09-22T03:32:20,3793,6.0322952710495965e-06,0.2416650652885437,848.9643364669043
2026-09-22T03:33:14,3794,6.028450595924645e-06,0.31593990325927734,848.9869388449604
2026-09-22T03:33:51,3795,6.024605920799693e-06,0.21031242609024048,848.9969506841571
2026-09-22T03:34:33,3796,6.020761245674741e-06,0.26470911502838135,848.9997749571256
2026-09-22T03:35:12,3797,6.016916570549789e-06,0.19568991661071777,849.0136007313793
2026-09-22T03:35:38,3798,6.0130718954248365e-06,0.25888192653656006,849.0134701978433
2026-09-22T03:36:20,3799,6.0092272202998844e-06,0.21990999579429626,849.0282067152317
2026-09-22T03:36:47,3800,6.005382545174933e-06,0.23028534650802612,849.0361955014466
2026-09-22T03:37:21,3801,6.001537870049981e-06,0.20903781056404114,849.0471052935656
2026-09-22T03:37:47,3802,5.997693194925029e-06,0.15439854562282562,849.0416832304725
2026-09-22T03:39:42,3803,5.993848519800077e-06,0.363217830657959,848.9942858743102
2026-09-22T03:40:29,3804,5.990003844675125e-06,0.268415242433548,849.0173526481252
2026-09-22T03:41:37,3805,5.986159169550173e-06,0.2395753115415573,848.9969846125202
2026-09-22T03:41:55,3806,5.982314494425222e-06,0.18087469041347504,848.9924147406138
2026-09-22T03:42:21,3807,5.97846981930027e-06,0.17143765091896057,848.9871553540685
2026-09-22T03:43:23,3808,5.974625144175318e-06,0.21076487004756927,848.9945497666599
2026-09-22T03:44:19,3809,5.970780469050365e-06,0.24796901643276215,849.0037740880473
2026-09-22T03:44:45,3810,5.966935793925413e-06,0.18032139539718628,849.0044695024874
2026-09-22T03:46:02,3811,5.963091118800461e-06,0.3186601400375366,848.9847275626929
2026-09-22T03:47:01,3812,5.95924644367551e-06,0.23916497826576233,848.9932977055
2026-09-22T03:47:48,3813,5.955401768550558e-06,0.25336533784866333,848.9870143639848
2026-09-22T03:48:23,3814,5.951557093425606e-06,0.18696777522563934,848.9891845953784
2026-09-22T03:48:42,3815,5.947712418300654e-06,0.20159666240215302,848.9790810323439
2026-09-22T03:49:33,3816,5.943867743175702e-06,0.2209177315235138,848.9882280937866
2026-09-22T03:50:42,3817,5.94002306805075e-06,0.21177208423614502,848.9577484027682
2026-09-22T03:51:08,3818,5.936178392925799e-06,0.23300054669380188,848.9575673945383
2026-09-22T03:51:54,3819,5.932333717800847e-06,0.2656909227371216,848.9542528575332
2026-09-22T03:52:21,3820,5.928489042675895e-06,0.182689368724823,848.9574649523245
2026-09-22T03:53:03,3821,5.924644367550942e-06,0.1814451515674591,848.9466983172971
2026-09-22T03:54:55,3822,5.92079969242599e-06,0.22736495733261108,848.9152233854614
2026-09-22T03:55:26,3823,5.916955017301038e-06,0.26891207695007324,848.9201228637827
2026-09-22T03:56:21,3824,5.913110342176087e-06,0.3399873673915863,848.9424019213518
2026-09-22T03:56:58,3825,5.909265667051135e-06,0.20158596336841583,848.9434988611141
2026-09-22T03:57:29,3826,5.905420991926183e-06,0.2283027172088623,848.9474882437565
2026-09-22T03:58:06,3827,5.901576316801231e-06,0.21183790266513824,848.9543899190959
2026-09-22T03:58:56,3828,5.897731641676279e-06,0.27310022711753845,848.9622965965516
2026-09-22T03:59:37,3829,5.893886966551327e-06,0.25726157426834106,848.975558879586
2026-09-22T04:00:31,3830,5.890042291426374e-06,0.22156047821044922,848.9675807969478
2026-09-22T04:01:52,3831,5.886197616301424e-06,0.32955873012542725,848.9515432299478
2026-09-22T04:02:54,3832,5.882352941176471e-06,0.228994220495224,848.9233962260108
2026-09-22T04:03:18,3833,5.878508266051519e-06,0.15383215248584747,848.9199229267283
2026-09-22T04:03:58,3834,5.874663590926567e-06,0.19146639108657837,848.927837381637
2026-09-22T04:05:09,3835,5.870818915801615e-06,0.24039441347122192,848.9027871883311
2026-09-22T04:06:02,3836,5.866974240676663e-06,0.1959047168493271,848.8797766808063
2026-09-22T04:06:32,3837,5.863129565551712e-06,0.2163698971271515,848.8883882177827
2026-09-22T04:07:05,3838,5.85928489042676e-06,0.27797460556030273,848.8924961885043
2026-09-22T04:07:30,3839,5.855440215301808e-06,0.16715171933174133,848.8964087947378
2026-09-22T04:08:09,3840,5.851595540176856e-06,0.15334880352020264,848.8920989807815
2026-09-22T04:08:29,3841,5.847750865051903e-06,0.15794596076011658,848.8764517151667
2026-09-22T04:08:52,3842,5.843906189926951e-06,0.18927347660064697,848.8647112632727
2026-09-22T04:09:29,3843,5.840061514802e-06,0.22442689538002014,848.8654768492117
2026-09-22T04:10:28,3844,5.836216839677048e-06,0.2396257072687149,848.8354978577164
2026-09-22T04:11:20,3845,5.832372164552096e-06,0.24074900150299072,848.8473670977341
2026-09-22T04:12:26,3846,5.828527489427144e-06,0.2379150390625,848.8241921638938
2026-09-22T04:12:58,3847,5.824682814302192e-06,0.2275819629430771,848.8344175481544
2026-09-22T04:13:32,3848,5.82083813917724e-06,0.19832050800323486,848.8374165915708
2026-09-22T04:14:08,3849,5.816993464052289e-06,0.2949892282485962,848.8400984856397
2026-09-22T04:14:53,3850,5.8131487889273366e-06,0.2894051969051361,848.8540844446738
2026-09-22T04:15:20,3851,5.8093041138023846e-06,0.21826040744781494,848.846846728341
2026-09-22T04:16:41,3852,5.805459438677432e-06,0.3436349332332611,848.827081746858
2026-09-22T04:17:06,3853,5.80161476355248e-06,0.31988680362701416,848.8320366144632
2026-09-22T04:17:53,3854,5.797770088427528e-06,0.26241546869277954,848.8461226944364
2026-09-22T04:18:36,3855,5.7939254133025766e-06,0.26313552260398865,848.8381383958846
2026-09-22T04:19:05,3856,5.7900807381776246e-06,0.18386802077293396,848.83761745566
2026-09-22T04:19:49,3857,5.7862360630526726e-06,0.25044283270835876,848.8574709454002
2026-09-22T04:21:26,3858,5.7823913879277206e-06,0.3606695234775543,848.8055485687711
2026-09-22T04:21:57,3859,5.7785467128027686e-06,0.23846730589866638,848.8040987144128
2026-09-22T04:22:35,3860,5.7747020376778166e-06,0.24573470652103424,848.8127955971298
2026-09-22T04:23:30,3861,5.770857362552865e-06,0.24990129470825195,848.819243521122
2026-09-22T04:24:12,3862,5.767012687427913e-06,0.21356049180030823,848.8185479753674
2026-09-22T04:24:44,3863,5.7631680123029605e-06,0.22753456234931946,848.8241644879625
2026-09-22T04:25:16,3864,5.7593233371780085e-06,0.23760662972927094,848.8307161830858
2026-09-22T04:26:44,3865,5.7554786620530565e-06,0.30560779571533203,848.8028610190759
2026-09-22T04:27:11,3866,5.7516339869281045e-06,0.19898302853107452,848.8059905856771
2026-09-22T04:27:53,3867,5.747789311803153e-06,0.19082054495811462,848.8086835180969
2026-09-22T04:28:16,3868,5.743944636678201e-06,0.1749703288078308,848.8011506900384
2026-09-22T04:29:01,3869,5.740099961553249e-06,0.24646572768688202,848.8045277073892
2026-09-22T04:30:06,3870,5.736255286428297e-06,0.236966073513031,848.7991540471617
2026-09-22T04:30:53,3871,5.732410611303345e-06,0.24789628386497498,848.8152170200809
2026-09-22T04:31:22,3872,5.728565936178393e-06,0.23086190223693848,848.824253134866
2026-09-22T04:31:55,3873,5.724721261053442e-06,0.2366516888141632,848.8390104904121
2026-09-22T04:32:20,3874,5.72087658592849e-06,0.1792624592781067,848.8329892047641
2026-09-22T04:32:46,3875,5.717031910803537e-06,0.29003018140792847,848.8367093785363
2026-09-22T04:33:07,3876,5.713187235678585e-06,0.22588153183460236,848.8255438288336
2026-09-22T04:33:44,3877,5.709342560553633e-06,0.20219741761684418,848.8320687929369
2026-09-22T04:34:13,3878,5.705497885428681e-06,0.20724835991859436,848.8372695231789
2026-09-22T04:34:46,3879,5.70165321030373e-06,0.21744729578495026,848.8462858861704
2026-09-22T04:35:35,3880,5.697808535178778e-06,0.25890615582466125,848.8565680358324
2026-09-22T04:36:14,3881,5.693963860053826e-06,0.21333624422550201,848.8568090854291
2026-09-22T04:37:14,3882,5.690119184928874e-06,0.2845233082771301,848.8284247988611
2026-09-22T04:37:44,3883,5.686274509803922e-06,0.2280159890651703,848.8371531170176
2026-09-22T04:38:23,3884,5.682429834678969e-06,0.2484605759382248,848.8465770106804
2026-09-22T04:38:55,3885,5.678585159554019e-06,0.19411100447177887,848.8551046476574
2026-09-22T04:39:16,3886,5.674740484429066e-06,0.22691668570041656,848.8534840929298
2026-09-22T04:40:01,3887,5.670895809304114e-06,0.21495728194713593,848.859698108456
2026-09-22T04:41:01,3888,5.667051134179162e-06,0.19663265347480774,848.8360300844905
2026-09-22T04:42:09,3889,5.66320645905421e-06,0.23177805542945862,848.8160841912996
2026-09-22T04:42:28,3890,5.659361783929258e-06,0.17263205349445343,848.8099105773188
2026-09-22T04:42:50,3891,5.655517108804307e-06,0.14601510763168335,848.8081599691814
2026-09-22T04:43:42,3892,5.651672433679355e-06,0.29496943950653076,848.8048303004393
2026-09-22T04:44:08,3893,5.647827758554403e-06,0.2905353903770447,848.8054590467556
2026-09-22T04:44:43,3894,5.643983083429451e-06,0.1794600635766983,848.8198098239343
2026-09-22T04:45:45,3895,5.640138408304498e-06,0.2421794831752777,848.8136507959305
2026-09-22T04:46:25,3896,5.636293733179546e-06,0.2052583396434784,848.8191243491992
2026-09-22T04:47:15,3897,5.632449058054594e-06,0.28020596504211426,848.829668683826
2026-09-22T04:47:59,3898,5.628604382929643e-06,0.29560551047325134,848.8409681088013
2026-09-22T04:48:26,3899,5.624759707804691e-06,0.13848255574703217,848.8401680356528
2026-09-22T04:48:59,3900,5.620915032679739e-06,0.18134737014770508,848.8481561318181
2026-09-22T04:50:01,3901,5.617070357554787e-06,0.23899361491203308,848.8709180828201
2026-09-22T04:50:45,3902,5.613225682429835e-06,0.2624576687812805,848.8839207025967
2026-09-22T04:51:13,3903,5.609381007304883e-06,0.24073311686515808,848.8834081415943
2026-09-22T04:51:41,3904,5.605536332179932e-06,0.19004981219768524,848.8821634936421
2026-09-22T04:52:45,3905,5.60169165705498e-06,0.3120932877063751,848.8571227740522
2026-09-22T04:53:14,3906,5.597846981930027e-06,0.17962247133255005,848.8552173019111
2026-09-22T04:54:36,3907,5.594002306805075e-06,0.2789468765258789,848.8133388840789
2026-09-22T04:54:58,3908,5.590157631680123e-06,0.18520429730415344,848.806914993996
2026-09-22T04:55:43,3909,5.586312956555171e-06,0.28418564796447754,848.8264610180005
2026-09-22T04:56:18,3910,5.58246828143022e-06,0.1827787607908249,848.8409629945705
2026-09-22T04:56:57,3911,5.578623606305268e-06,0.25173190236091614,848.8598347686499
2026-09-22T04:57:51,3912,5.574778931180316e-06,0.22384712100028992,848.8472145684336
2026-09-22T04:58:33,3913,5.570934256055364e-06,0.18328435719013214,848.8536952481193
2026-09-22T04:59:40,3914,5.567089580930412e-06,0.2255154848098755,848.827831004993
2026-09-22T05:00:08,3915,5.563244905805459e-06,0.1818736344575882,848.8221573665578
2026-09-22T05:00:38,3916,5.559400230680509e-06,0.2685612440109253,848.830831189526
2026-09-22T05:01:06,3917,5.555555555555557e-06,0.20325785875320435,848.8303297567833
2026-09-22T05:01:33,3918,5.551710880430604e-06,0.27739980816841125,848.8230950023406
2026-09-22T05:02:22,3919,5.547866205305652e-06,0.18264980614185333,848.8352443557493
2026-09-22T05:02:56,3920,5.5440215301807e-06,0.266564279794693,848.844394922476
2026-09-22T05:03:54,3921,5.540176855055748e-06,0.24228140711784363,848.8502693417223
2026-09-22T05:04:17,3922,5.536332179930797e-06,0.18382544815540314,848.8438778453356
2026-09-22T05:04:38,3923,5.532487504805845e-06,0.1547943353652954,848.8343362161363
2026-09-22T05:05:03,3924,5.528642829680893e-06,0.2462204545736313,848.8373711633036
2026-09-22T05:06:05,3925,5.524798154555941e-06,0.23340904712677002,848.8143311980093
2026-09-22T05:07:22,3926,5.520953479430989e-06,0.2618013322353363,848.7910420615374
2026-09-22T05:07:55,3927,5.517108804306036e-06,0.20296433568000793,848.799966456004
2026-09-22T05:08:25,3928,5.5132641291810855e-06,0.2175801694393158,848.7992834107355
2026-09-22T05:09:01,3929,5.509419454056133e-06,0.21689054369926453,848.8069903749703
2026-09-22T05:09:49,3930,5.505574778931181e-06,0.246010422706604,848.8179305039812
2026-09-22T05:10:38,3931,5.501730103806229e-06,0.23727113008499146,848.8255836172489
2026-09-22T05:11:52,3932,5.497885428681277e-06,0.3123672604560852,848.8051560447286
2026-09-22T05:12:28,3933,5.494040753556325e-06,0.23462000489234924,848.815583818814
2026-09-22T05:12:51,3934,5.4901960784313735e-06,0.11844766139984131,848.804361007059
2026-09-22T05:13:19,3935,5.4863514033064215e-06,0.24826353788375854,848.8084248180924
2026-09-22T05:14:41,3936,5.4825067281814695e-06,0.29683563113212585,848.7762119284894
2026-09-22T05:15:51,3937,5.4786620530565175e-06,0.2015475332736969,848.7592940900731
2026-09-22T05:16:26,3938,5.474817377931565e-06,0.24229484796524048,848.7675464459178
2026-09-22T05:16:51,3939,5.470972702806613e-06,0.15880447626113892,848.7628258740291
2026-09-22T05:17:12,3940,5.4671280276816615e-06,0.20948462188243866,848.7527284485553
2026-09-22T05:17:48,3941,5.4632833525567095e-06,0.22771506011486053,848.7617021811594
2026-09-22T05:18:23,3942,5.4594386774317575e-06,0.22382405400276184,848.7744406973994
2026-09-22T05:18:51,3943,5.4555940023068055e-06,0.20218077301979065,848.7774950007546
2026-09-22T05:19:19,3944,5.4517493271818535e-06,0.18585829436779022,848.7770529922054
2026-09-22T05:20:16,3945,5.4479046520569015e-06,0.27008122205734253,848.7528662148591
2026-09-22T05:20:41,3946,5.44405997693195e-06,0.24965840578079224,848.7479194540134
2026-09-22T05:21:05,3947,5.440215301806998e-06,0.1676018238067627,848.7386407829498
2026-09-22T05:21:42,3948,5.436370626682046e-06,0.17553918063640594,848.7433108673815
2026-09-22T05:22:07,3949,5.4325259515570934e-06,0.22191715240478516,848.7433621588701
2026-09-22T05:23:25,3950,5.4286812764321414e-06,0.26334452629089355,848.7235275824028
2026-09-22T05:23:48,3951,5.4248366013071894e-06,0.15691715478897095,848.718484216207
2026-09-22T05:24:16,3952,5.420991926182238e-06,0.19914397597312927,848.7180962361211
2026-09-22T05:24:53,3953,5.417147251057286e-06,0.210222527384758,848.7338993037799
2026-09-22T05:25:59,3954,5.413302575932334e-06,0.2682080566883087,848.7147558557269
2026-09-22T05:26:50,3955,5.409457900807382e-06,0.29714319109916687,848.7322416815139
2026-09-22T05:28:10,3956,5.40561322568243e-06,0.1834636628627777,848.7108752849855
2026-09-22T05:28:52,3957,5.401768550557478e-06,0.23532932996749878,848.7030138007698
2026-09-22T05:29:26,3958,5.397923875432527e-06,0.20192024111747742,848.7120071279775
2026-09-22T05:30:44,3959,5.394079200307575e-06,0.2815999388694763,848.6958396295045
2026-09-22T05:31:13,3960,5.390234525182622e-06,0.2665397822856903,848.7046637628986
2026-09-22T05:31:48,3961,5.38638985005767e-06,0.21125677227973938,848.7093992989305
2026-09-22T05:32:34,3962,5.382545174932718e-06,0.22697637975215912,848.7160359664895
2026-09-22T05:33:09,3963,5.378700499807766e-06,0.2595266103744507,848.7199286855741
2026-09-22T05:34:10,3964,5.374855824682814e-06,0.24566541612148285,848.7186431654861
2026-09-22T05:34:40,3965,5.371011149557863e-06,0.21949335932731628,848.7225541985811
2026-09-22T05:35:07,3966,5.367166474432911e-06,0.23445940017700195,848.7209035824948
2026-09-22T05:35:30,3967,5.363321799307959e-06,0.19118192791938782,848.7148694656695
2026-09-22T05:35:56,3968,5.359477124183007e-06,0.22518868744373322,848.7144260287647
2026-09-22T05:36:23,3969,5.355632449058055e-06,0.226512148976326,848.7174594131114
2026-09-22T05:37:00,3970,5.351787773933102e-06,0.2171076536178589,848.7326659922886
2026-09-22T05:38:32,3971,5.347943098808152e-06,0.29481014609336853,848.6982900539248
2026-09-22T05:39:04,3972,5.344098423683199e-06,0.24044427275657654,848.7076950228308
2026-09-22T05:39:40,3973,5.340253748558247e-06,0.22612938284873962,848.7118398456772
2026-09-22T05:40:19,3974,5.336409073433295e-06,0.2047809362411499,848.7251161074782
2026-09-22T05:40:44,3975,5.332564398308343e-06,0.19231396913528442,848.7203628443831
2026-09-22T05:41:41,3976,5.328719723183391e-06,0.2717684507369995,848.7113187514599
2026-09-22T05:42:25,3977,5.32487504805844e-06,0.2180728316307068,848.721259927998
2026-09-22T05:42:54,3978,5.321030372933488e-06,0.19191087782382965,848.725326418761
2026-09-22T05:44:32,3979,5.317185697808536e-06,0.22350578010082245,848.683537195367
2026-09-22T05:45:04,3980,5.313341022683584e-06,0.21673914790153503,848.6919756755472
2026-09-22T05:45:42,3981,5.309496347558631e-06,0.2558134198188782,848.6929221996337
2026-09-22T05:46:02,3982,5.305651672433679e-06,0.15024054050445557,848.6849587996111
2026-09-22T05:46:21,3983,5.301806997308728e-06,0.18579624593257904,848.6752238113596
2026-09-22T05:47:14,3984,5.297962322183776e-06,0.19061636924743652,848.6661380468662
2026-09-22T05:48:13,3985,5.294117647058824e-06,0.20553773641586304,848.6291017626336
2026-09-22T05:48:48,3986,5.290272971933872e-06,0.2512916028499603,848.6428693081014
2026-09-22T05:49:26,3987,5.28642829680892e-06,0.28039079904556274,848.6465088818945
2026-09-22T05:49:50,3988,5.282583621683968e-06,0.3740437924861908,848.6444048908264
2026-09-22T05:50:20,3989,5.278738946559017e-06,0.2378871738910675,848.6477075663694
2026-09-22T05:50:48,3990,5.274894271434065e-06,0.16786344349384308,848.6517124482092
2026-09-22T05:51:26,3991,5.271049596309113e-06,0.26327553391456604,848.659453510231
2026-09-22T05:51:51,3992,5.26720492118416e-06,0.22047969698905945,848.6581996329129
2026-09-22T05:52:35,3993,5.263360246059208e-06,0.24449700117111206,848.6710869811737
2026-09-22T05:53:03,3994,5.259515570934256e-06,0.2350034862756729,848.6758139874946
2026-09-22T05:53:26,3995,5.255670895809305e-06,0.22614336013793945,848.6754551426988
2026-09-22T05:53:59,3996,5.251826220684353e-06,0.20634055137634277,848.6846500154429
2026-09-22T05:54:50,3997,5.247981545559401e-06,0.23746748268604279,848.6785040604515
2026-09-22T05:55:53,3998,5.244136870434449e-06,0.17205588519573212,848.6712556707954
2026-09-22T05:56:38,3999,5.240292195309497e-06,0.21269237995147705,848.6769909416419
2026-09-22T05:57:07,4000,5.236447520184545e-06,0.20570921897888184,848.6796030762883
2026-09-22T05:57:46,4001,5.2326028450595936e-06,0.2387816607952118,848.680655747093
2026-09-22T05:58:39,4002,5.2287581699346416e-06,0.27229923009872437,848.6946701828047
2026-09-22T05:59:34,4003,5.224913494809689e-06,0.2676278352737427,848.7024643469357
2026-09-22T06:00:02,4004,5.221068819684737e-06,0.19659441709518433,848.7090901059584
2026-09-22T06:00:56,4005,5.217224144559785e-06,0.27647414803504944,848.7102920856491
2026-09-22T06:01:37,4006,5.213379469434833e-06,0.2746366262435913,848.7213092426579
2026-09-22T06:02:28,4007,5.2095347943098816e-06,0.26429834961891174,848.7188577685913
2026-09-22T06:03:08,4008,5.2056901191849296e-06,0.23485557734966278,848.7326718676844
2026-09-22T06:03:49,4009,5.2018454440599776e-06,0.22162309288978577,848.7397332939581
2026-09-22T06:04:10,4010,5.1980007689350256e-06,0.1918489634990692,848.7338944343772
2026-09-22T06:04:45,4011,5.1941560938100736e-06,0.2776271104812622,848.7371399448803
2026-09-22T06:05:25,4012,5.190311418685121e-06,0.22136671841144562,848.7510062952274
2026-09-22T06:05:49,4013,5.18646674356017e-06,0.1623396873474121,848.7457405631594
2026-09-22T06:06:25,4014,5.182622068435218e-06,0.2372681349515915,848.754904171133
2026-09-22T06:06:57,4015,5.1787773933102655e-06,0.17565611004829407,848.7625507924341
2026-09-22T06:07:20,4016,5.1749327181853135e-06,0.17412996292114258,848.7580762669211
2026-09-22T06:07:51,4017,5.1710880430603615e-06,0.21562907099723816,848.7662786832984
2026-09-22T06:08:17,4018,5.1672433679354095e-06,0.20306500792503357,848.7691856581952
2026-09-22T06:09:31,4019,5.163398692810458e-06,0.294620156288147,848.754784420031
2026-09-22T06:10:05,4020,5.159554017685506e-06,0.19946996867656708,848.7518295995151
2026-09-22T06:10:35,4021,5.155709342560554e-06,0.19165495038032532,848.7531812894753
2026-09-22T06:11:01,4022,5.151864667435602e-06,0.2278929054737091,848.7512229380341
2026-09-22T06:12:10,4023,5.14801999231065e-06,0.2838556170463562,848.7749547494136
2026-09-22T06:13:38,4024,5.1441753171856975e-06,0.2547689378261566,848.7434689580116
2026-09-22T06:14:37,4025,5.140330642060747e-06,0.23017090559005737,848.7210778539666
2026-09-22T06:15:21,4026,5.136485966935794e-06,0.237102210521698,848.7172947353272
2026-09-22T06:16:02,4027,5.132641291810842e-06,0.17557606101036072,848.7230873696562
2026-09-22T06:16:40,4028,5.12879661668589e-06,0.19133475422859192,848.7260556356658
2026-09-22T06:17:47,4029,5.124951941560938e-06,0.23741666972637177,848.7058326812878
2026-09-22T06:18:15,4030,5.121107266435986e-06,0.20266695320606232,848.7088458092065
2026-09-22T06:18:45,4031,5.117262591311034e-06,0.20819872617721558,848.7114019394542
2026-09-22T06:19:11,4032,5.113417916186083e-06,0.19459053874015808,848.7151698351372
2026-09-22T06:20:04,4033,5.109573241061131e-06,0.2436046600341797,848.7335715549476
2026-09-22T06:20:25,4034,5.105728565936179e-06,0.1820259988307953,848.7180910870046
2026-09-22T06:20:51,4035,5.101883890811226e-06,0.2280394434928894,848.7163437946665
2026-09-22T06:21:19,4036,5.098039215686274e-06,0.24971963465213776,848.7094767727091
2026-09-22T06:21:50,4037,5.094194540561322e-06,0.2069263607263565,848.7128289529036
2026-09-22T06:22:10,4038,5.090349865436371e-06,0.18299521505832672,848.7063277480503
2026-09-22T06:22:35,4039,5.086505190311419e-06,0.2310347557067871,848.7060063901685
2026-09-22T06:23:10,4040,5.082660515186467e-06,0.22556203603744507,848.7158691275259
2026-09-22T06:24:21,4041,5.078815840061515e-06,0.15842917561531067,848.7078742403602
2026-09-22T06:24:55,4042,5.074971164936563e-06,0.2220311015844345,848.7179268272731
2026-09-22T06:25:24,4043,5.071126489811611e-06,0.24542473256587982,848.7261746138165
2026-09-22T06:26:07,4044,5.06728181468666e-06,0.18960539996623993,848.7303335731509
2026-09-22T06:26:30,4045,5.063437139561708e-06,0.16316787898540497,848.7288662996659
2026-09-22T06:26:55,4046,5.059592464436755e-06,0.1572262942790985,848.7290892859016
2026-09-22T06:28:16,4047,5.055747789311803e-06,0.29095137119293213,848.7275069753538
2026-09-22T06:29:22,4048,5.051903114186851e-06,0.33713212609291077,848.7431635434904
2026-09-22T06:29:57,4049,5.048058439061899e-06,0.21769583225250244,848.7512115924795
2026-09-22T06:30:28,4050,5.044213763936948e-06,0.24564313888549805,848.7492347664444
2026-09-22T06:31:12,4051,5.040369088811996e-06,0.22129544615745544,848.7565337137743
2026-09-22T06:32:00,4052,5.036524413687044e-06,0.24535836279392242,848.7631714014767
2026-09-22T06:32:35,4053,5.032679738562092e-06,0.22308596968650818,848.7719321121315
2026-09-22T06:33:07,4054,5.02883506343714e-06,0.19091153144836426,848.7765964770167
2026-09-22T06:33:31,4055,5.024990388312187e-06,0.275704026222229,848.7702742472051
2026-09-22T06:35:34,4056,5.021145713187237e-06,0.36374789476394653,848.7485923916321
2026-09-22T06:36:36,4057,5.017301038062284e-06,0.2197054624557495,848.7191842105755
2026-09-22T06:37:04,4058,5.013456362937332e-06,0.20798370242118835,848.7192239615224
2026-09-22T06:37:34,4059,5.00961168781238e-06,0.25304388999938965,848.7323762421573
2026-09-22T06:37:56,4060,5.005767012687428e-06,0.1961331069469452,848.7212675719691
2026-09-22T06:38:41,4061,5.001922337562476e-06,0.2729116678237915,848.7255764628414
2026-09-22T06:39:46,4062,4.998077662437524e-06,0.22787587344646454,848.7042807117343
2026-09-22T06:40:22,4063,4.994232987312572e-06,0.2358102798461914,848.7157468983951
2026-09-22T06:41:11,4064,4.990388312187621e-06,0.23402179777622223,848.7190692103201
2026-09-22T06:41:41,4065,4.986543637062669e-06,0.17629492282867432,848.7273142367867
2026-09-22T06:42:27,4066,4.982698961937717e-06,0.2311786562204361,848.7369177879723
2026-09-22T06:43:05,4067,4.978854286812765e-06,0.254192054271698,848.7468407142535
2026-09-22T06:43:53,4068,4.975009611687813e-06,0.18710893392562866,848.7547780961826
2026-09-22T06:44:43,4069,4.971164936562861e-06,0.26387137174606323,848.7632791897571
2026-09-22T06:45:10,4070,4.967320261437909e-06,0.21606847643852234,848.7629833189029
2026-09-22T06:45:36,4071,4.963475586312957e-06,0.20482291281223297,848.7670415206845
2026-09-22T06:46:06,4072,4.959630911188005e-06,0.240558460354805,848.7711752138043
2026-09-22T06:46:53,4073,4.955786236063053e-06,0.28341299295425415,848.7840384382205
2026-09-22T06:47:30,4074,4.951941560938101e-06,0.2594503164291382,848.7985742984949
2026-09-22T06:48:36,4075,4.948096885813149e-06,0.3331775963306427,848.7717748544269
2026-09-22T06:49:00,4076,4.944252210688198e-06,0.1646578013896942,848.7670531723232
2026-09-22T06:49:27,4077,4.940407535563246e-06,0.30936312675476074,848.7707029802712
2026-09-22T06:49:48,4078,4.936562860438293e-06,0.18776224553585052,848.7659560835076
2026-09-22T06:50:18,4079,4.932718185313342e-06,0.18925897777080536,848.7698395602563
2026-09-22T06:50:42,4080,4.92887351018839e-06,0.20859616994857788,848.7686461199002
2026-09-22T06:52:03,4081,4.925028835063438e-06,0.25766974687576294,848.7613102868718
2026-09-22T06:52:53,4082,4.921184159938486e-06,0.18776123225688934,848.739109491467
2026-09-22T06:54:01,4083,4.917339484813534e-06,0.23248758912086487,848.7207791336479
2026-09-22T06:54:51,4084,4.913494809688582e-06,0.27734363079071045,848.7292657643333
2026-09-22T06:55:47,4085,4.90965013456363e-06,0.2955233156681061,848.7359868293731
2026-09-22T06:56:30,4086,4.905805459438678e-06,0.20136700570583344,848.722960166469
2026-09-22T06:57:16,4087,4.901960784313726e-06,0.31918466091156006,848.7462943736497
2026-09-22T06:58:41,4088,4.8981161091887745e-06,0.20076777040958405,848.7173385015072
2026-09-22T06:59:30,4089,4.894271434063822e-06,0.20893721282482147,848.7057208116756
2026-09-22T07:00:08,4090,4.89042675893887e-06,0.2186756432056427,848.7164927239049
2026-09-22T07:00:51,4091,4.8865820838139185e-06,0.26709237694740295,848.7221659592628
2026-09-22T07:01:18,4092,4.8827374086889665e-06,0.2147464007139206,848.7261624436129
2026-09-22T07:02:07,4093,4.8788927335640145e-06,0.23294466733932495,848.718322723392
2026-09-22T07:02:42,4094,4.8750480584390625e-06,0.24743115901947021,848.732144373483
2026-09-22T07:03:27,4095,4.8712033833141105e-06,0.25850042700767517,848.736551204929
2026-09-22T07:04:27,4096,4.8673587081891585e-06,0.2641408145427704,848.7491620503495
2026-09-22T07:05:14,4097,4.8635140330642065e-06,0.2273683249950409,848.7606584928619
2026-09-22T07:06:11,4098,4.8596693579392544e-06,0.23251956701278687,848.7703943795942
2026-09-22T07:06:33,4099,4.8558246828143024e-06,0.19992247223854065,848.763519640613
2026-09-22T07:07:01,4100,4.8519800076893504e-06,0.23050981760025024,848.7715521227284
2026-09-22T07:08:08,4101,4.8481353325643984e-06,0.22279301285743713,848.7705193446827
2026-09-22T07:10:02,4102,4.8442906574394464e-06,0.32923227548599243,848.7298504555795
2026-09-22T07:10:33,4103,4.840445982314495e-06,0.16061823070049286,848.7287373020158
2026-09-22T07:10:54,4104,4.836601307189543e-06,0.2090480625629425,848.7226803255554
2026-09-22T07:12:09,4105,4.8327566320645904e-06,0.25656232237815857,848.738067557684
2026-09-22T07:12:37,4106,4.828911956939639e-06,0.21993660926818848,848.7378678058666
2026-09-22T07:13:18,4107,4.825067281814687e-06,0.1568872183561325,848.7392912524791
2026-09-22T07:13:45,4108,4.821222606689735e-06,0.1956038475036621,848.738942728437
2026-09-22T07:14:42,4109,4.817377931564783e-06,0.23027001321315765,848.7440740459231
2026-09-22T07:15:12,4110,4.813533256439831e-06,0.1885298192501068,848.7481969683395
2026-09-22T07:15:48,4111,4.809688581314879e-06,0.1839965283870697,848.7529398417992
2026-09-22T07:16:20,4112,4.805843906189927e-06,0.18583020567893982,848.7608120610391
2026-09-22T07:16:54,4113,4.801999231064975e-06,0.17055758833885193,848.7647689827915
2026-09-22T07:17:23,4114,4.798154555940023e-06,0.14750555157661438,848.7645802337531
2026-09-22T07:18:38,4115,4.794309880815072e-06,0.36945220828056335,848.750479985494
2026-09-22T07:19:28,4116,4.790465205690119e-06,0.21859651803970337,848.7575726624381
2026-09-22T07:21:51,4117,4.786620530565167e-06,0.25992199778556824,848.6958312600652
2026-09-22T07:22:20,4118,4.782775855440216e-06,0.17489169538021088,848.6987457706502
2026-09-22T07:23:46,4119,4.778931180315264e-06,0.23733916878700256,848.6864546987474
2026-09-22T07:24:08,4120,4.775086505190312e-06,0.20109504461288452,848.6853888645991
2026-09-22T07:24:32,4121,4.77124183006536e-06,0.19976910948753357,848.6857312894836
2026-09-22T07:25:39,4122,4.767397154940408e-06,0.23137551546096802,848.6690025681731
2026-09-22T07:26:08,4123,4.763552479815456e-06,0.22382469475269318,848.672349898477
2026-09-22T07:26:39,4124,4.759707804690504e-06,0.25020304322242737,848.6779429779464
2026-09-22T07:27:12,4125,4.755863129565552e-06,0.3052625060081482,848.6855296814934
2026-09-22T07:27:46,4126,4.7520184544406e-06,0.18332406878471375,848.6977600701646
2026-09-22T07:28:30,4127,4.748173779315648e-06,0.25407177209854126,848.7043106605234
2026-09-22T07:28:55,4128,4.744329104190696e-06,0.1934925764799118,848.7029145333258
2026-09-22T07:29:36,4129,4.740484429065744e-06,0.1949290931224823,848.7014170742614
2026-09-22T07:30:20,4130,4.736639753940792e-06,0.2294522523880005,848.6980461684709
2026-09-22T07:30:47,4131,4.732795078815841e-06,0.19102048873901367,848.7011146201436
2026-09-22T07:31:10,4132,4.728950403690888e-06,0.1888844072818756,848.7041817097403
2026-09-22T07:32:14,4133,4.725105728565936e-06,0.2415395975112915,848.6830713383063
2026-09-22T07:32:54,4134,4.721261053440985e-06,0.21302135288715363,848.6947567885577
2026-09-22T07:33:19,4135,4.717416378316033e-06,0.267098069190979,848.697113437461
2026-09-22T07:33:54,4136,4.71357170319108e-06,0.25160062313079834,848.7063694201731
2026-09-22T07:34:29,4137,4.709727028066129e-06,0.22640420496463776,848.7019367630417
2026-09-22T07:35:08,4138,4.705882352941177e-06,0.23671549558639526,848.7125448331432
2026-09-22T07:35:49,4139,4.702037677816225e-06,0.21884983777999878,848.7170865517213
2026-09-22T07:36:32,4140,4.698193002691273e-06,0.254077672958374,848.7107714922936
2026-09-22T07:36:55,4141,4.694348327566321e-06,0.1726343035697937,848.7172664796202
2026-09-22T07:37:36,4142,4.690503652441369e-06,0.28173547983169556,848.7209852556905
2026-09-22T07:38:30,4143,4.686658977316417e-06,0.25526541471481323,848.7181812520369
2026-09-22T07:38:52,4144,4.682814302191465e-06,0.22351334989070892,848.7106721730233
2026-09-22T07:39:44,4145,4.678969627066513e-06,0.24650391936302185,848.7051708651519
2026-09-22T07:40:12,4146,4.675124951941562e-06,0.1987435221672058,848.7091669505263
2026-09-22T07:40:47,4147,4.67128027681661e-06,0.20219536125659943,848.7157447020292
2026-09-22T07:41:27,4148,4.667435601691657e-06,0.2642388939857483,848.7348695873865
2026-09-22T07:42:22,4149,4.663590926566706e-06,0.3071572482585907,848.7353186256422
2026-09-22T07:42:52,4150,4.659746251441754e-06,0.24941769242286682,848.7436295946117
2026-09-22T07:43:35,4151,4.655901576316802e-06,0.24029821157455444,848.7503661037385
2026-09-22T07:44:02,4152,4.65205690119185e-06,0.19847917556762695,848.7515064288177
2026-09-22T07:44:48,4153,4.648212226066898e-06,0.3152831196784973,848.7478218764852
2026-09-22T07:45:25,4154,4.644367550941946e-06,0.2419547438621521,848.7556212902862
2026-09-22T07:45:49,4155,4.640522875816994e-06,0.13951514661312103,848.7513732992448
2026-09-22T07:47:09,4156,4.636678200692042e-06,0.29530107975006104,848.7368861637774
2026-09-22T07:47:30,4157,4.63283352556709e-06,0.17742709815502167,848.7309037670401
2026-09-22T07:47:50,4158,4.6289888504421386e-06,0.15213704109191895,848.7154601401274
2026-09-22T07:48:31,4159,4.625144175317186e-06,0.2406807690858841,848.7232125616443
2026-09-22T07:49:48,4160,4.621299500192234e-06,0.2830764949321747,848.7165828004532
2026-09-22T07:50:19,4161,4.6174548250672826e-06,0.2127591371536255,848.7249354882082
2026-09-22T07:51:45,4162,4.6136101499423305e-06,0.23692773282527924,848.7063473334449
2026-09-22T07:52:16,4163,4.6097654748173785e-06,0.20918872952461243,848.7135972567452
2026-09-22T07:53:15,4164,4.6059207996924265e-06,0.2981419563293457,848.6994599628484
2026-09-22T07:53:43,4165,4.6020761245674745e-06,0.22176267206668854,848.6982148026306
2026-09-22T07:54:23,4166,4.5982314494425225e-06,0.2599904537200928,848.7162893262331
2026-09-22T07:54:46,4167,4.5943867743175705e-06,0.1818423569202423,848.7135173044525
2026-09-22T07:55:09,4168,4.5905420991926185e-06,0.17719720304012299,848.7075179236651
2026-09-22T07:56:12,4169,4.5866974240676665e-06,0.2501499354839325,848.6811797541765
2026-09-22T07:57:00,4170,4.5828527489427145e-06,0.2568642497062683,848.688064539338
2026-09-22T07:57:36,4171,4.5790080738177625e-06,0.30030012130737305,848.6964495905355
2026-09-22T07:57:58,4172,4.5751633986928105e-06,0.18336811661720276,848.6912678185123
2026-09-22T07:58:48,4173,4.571318723567859e-06,0.22378939390182495,848.6812302930504
2026-09-22T07:59:19,4174,4.567474048442907e-06,0.22755199670791626,848.6773528404913
2026-09-22T07:59:52,4175,4.5636293733179545e-06,0.21844175457954407,848.6851643491293
2026-09-22T08:00:47,4176,4.559784698193003e-06,0.27863046526908875,848.6996092725449
2026-09-22T08:01:29,4177,4.555940023068051e-06,0.21675053238868713,848.7037873418459
2026-09-22T08:02:26,4178,4.552095347943099e-06,0.20108646154403687,848.6691915652249
2026-09-22T08:03:41,4179,4.548250672818147e-06,0.23139142990112305,848.6420965645392
2026-09-22T08:04:21,4180,4.544405997693195e-06,0.27540382742881775,848.6551516218208
2026-09-22T08:04:57,4181,4.540561322568243e-06,0.25327959656715393,848.6683084402628
2026-09-22T08:05:54,4182,4.536716647443291e-06,0.26605677604675293,848.6486531455295
2026-09-22T08:06:20,4183,4.532871972318339e-06,0.18084964156150818,848.6519365417304
2026-09-22T08:07:00,4184,4.529027297193387e-06,0.22250863909721375,848.6514762823111
2026-09-22T08:07:36,4185,4.525182622068436e-06,0.23309677839279175,848.6612293280192
2026-09-22T08:08:20,4186,4.521337946943483e-06,0.24715004861354828,848.6834108640455
2026-09-22T08:09:21,4187,4.517493271818531e-06,0.20821978151798248,848.6511059866466
2026-09-22T08:09:39,4188,4.51364859669358e-06,0.2204515039920807,848.6411509899593
2026-09-22T08:10:06,4189,4.509803921568628e-06,0.2784401476383209,848.6366823084612
2026-09-22T08:10:51,4190,4.505959246443676e-06,0.19990453124046326,848.6401759998189
2026-09-22T08:11:29,4191,4.502114571318724e-06,0.2305210679769516,848.641206709598
2026-09-22T08:12:15,4192,4.498269896193772e-06,0.186753511428833,848.6547964763778
2026-09-22T08:13:02,4193,4.49442522106882e-06,0.18655744194984436,848.6333274267262
2026-09-22T08:13:25,4194,4.490580545943868e-06,0.18502354621887207,848.633258769329
2026-09-22T08:14:06,4195,4.486735870818916e-06,0.23775306344032288,848.6405703186477
2026-09-22T08:14:28,4196,4.482891195693964e-06,0.17644907534122467,848.6416292737156
2026-09-22T08:16:05,4197,4.479046520569012e-06,0.37306153774261475,848.5894377560173
2026-09-22T08:17:21,4198,4.47520184544406e-06,0.25579437613487244,848.5658176198936
2026-09-22T08:17:51,4199,4.471357170319108e-06,0.20354461669921875,848.5743322937873
2026-09-22T08:18:25,4200,4.467512495194156e-06,0.3096384108066559,848.5829657040994
2026-09-22T08:19:01,4201,4.463667820069205e-06,0.2592513859272003,848.5899626492466
2026-09-22T08:19:53,4202,4.459823144944252e-06,0.22181236743927002,848.6084541532936
2026-09-22T08:20:26,4203,4.4559784698193e-06,0.18051542341709137,848.6165128047962
2026-09-22T08:21:38,4204,4.452133794694349e-06,0.34230494499206543,848.6158410254604
2026-09-22T08:22:12,4205,4.448289119569397e-06,0.2195560336112976,848.6183386561645
2026-09-22T08:22:42,4206,4.444444444444444e-06,0.20749184489250183,848.6240873446544
2026-09-22T08:23:05,4207,4.440599769319493e-06,0.21436351537704468,848.6192492407597
2026-09-22T08:24:02,4208,4.436755094194541e-06,0.17403753101825714,848.6317073692567
2026-09-22T08:25:11,4209,4.432910419069589e-06,0.34679633378982544,848.6293101547228
2026-09-22T08:25:41,4210,4.429065743944637e-06,0.20195306837558746,848.6285830906945
2026-09-22T08:26:09,4211,4.425221068819685e-06,0.22729620337486267,848.6320802494212
2026-09-22T08:26:31,4212,4.421376393694733e-06,0.20549502968788147,848.6288114313664
2026-09-22T08:27:34,4213,4.417531718569781e-06,0.1805121898651123,848.6076738093801
2026-09-22T08:28:15,4214,4.413687043444829e-06,0.24693846702575684,848.607601320652
2026-09-22T08:29:14,4215,4.409842368319877e-06,0.3016812801361084,848.6144337192239
2026-09-22T08:29:51,4216,4.405997693194926e-06,0.24425362050533295,848.6231195955434
2026-09-22T08:30:21,4217,4.402153018069974e-06,0.19758567214012146,848.6269065533571
2026-09-22T08:31:28,4218,4.398308342945021e-06,0.1691732257604599,848.6118071449998
2026-09-22T08:31:55,4219,4.39446366782007e-06,0.2300124168395996,848.6147456970922
2026-09-22T08:33:13,4220,4.390618992695118e-06,0.24855011701583862,848.5972934638228
2026-09-22T08:33:36,4221,4.386774317570166e-06,0.1872512698173523,848.5952853204735
2026-09-22T08:34:06,4222,4.382929642445214e-06,0.20056940615177155,848.6046708422573
2026-09-22T08:34:54,4223,4.379084967320262e-06,0.261319100856781,848.6125090840062
2026-09-22T08:35:36,4224,4.37524029219531e-06,0.23126909136772156,848.6196683244397
2026-09-22T08:36:20,4225,4.371395617070358e-06,0.25654613971710205,848.6354822120147
2026-09-22T08:36:59,4226,4.367550941945406e-06,0.22234798967838287,848.6383892948592
2026-09-22T08:38:10,4227,4.363706266820454e-06,0.26327237486839294,848.6200744719321
2026-09-22T08:39:53,4228,4.359861591695503e-06,0.2742815911769867,848.6007080787093
2026-09-22T08:40:51,4229,4.35601691657055e-06,0.27020472288131714,848.6030187720371
2026-09-22T08:41:50,4230,4.352172241445598e-06,0.20400843024253845,848.6029709375312
2026-09-22T08:42:22,4231,4.348327566320647e-06,0.21577593684196472,848.6092919783257
2026-09-22T08:42:57,4232,4.344482891195695e-06,0.2204955816268921,848.6128810138683
2026-09-22T08:44:05,4233,4.340638216070742e-06,0.2319692075252533,848.5956096899872
2026-09-22T08:44:55,4234,4.336793540945791e-06,0.33594053983688354,848.5966565007282
2026-09-22T08:46:04,4235,4.332948865820839e-06,0.34624457359313965,848.593145534231
2026-09-22T08:46:40,4236,4.329104190695887e-06,0.2533876597881317,848.607725935989
2026-09-22T08:47:21,4237,4.325259515570935e-06,0.20624488592147827,848.6140989022856
2026-09-22T08:48:52,4238,4.321414840445983e-06,0.2032596617937088,848.6031383004679
2026-09-22T08:49:31,4239,4.317570165321031e-06,0.3492545187473297,848.6159063066663
2026-09-22T08:50:07,4240,4.313725490196079e-06,0.19211530685424805,848.6211700731612
2026-09-22T08:50:52,4241,4.309880815071127e-06,0.25304728746414185,848.630204913053
2026-09-22T08:51:20,4242,4.306036139946175e-06,0.23191231489181519,848.6286183374865
2026-09-22T08:51:59,4243,4.3021914648212235e-06,0.24303483963012695,848.639457185094
2026-09-22T08:52:48,4244,4.2983467896962715e-06,0.25641125440597534,848.6296369798637
2026-09-22T08:53:43,4245,4.294502114571319e-06,0.2583085894584656,848.6293675039869
2026-09-22T08:54:46,4246,4.2906574394463675e-06,0.26851511001586914,848.6210631294352
2026-09-22T08:55:10,4247,4.2868127643214155e-06,0.18178491294384003,848.6166129360438
2026-09-22T08:55:54,4248,4.2829680891964634e-06,0.18738649785518646,848.6124423479915
2026-09-22T08:56:26,4249,4.2791234140715114e-06,0.17797157168388367,848.6266389005114
2026-09-22T08:57:47,4250,4.2752787389465594e-06,0.29438865184783936,848.6150395647226
2026-09-22T08:58:18,4251,4.2714340638216074e-06,0.18325696885585785,848.6135615748839
2026-09-22T08:58:49,4252,4.2675893886966554e-06,0.20676283538341522,848.6165509088878
2026-09-22T08:59:50,4253,4.2637447135717034e-06,0.26744773983955383,848.6275006263224
2026-09-22T09:00:57,4254,4.2599000384467514e-06,0.19926738739013672,848.6005167311571
2026-09-22T09:01:42,4255,4.2560553633218e-06,0.22463539242744446,848.6116321858814
2026-09-22T09:02:26,4256,4.2522106881968474e-06,0.21795208752155304,848.6149495417617
2026-09-22T09:02:56,4257,4.2483660130718954e-06,0.20633813738822937,848.6142661341808
2026-09-22T09:03:38,4258,4.244521337946944e-06,0.20328564941883087,848.5972919968465
2026-09-22T09:04:01,4259,4.240676662821992e-06,0.2073962390422821,848.5907776865356
2026-09-22T09:04:32,4260,4.23683198769704e-06,0.27071890234947205,848.5937469140408
2026-09-22T09:05:03,4261,4.232987312572088e-06,0.21621590852737427,848.6027224846589
2026-09-22T09:05:43,4262,4.229142637447136e-06,0.2541009485721588,848.6153893033112
2026-09-22T09:06:21,4263,4.225297962322184e-06,0.2264639139175415,848.6273709337202
2026-09-22T09:06:58,4264,4.221453287197232e-06,0.2524433135986328,848.644804170224
2026-09-22T09:07:25,4265,4.21760861207228e-06,0.19717508554458618,848.6528116966688
2026-09-22T09:07:49,4266,4.213763936947328e-06,0.17476004362106323,848.6482915857443
2026-09-22T09:08:28,4267,4.209919261822376e-06,0.2364969402551651,848.6538443418625
2026-09-22T09:08:58,4268,4.206074586697424e-06,0.20625583827495575,848.6556246980676
2026-09-22T09:09:49,4269,4.202229911572472e-06,0.3157600462436676,848.6678163111728
2026-09-22T09:10:20,4270,4.19838523644752e-06,0.2118551880121231,848.6663612118259
2026-09-22T09:11:01,4271,4.194540561322569e-06,0.18275398015975952,848.6636730151961
2026-09-22T09:11:41,4272,4.190695886197616e-06,0.22401970624923706,848.6805526866177
2026-09-22T09:12:14,4273,4.186851211072664e-06,0.5520282983779907,848.6859091530151
2026-09-22T09:12:52,4274,4.183006535947713e-06,0.24267256259918213,848.6949414022683
2026-09-22T09:13:30,4275,4.179161860822761e-06,0.19292381405830383,848.7013182753608
2026-09-22T09:13:56,4276,4.175317185697808e-06,0.18262147903442383,848.7036330447507
2026-09-22T09:14:46,4277,4.171472510572857e-06,0.19129526615142822,848.7116566129728
2026-09-22T09:15:50,4278,4.167627835447905e-06,0.24543049931526184,848.6903309322122
2026-09-22T09:16:34,4279,4.163783160322953e-06,0.2387649416923523,848.6973262832174
2026-09-22T09:17:12,4280,4.159938485198001e-06,0.2188880741596222,848.7013350503792
2026-09-22T09:17:59,4281,4.156093810073049e-06,0.24848677217960358,848.6992584322523
2026-09-22T09:18:48,4282,4.152249134948097e-06,0.22022691369056702,848.7116622883101
2026-09-22T09:19:18,4283,4.148404459823145e-06,0.17521043121814728,848.7204681621305
2026-09-22T09:19:52,4284,4.144559784698193e-06,0.19576361775398254,848.7246009128916
2026-09-22T09:20:14,4285,4.140715109573241e-06,0.18424607813358307,848.7189388483235
2026-09-22T09:20:38,4286,4.13687043444829e-06,0.20595543086528778,848.7131118905313
2026-09-22T09:21:07,4287,4.133025759323338e-06,0.20557424426078796,848.7177849375576
2026-09-22T09:22:17,4288,4.129181084198385e-06,0.2966575622558594,848.6907675774984
2026-09-22T09:22:55,4289,4.125336409073434e-06,0.21913348138332367,848.6901977314106
2026-09-22T09:23:16,4290,4.121491733948482e-06,0.18172842264175415,848.6854811878978
2026-09-22T09:23:51,4291,4.11764705882353e-06,0.23024305701255798,848.6877072041628
2026-09-22T09:24:33,4292,4.113802383698578e-06,0.22936376929283142,848.7020743391256
2026-09-22T09:25:05,4293,4.109957708573626e-06,0.21510660648345947,848.7105111274162
2026-09-22T09:25:42,4294,4.106113033448674e-06,0.2620067596435547,848.7108893511672
2026-09-22T09:26:16,4295,4.102268358323722e-06,0.27456486225128174,848.7191139678869
2026-09-22T09:26:52,4296,4.09842368319877e-06,0.23070749640464783,848.7272182251743
2026-09-22T09:28:00,4297,4.094579008073818e-06,0.22392944991588593,848.711297982657
2026-09-22T09:28:24,4298,4.090734332948867e-06,0.23491767048835754,848.7059142749345
2026-09-22T09:28:56,4299,4.086889657823914e-06,0.28801989555358887,848.7140583910821
2026-09-22T09:29:58,4300,4.083044982698962e-06,0.21813702583312988,848.6985040708346
2026-09-22T09:30:41,4301,4.079200307574011e-06,0.2788267135620117,848.7144792842088
2026-09-22T09:31:05,4302,4.075355632449059e-06,0.2066938281059265,848.7144418669645
2026-09-22T09:31:54,4303,4.071510957324106e-06,0.25085222721099854,848.7279284249165
2026-09-22T09:32:40,4304,4.067666282199155e-06,0.2803094983100891,848.728323322517
2026-09-22T09:33:28,4305,4.063821607074203e-06,0.22999829053878784,848.7392867588595
2026-09-22T09:33:50,4306,4.059976931949251e-06,0.21402710676193237,848.7414592100602
2026-09-22T09:34:23,4307,4.056132256824299e-06,0.22448769211769104,848.7483141476077
2026-09-22T09:34:57,4308,4.052287581699347e-06,0.254427969455719,848.7552857886709
2026-09-22T09:35:36,4309,4.048442906574395e-06,0.2302774041891098,848.7680276851805
2026-09-22T09:36:30,4310,4.044598231449443e-06,0.2730591893196106,848.7853403695016
2026-09-22T09:37:20,4311,4.040753556324491e-06,0.3487601578235626,848.8063448931214
2026-09-22T09:37:54,4312,4.036908881199539e-06,0.18902403116226196,848.8032299527941
2026-09-22T09:38:53,4313,4.0330642060745875e-06,0.2509102523326874,848.778175836488
2026-09-22T09:39:56,4314,4.0292195309496355e-06,0.27621451020240784,848.7647258119398
2026-09-22T09:40:39,4315,4.025374855824683e-06,0.22397743165493011,848.7761413547582
2026-09-22T09:41:26,4316,4.0215301806997315e-06,0.25125253200531006,848.7804198546575
2026-09-22T09:42:03,4317,4.0176855055747795e-06,0.19242914021015167,848.7927219926225
2026-09-22T09:42:33,4318,4.0138408304498275e-06,0.19696299731731415,848.7966946504348
2026-09-22T09:43:45,4319,4.0099961553248755e-06,0.28252309560775757,848.7857084762877
2026-09-22T09:44:11,4320,4.0061514801999235e-06,0.20156130194664001,848.7816203782023
2026-09-22T09:44:55,4321,4.0023068050749715e-06,0.2608782947063446,848.7925689655622
2026-09-22T09:45:37,4322,3.9984621299500195e-06,0.22579018771648407,848.7918525155947
2026-09-22T09:46:32,4323,3.9946174548250675e-06,0.1888672113418579,848.7726148137232
2026-09-22T09:47:22,4324,3.9907727797001155e-06,0.22246046364307404,848.7683887205073
2026-09-22T09:48:02,4325,3.986928104575164e-06,0.26146966218948364,848.7806607878766
2026-09-22T09:48:31,4326,3.9830834294502115e-06,0.22753165662288666,848.7880491632042
2026-09-22T09:49:50,4327,3.9792387543252595e-06,0.33076781034469604,848.7791399592945
2026-09-22T09:50:58,4328,3.975394079200308e-06,0.28754308819770813,848.773630316401
2026-09-22T09:51:51,4329,3.971549404075356e-06,0.24247509241104126,848.7876062450532
2026-09-22T09:52:16,4330,3.9677047289504035e-06,0.2206861525774002,848.7823882839414
2026-09-22T09:53:11,4331,3.9638600538254515e-06,0.2078297734260559,848.7648311857624
2026-09-22T09:53:49,4332,3.9600153787005e-06,0.25153154134750366,848.7781916799973
2026-09-22T09:54:24,4333,3.956170703575548e-06,0.21637004613876343,848.7786744957449
2026-09-22T09:55:28,4334,3.952326028450596e-06,0.28998881578445435,848.7534398486572
2026-09-22T09:55:59,4335,3.948481353325644e-06,0.1877235770225525,848.7571866683331
2026-09-22T09:56:32,4336,3.944636678200692e-06,0.22468158602714539,848.7658001972557
2026-09-22T09:57:36,4337,3.94079200307574e-06,0.2659541368484497,848.744389413301
2026-09-22T09:58:07,4338,3.936947327950788e-06,0.1297781765460968,848.7423211248954
2026-09-22T09:58:34,4339,3.933102652825836e-06,0.2241327166557312,848.740782684022
2026-09-22T09:59:37,4340,3.929257977700884e-06,0.22735095024108887,848.7097080235094
2026-09-22T10:00:23,4341,3.925413302575933e-06,0.23050975799560547,848.714508063171
2026-09-22T10:01:06,4342,3.92156862745098e-06,0.27247875928878784,848.7320714130229
2026-09-22T10:02:09,4343,3.917723952326028e-06,0.26317018270492554,848.7249182376272
2026-09-22T10:03:07,4344,3.913879277201077e-06,0.4202050566673279,848.7243092848282
2026-09-22T10:03:37,4345,3.910034602076125e-06,0.1822395920753479,848.732562912132
2026-09-22T10:04:09,4346,3.906189926951172e-06,0.26271572709083557,848.7408572875737
2026-09-22T10:04:35,4347,3.902345251826221e-06,0.16040730476379395,848.7393630106832
2026-09-22T10:05:14,4348,3.898500576701269e-06,0.18605343997478485,848.7391520977397
2026-09-22T10:06:06,4349,3.894655901576317e-06,0.21240107715129852,848.7542226449748
2026-09-22T10:07:18,4350,3.890811226451365e-06,0.3490211069583893,848.7509674167898
2026-09-22T10:08:18,4351,3.886966551326413e-06,0.24207842350006104,848.7394500103879
2026-09-22T10:08:47,4352,3.883121876201461e-06,0.21277299523353577,848.7435057318801
2026-09-22T10:09:20,4353,3.879277201076509e-06,0.25123679637908936,848.7512406721305
2026-09-22T10:09:43,4354,3.875432525951557e-06,0.20694173872470856,848.7498231381209
2026-09-22T10:10:11,4355,3.871587850826605e-06,0.21353471279144287,848.7542338539447
2026-09-22T10:11:06,4356,3.867743175701654e-06,0.3230859339237213,848.767758798339
2026-09-22T10:12:07,4357,3.863898500576702e-06,0.22637462615966797,848.7538157275894
2026-09-22T10:12:56,4358,3.860053825451749e-06,0.19297310709953308,848.7438998222738
2026-09-22T10:13:14,4359,3.856209150326798e-06,0.18891935050487518,848.7361020837444
2026-09-22T10:13:50,4360,3.852364475201846e-06,0.17786544561386108,848.7303966228317
2026-09-22T10:14:20,4361,3.848519800076894e-06,0.17321032285690308,848.7338731553823
2026-09-22T10:14:51,4362,3.844675124951942e-06,0.17160847783088684,848.7366412868954
2026-09-22T10:15:59,4363,3.84083044982699e-06,0.2681048512458801,848.7255964366137
2026-09-22T10:16:23,4364,3.836985774702038e-06,0.14373478293418884,848.7239026098076
2026-09-22T10:16:57,4365,3.833141099577086e-06,0.23349672555923462,848.7339736279283
2026-09-22T10:17:33,4366,3.829296424452134e-06,0.1993398815393448,848.7466293733885
2026-09-22T10:18:20,4367,3.825451749327182e-06,0.20871421694755554,848.7478058683504
2026-09-22T10:18:59,4368,3.821607074202231e-06,0.2375730574131012,848.7493040640362
2026-09-22T10:19:57,4369,3.817762399077278e-06,0.24463331699371338,848.7488213391593
2026-09-22T10:20:33,4370,3.8139177239523264e-06,0.19513505697250366,848.7587942367041
2026-09-22T10:21:14,4371,3.810073048827375e-06,0.19688615202903748,848.7607372149187
2026-09-22T10:21:47,4372,3.8062283737024224e-06,0.2600676119327545,848.7699197301475
2026-09-22T10:22:23,4373,3.8023836985774704e-06,0.2365112453699112,848.7818017831346
2026-09-22T10:22:48,4374,3.798539023452519e-06,0.1584841012954712,848.7801415917081
2026-09-22T10:24:02,4375,3.794694348327567e-06,0.341530442237854,848.7894941708325
2026-09-22T10:24:54,4376,3.7908496732026144e-06,0.25192320346832275,848.7936345693493
2026-09-22T10:25:21,4377,3.787004998077663e-06,0.24877913296222687,848.7969761822
2026-09-22T10:26:27,4378,3.783160322952711e-06,0.28048887848854065,848.8064894273616
2026-09-22T10:27:31,4379,3.779315647827759e-06,0.23426498472690582,848.7981858874726
2026-09-22T10:27:55,4380,3.7754709727028072e-06,0.15878987312316895,848.8015992391292
2026-09-22T10:28:51,4381,3.7716262975778552e-06,0.15986765921115875,848.806255805565
2026-09-22T10:29:35,4382,3.7677816224529028e-06,0.19107073545455933,848.8166228387985
2026-09-22T10:30:07,4383,3.763936947327951e-06,0.28646087646484375,848.8206051409421
2026-09-22T10:30:41,4384,3.760092272202999e-06,0.1573982685804367,848.8219468585054
2026-09-22T10:31:45,4385,3.756247597078047e-06,0.27436530590057373,848.8040345146852
2026-09-22T10:32:22,4386,3.7524029219530956e-06,0.27464157342910767,848.8117876531002
2026-09-22T10:32:48,4387,3.748558246828143e-06,0.18410862982273102,848.8142532391525
2026-09-22T10:33:13,4388,3.744713571703191e-06,0.1778210699558258,848.8130622031559
2026-09-22T10:33:49,4389,3.7408688965782396e-06,0.27141839265823364,848.8220647760073
2026-09-22T10:34:28,4390,3.7370242214532876e-06,0.27228546142578125,848.8297568125087
2026-09-22T10:35:07,4391,3.7331795463283356e-06,0.23877301812171936,848.8412608856631
2026-09-22T10:35:32,4392,3.729334871203384e-06,0.1749838888645172,848.836688628525
2026-09-22T10:36:04,4393,3.7254901960784316e-06,0.20565153658390045,848.8448582256234
2026-09-22T10:36:50,4394,3.7216455209534796e-06,0.23681491613388062,848.8516907224373
2026-09-22T10:37:26,4395,3.7178008458285276e-06,0.2161276936531067,848.8650044313603
2026-09-22T10:38:11,4396,3.713956170703576e-06,0.24725133180618286,848.8804913761464
2026-09-22T10:39:11,4397,3.710111495578624e-06,0.23464980721473694,848.8593972229226
2026-09-22T10:39:35,4398,3.7062668204536716e-06,0.23969706892967224,848.8525174574381
2026-09-22T10:40:25,4399,3.70242214532872e-06,0.2715897560119629,848.8618820502544
2026-09-22T10:40:52,4400,3.698577470203768e-06,0.2775399684906006,848.8620036053643
2026-09-22T10:41:20,4401,3.694732795078816e-06,0.2547058165073395,848.8647666414951
2026-09-22T10:42:19,4402,3.6908881199538644e-06,0.24738140404224396,848.8480869459571
2026-09-22T10:42:43,4403,3.687043444828912e-06,0.20175780355930328,848.8459983602597
2026-09-22T10:43:37,4404,3.68319876970396e-06,0.2017797827720642,848.8490782710622
2026-09-22T10:44:15,4405,3.6793540945790084e-06,0.19272831082344055,848.8515987834542
2026-09-22T10:44:45,4406,3.6755094194540564e-06,0.14575432240962982,848.854863170855
2026-09-22T10:45:56,4407,3.6716647443291044e-06,0.21306993067264557,848.837617606275
2026-09-22T10:46:33,4408,3.667820069204153e-06,0.2876434624195099,848.8315822221465
2026-09-22T10:47:03,4409,3.6639753940792004e-06,0.24154303967952728,848.8362204804941
2026-09-22T10:47:34,4410,3.6601307189542484e-06,0.18448346853256226,848.8345117367442
2026-09-22T10:48:02,4411,3.656286043829297e-06,0.2520754337310791,848.8381281190922
2026-09-22T10:48:45,4412,3.652441368704345e-06,0.24958252906799316,848.8492529753489
2026-09-22T10:49:26,4413,3.6485966935793924e-06,0.25491511821746826,848.8680232301192
2026-09-22T10:49:59,4414,3.644752018454441e-06,0.2088264524936676,848.8769808325143
2026-09-22T10:50:51,4415,3.640907343329489e-06,0.22660419344902039,848.8885077562074
2026-09-22T10:51:20,4416,3.637062668204537e-06,0.2346803843975067,848.894607084404
2026-09-22T10:51:50,4417,3.6332179930795853e-06,0.2322579175233841,848.8935350233515
2026-09-22T10:52:38,4418,3.6293733179546333e-06,0.1692168414592743,848.884252530931
2026-09-22T10:52:57,4419,3.625528642829681e-06,0.17053139209747314,848.8706906522107
2026-09-22T10:53:29,4420,3.6216839677047292e-06,0.226124107837677,848.8791604542529
2026-09-22T10:54:16,4421,3.6178392925797772e-06,0.21639999747276306,848.894993000583
2026-09-22T10:54:48,4422,3.6139946174548252e-06,0.26145249605178833,848.9033042971873
2026-09-22T10:55:51,4423,3.6101499423298737e-06,0.2333359718322754,848.8788404769898
2026-09-22T10:56:21,4424,3.6063052672049217e-06,0.1958124041557312,848.8773137758031
2026-09-22T10:56:51,4425,3.6024605920799692e-06,0.1727263331413269,848.8777832328195
2026-09-22T10:57:52,4426,3.5986159169550177e-06,0.3065536618232727,848.8525767757225
2026-09-22T10:58:24,4427,3.5947712418300657e-06,0.22671522200107574,848.8607005620452
2026-09-22T11:00:05,4428,3.5909265667051137e-06,0.349592387676239,848.8069459114782
2026-09-22T11:00:39,4429,3.587081891580162e-06,0.2118738889694214,848.814856747139
2026-09-22T11:01:22,4430,3.5832372164552096e-06,0.2775225043296814,848.8080226600138
2026-09-22T11:02:04,4431,3.5793925413302576e-06,0.18721464276313782,848.8250351799096
2026-09-22T11:02:53,4432,3.575547866205306e-06,0.17293775081634521,848.8335169040776
2026-09-22T11:03:22,4433,3.571703191080354e-06,0.2157394289970398,848.8396591409575
2026-09-22T11:04:03,4434,3.567858515955402e-06,0.1835278421640396,848.8433275209242
2026-09-22T11:04:46,4435,3.5640138408304505e-06,0.19194035232067108,848.8419158023844
2026-09-22T11:05:29,4436,3.560169165705498e-06,0.23478440940380096,848.8478854679308
2026-09-22T11:05:51,4437,3.556324490580546e-06,0.22616073489189148,848.8463753735001
2026-09-22T11:06:58,4438,3.5524798154555945e-06,0.27752894163131714,848.852901911709
2026-09-22T11:07:40,4439,3.5486351403306425e-06,0.23741646111011505,848.8704404250574
2026-09-22T11:08:17,4440,3.54479046520569e-06,0.2298649251461029,848.8771467998662
2026-09-22T11:08:43,4441,3.540945790080739e-06,0.1743752658367157,848.87508234288
2026-09-22T11:09:06,4442,3.5371011149557865e-06,0.19378522038459778,848.8740155329019
2026-09-22T11:10:22,4443,3.5332564398308345e-06,0.2581937909126282,848.876933014787
2026-09-22T11:10:44,4444,3.529411764705883e-06,0.1713644415140152,848.875000374971
2026-09-22T11:11:26,4445,3.525567089580931e-06,0.23929950594902039,848.8811115470368
2026-09-22T11:11:57,4446,3.5217224144559785e-06,0.21251848340034485,848.885611469596
2026-09-22T11:12:53,4447,3.517877739331027e-06,0.2615089416503906,848.9032175952842
2026-09-22T11:13:22,4448,3.514033064206075e-06,0.2118513286113739,848.9103440164321
2026-09-22T11:13:58,4449,3.510188389081123e-06,0.17885403335094452,848.91746424629
2026-09-22T11:14:33,4450,3.5063437139561713e-06,0.1938818395137787,848.9261497652711
2026-09-22T11:15:10,4451,3.5024990388312193e-06,0.23991131782531738,848.9270597758231
2026-09-22T11:15:46,4452,3.498654363706267e-06,0.17129983007907867,848.9358295977811
2026-09-22T11:16:50,4453,3.4948096885813153e-06,0.19662587344646454,848.918792340822
2026-09-22T11:17:12,4454,3.4909650134563633e-06,0.17654350399971008,848.9176077578561
2026-09-22T11:18:23,4455,3.4871203383314113e-06,0.30766811966896057,848.8976431517514
2026-09-22T11:19:27,4456,3.4832756632064597e-06,0.21037641167640686,848.9001469670301
2026-09-22T11:19:53,4457,3.4794309880815073e-06,0.22993670403957367,848.8950561414468
2026-09-22T11:20:21,4458,3.4755863129565553e-06,0.17442235350608826,848.8947123397318
2026-09-22T11:21:29,4459,3.4717416378316037e-06,0.23684825003147125,848.8808860332078
2026-09-22T11:22:06,4460,3.4678969627066517e-06,0.19989949464797974,848.8761803458688
2026-09-22T11:22:32,4461,3.4640522875816997e-06,0.22313913702964783,848.8722778542002
2026-09-22T11:23:08,4462,3.4602076124567473e-06,0.2783927917480469,848.8800697390981
2026-09-22T11:23:54,4463,3.4563629373317957e-06,0.2047993689775467,848.8948610322693
2026-09-22T11:24:29,4464,3.4525182622068437e-06,0.23164699971675873,848.9039174335162
2026-09-22T11:25:24,4465,3.4486735870818917e-06,0.24051260948181152,848.9057219027583
2026-09-22T11:26:48,4466,3.44482891195694e-06,0.2408764809370041,848.8821957182441
2026-09-22T11:27:14,4467,3.440984236831988e-06,0.14935749769210815,848.8769454732688
2026-09-22T11:27:55,4468,3.4371395617070357e-06,0.24719694256782532,848.8814005973825
2026-09-22T11:29:22,4469,3.433294886582084e-06,0.2694808840751648,848.8579839581959
2026-09-22T11:29:44,4470,3.429450211457132e-06,0.16319534182548523,848.8515597895494
2026-09-22T11:30:24,4471,3.42560553633218e-06,0.22885900735855103,848.8535198932818
2026-09-22T11:31:15,4472,3.4217608612072285e-06,0.29544776678085327,848.86035340332
2026-09-22T11:32:49,4473,3.417916186082276e-06,0.2786439061164856,848.8344288744355
2026-09-22T11:33:42,4474,3.414071510957324e-06,0.26322421431541443,848.8383267004784
2026-09-22T11:34:54,4475,3.4102268358323725e-06,0.33323314785957336,848.8268659501075
2026-09-22T11:35:27,4476,3.4063821607074205e-06,0.242095485329628,848.8344837397224
2026-09-22T11:35:52,4477,3.4025374855824685e-06,0.20086917281150818,848.8295339840167
2026-09-22T11:37:00,4478,3.398692810457517e-06,0.18138162791728973,848.8076434958824
2026-09-22T11:37:40,4479,3.3948481353325645e-06,0.19820243120193481,848.8186309712223
2026-09-22T11:38:02,4480,3.3910034602076125e-06,0.14200623333454132,848.8143559604645
2026-09-22T11:39:05,4481,3.387158785082661e-06,0.2424408495426178,848.7997278081242
2026-09-22T11:39:45,4482,3.383314109957709e-06,0.27333980798721313,848.8026602732169
2026-09-22T11:40:28,4483,3.3794694348327565e-06,0.23931647837162018,848.8082394582628
2026-09-22T11:41:20,4484,3.375624759707805e-06,0.2327357530593872,848.8028700816345
2026-09-22T11:41:44,4485,3.371780084582853e-06,0.17311561107635498,848.8020962852362
2026-09-22T11:42:54,4486,3.367935409457901e-06,0.29486754536628723,848.8054765904512
2026-09-22T11:43:11,4487,3.3640907343329493e-06,0.14934562146663666,848.793902883701
2026-09-22T11:43:43,4488,3.3602460592079973e-06,0.25129973888397217,848.8058732554499
2026-09-22T11:44:03,4489,3.356401384083045e-06,0.16162684559822083,848.8003289972816
2026-09-22T11:44:28,4490,3.3525567089580933e-06,0.20113223791122437,848.7944998891631
2026-09-22T11:45:29,4491,3.3487120338331413e-06,0.2422787845134735,848.774339077674
2026-09-22T11:46:18,4492,3.3448673587081893e-06,0.28921979665756226,848.7590367370394
2026-09-22T11:47:10,4493,3.3410226835832378e-06,0.2178601324558258,848.7728830402667
2026-09-22T11:47:43,4494,3.3371780084582857e-06,0.24037349224090576,848.7703331432205
2026-09-22T11:48:04,4495,3.3333333333333333e-06,0.16447126865386963,848.7650170854921
2026-09-22T11:49:14,4496,3.3294886582083817e-06,0.1887882798910141,848.7437373472253
2026-09-22T11:49:40,4497,3.3256439830834297e-06,0.19523389637470245,848.7436112677702
2026-09-22T11:50:12,4498,3.3217993079584777e-06,0.25215891003608704,848.7565080164723
2026-09-22T11:50:54,4499,3.317954632833526e-06,0.1993599534034729,848.7585566056914
2026-09-22T11:52:02,4500,3.3141099577085737e-06,0.23929961025714874,848.7377136586603
2026-09-22T11:53:11,4501,3.3102652825836217e-06,0.2653053402900696,848.7212232051904
2026-09-22T11:53:51,4502,3.30642060745867e-06,0.23954036831855774,848.7341996539392
2026-09-22T11:54:32,4503,3.302575932333718e-06,0.2859782576560974,848.7443211942315
2026-09-22T11:55:17,4504,3.298731257208766e-06,0.2810574769973755,848.7455793906723
2026-09-22T11:56:33,4505,3.2948865820838146e-06,0.3456090986728668,848.731402409726
2026-09-22T11:57:02,4506,3.291041906958862e-06,0.16714486479759216,848.7356773463111
2026-09-22T11:58:15,4507,3.28719723183391e-06,0.28059154748916626,848.71788848817
2026-09-22T11:58:51,4508,3.2833525567089586e-06,0.302009642124176,848.7295574756125
2026-09-22T11:59:16,4509,3.2795078815840066e-06,0.26637545228004456,848.7224095177535
2026-09-22T12:00:08,4510,3.275663206459054e-06,0.20787622034549713,848.7320138953488
2026-09-22T12:00:39,4511,3.2718185313341026e-06,0.1658293902873993,848.7435631749581
2026-09-22T12:01:12,4512,3.2679738562091506e-06,0.21586677432060242,848.7514550367137
2026-09-22T12:01:52,4513,3.2641291810841986e-06,0.17491380870342255,848.7533087732057
2026-09-22T12:02:18,4514,3.260284505959247e-06,0.1614997833967209,848.7523466320484
2026-09-22T12:02:46,4515,3.256439830834295e-06,0.21094781160354614,848.7512162736527
2026-09-22T12:04:16,4516,3.2525951557093425e-06,0.34159523248672485,848.7390655670265
2026-09-22T12:05:34,4517,3.248750480584391e-06,0.2488814890384674,848.744194802669
2026-09-22T12:05:58,4518,3.244905805459439e-06,0.16016314923763275,848.7425792161026
2026-09-22T12:06:42,4519,3.241061130334487e-06,0.24244841933250427,848.7544256322958
2026-09-22T12:07:11,4520,3.2372164552095354e-06,0.17153924703598022,848.7530900594315
2026-09-22T12:08:02,4521,3.2333717800845834e-06,0.28453364968299866,848.7468283459331
2026-09-22T12:09:10,4522,3.229527104959631e-06,0.23339872062206268,848.7589183036233
2026-09-22T12:09:43,4523,3.2256824298346794e-06,0.22258640825748444,848.762568229506
2026-09-22T12:10:23,4524,3.2218377547097274e-06,0.227877676486969,848.7790051859395
2026-09-22T12:10:45,4525,3.2179930795847754e-06,0.13482438027858734,848.7713304052093
2026-09-22T12:11:54,4526,3.214148404459824e-06,0.27208682894706726,848.7711381854842
2026-09-22T12:12:29,4527,3.2103037293348714e-06,0.24116455018520355,848.7829083570695
2026-09-22T12:12:58,4528,3.2064590542099194e-06,0.19947385787963867,848.7908866819208
2026-09-22T12:14:08,4529,3.2026143790849674e-06,0.21760818362236023,848.8019497878048
2026-09-22T12:14:58,4530,3.198769703960016e-06,0.1827351152896881,848.8168125318979
2026-09-22T12:15:31,4531,3.194925028835064e-06,0.21173223853111267,848.8251139872671
2026-09-22T12:16:12,4532,3.1910803537101114e-06,0.24593433737754822,848.8302240020633
2026-09-22T12:16:35,4533,3.1872356785851598e-06,0.17744779586791992,848.8290762653344
2026-09-22T12:17:31,4534,3.1833910034602078e-06,0.21835000813007355,848.8260830124503
2026-09-22T12:18:26,4535,3.1795463283352558e-06,0.23752540349960327,848.8323685926515
2026-09-22T12:19:15,4536,3.175701653210304e-06,0.19600670039653778,848.8402632471987
2026-09-22T12:19:59,4537,3.1718569780853518e-06,0.23632434010505676,848.8515958017092
2026-09-22T12:20:43,4538,3.1680123029603998e-06,0.23435337841510773,848.8587174794473
2026-09-22T12:21:22,4539,3.164167627835448e-06,0.1806587427854538,848.8659686174764
2026-09-22T12:22:11,4540,3.160322952710496e-06,0.27323466539382935,848.8675623577025
2026-09-22T12:22:54,4541,3.156478277585544e-06,0.23107874393463135,848.8791563106208
2026-09-22T12:23:28,4542,3.1526336024605926e-06,0.2583179473876953,848.8809497646947
2026-09-22T12:24:08,4543,3.14878892733564e-06,0.2895849943161011,848.8922549773632
2026-09-22T12:24:36,4544,3.144944252210688e-06,0.2350240796804428,848.8923630525493
2026-09-22T12:25:06,4545,3.1410995770857366e-06,0.24813571572303772,848.8974651339321
2026-09-22T12:25:45,4546,3.1372549019607846e-06,0.2906126379966736,848.9081725181712
2026-09-22T12:26:46,4547,3.1334102268358326e-06,0.28028082847595215,848.9110612390057
2026-09-22T12:28:15,4548,3.129565551710881e-06,0.2524999976158142,848.8887273437776
2026-09-22T12:28:42,4549,3.1257208765859286e-06,0.19065994024276733,848.8808955650254
2026-09-22T12:29:10,4550,3.1218762014609766e-06,0.24026243388652802,848.884173785762
2026-09-22T12:29:55,4551,3.118031526336025e-06,0.17928791046142578,848.8886408241805
2026-09-22T12:30:53,4552,3.114186851211073e-06,0.24153751134872437,848.8975346304346
2026-09-22T12:31:34,4553,3.1103421760861206e-06,0.26701557636260986,848.8995735505724
2026-09-22T12:32:24,4554,3.106497500961169e-06,0.25393763184547424,848.8936371834724
2026-09-22T12:33:23,4555,3.102652825836217e-06,0.27315640449523926,848.895453014152
2026-09-22T12:35:05,4556,3.098808150711265e-06,0.2462323158979416,848.8557423620281
2026-09-22T12:35:39,4557,3.0949634755863134e-06,0.21350228786468506,848.8582552382486
2026-09-22T12:36:26,4558,3.0911188004613614e-06,0.2796614468097687,848.8692784893701
2026-09-22T12:36:52,4559,3.087274125336409e-06,0.20186129212379456,848.872846492783
2026-09-22T12:37:26,4560,3.0834294502114574e-06,0.14610633254051208,848.8770151980239
2026-09-22T12:38:34,4561,3.0795847750865054e-06,0.29302188754081726,848.857387745794
2026-09-22T12:39:01,4562,3.0757400999615534e-06,0.23327775299549103,848.8563619092635
2026-09-22T12:40:22,4563,3.071895424836602e-06,0.2108614146709442,848.8433936276691
2026-09-22T12:40:50,4564,3.0680507497116494e-06,0.21049365401268005,848.8432595820613
2026-09-22T12:41:34,4565,3.0642060745866974e-06,0.2189662754535675,848.8483135694806
2026-09-22T12:42:07,4566,3.060361399461746e-06,0.21527285873889923,848.8507342262553
2026-09-22T12:42:42,4567,3.056516724336794e-06,0.2075599730014801,848.853242684357
2026-09-22T12:43:18,4568,3.052672049211842e-06,0.18440942466259003,848.8496988644498
2026-09-22T12:43:58,4569,3.0488273740868902e-06,0.23026198148727417,848.8670168415333
2026-09-22T12:44:25,4570,3.044982698961938e-06,0.19438663125038147,848.8704348455475
2026-09-22T12:44:52,4571,3.041138023836986e-06,0.2306409776210785,848.870821709702
2026-09-22T12:45:30,4572,3.0372933487120342e-06,0.20477093756198883,848.8715104952245
2026-09-22T12:46:55,4573,3.0334486735870822e-06,0.25473880767822266,848.8631731585965
2026-09-22T12:47:47,4574,3.0296039984621302e-06,0.21828702092170715,848.8749515765353
2026-09-22T12:48:19,4575,3.0257593233371787e-06,0.19977201521396637,848.8817736204319
2026-09-22T12:48:50,4576,3.0219146482122262e-06,0.17748814821243286,848.8839534169844
2026-09-22T12:49:13,4577,3.0180699730872742e-06,0.23361575603485107,848.8896498096757
2026-09-22T12:50:16,4578,3.0142252979623227e-06,0.2755519449710846,848.8937521419718
2026-09-22T12:51:00,4579,3.0103806228373707e-06,0.2527778744697571,848.9002136866416
2026-09-22T12:51:52,4580,3.0065359477124182e-06,0.2567480802536011,848.9033849473934
2026-09-22T12:52:20,4581,3.0026912725874666e-06,0.23107698559761047,848.9071842419619
2026-09-22T12:53:10,4582,2.9988465974625146e-06,0.28527218103408813,848.9149290905169
2026-09-22T12:53:54,4583,2.9950019223375626e-06,0.24514123797416687,848.9262178984445
2026-09-22T12:54:22,4584,2.991157247212611e-06,0.16979561746120453,848.9285902053011
2026-09-22T12:54:50,4585,2.987312572087659e-06,0.19684657454490662,848.9312657613726
2026-09-22T12:55:20,4586,2.9834678969627066e-06,0.28721603751182556,848.93009903639
2026-09-22T12:55:49,4587,2.979623221837755e-06,0.20942610502243042,848.9372053891091
2026-09-22T12:56:38,4588,2.975778546712803e-06,0.22743456065654755,848.9367068774606
2026-09-22T12:57:06,4589,2.971933871587851e-06,0.20285330712795258,848.9350079237269
2026-09-22T12:57:56,4590,2.9680891964628995e-06,0.16082261502742767,848.9482316576616
2026-09-22T12:59:01,4591,2.9642445213379475e-06,0.29297053813934326,848.9220922061428
2026-09-22T13:00:07,4592,2.960399846212995e-06,0.2063652127981186,848.8944979547043
2026-09-22T13:01:08,4593,2.9565551710880435e-06,0.31118980050086975,848.9062940430503
2026-09-22T13:02:00,4594,2.9527104959630915e-06,0.20907875895500183,848.9144592876298
2026-09-22T13:02:37,4595,2.9488658208381395e-06,0.2564835250377655,848.9211103844988
2026-09-22T13:03:34,4596,2.945021145713187e-06,0.1952844113111496,848.9325045045638
2026-09-22T13:04:29,4597,2.9411764705882355e-06,0.21430817246437073,848.9289033389589
2026-09-22T13:04:55,4598,2.9373317954632835e-06,0.20179617404937744,848.9283445463824
2026-09-22T13:05:26,4599,2.9334871203383315e-06,0.2130436897277832,848.930321233402
2026-09-22T13:05:51,4600,2.92964244521338e-06,0.1855711042881012,848.9331076875492
2026-09-22T13:07:39,4601,2.925797770088428e-06,0.39308223128318787,848.9076995495259
2026-09-22T13:08:12,4602,2.9219530949634754e-06,0.17058879137039185,848.9153284708719
2026-09-22T13:08:59,4603,2.918108419838524e-06,0.2855152487754822,848.9155239999822
2026-09-22T13:09:42,4604,2.914263744713572e-06,0.2804413437843323,848.9254882520623
2026-09-22T13:10:08,4605,2.91041906958862e-06,0.1709333062171936,848.928089852293
2026-09-22T13:10:39,4606,2.9065743944636683e-06,0.16775628924369812,848.9265677219511
2026-09-22T13:11:15,4607,2.902729719338716e-06,0.2134859263896942,848.9297166025989
2026-09-22T13:11:47,4608,2.898885044213764e-06,0.20861408114433289,848.9330314620088
2026-09-22T13:13:04,4609,2.8950403690888123e-06,0.29201409220695496,848.9270889341565
2026-09-22T13:13:36,4610,2.8911956939638603e-06,0.22151347994804382,848.9298156525549
2026-09-22T13:14:54,4611,2.8873510188389083e-06,0.312466561794281,848.9454567692858
2026-09-22T13:15:17,4612,2.8835063437139567e-06,0.19269603490829468,848.939602037284
2026-09-22T13:16:25,4613,2.8796616685890043e-06,0.20081473886966705,848.9226397260147
2026-09-22T13:16:54,4614,2.8758169934640523e-06,0.2221362441778183,848.9294073004485
2026-09-22T13:17:51,4615,2.8719723183391007e-06,0.22393642365932465,848.9245237528557
2026-09-22T13:18:13,4616,2.8681276432141487e-06,0.19924145936965942,848.9229996307866
2026-09-22T13:18:45,4617,2.8642829680891967e-06,0.1358056217432022,848.9307002025907
2026-09-22T13:19:19,4618,2.860438292964245e-06,0.25285741686820984,848.9358314126674
2026-09-22T13:20:22,4619,2.8565936178392927e-06,0.22024717926979065,848.9417372710354
2026-09-22T13:21:18,4620,2.8527489427143407e-06,0.29450494050979614,848.9582420573352
2026-09-22T13:22:23,4621,2.848904267589389e-06,0.25308656692504883,848.9391128731309
2026-09-22T13:22:54,4622,2.845059592464437e-06,0.23849165439605713,848.9462771581897
2026-09-22T13:23:16,4623,2.8412149173394847e-06,0.23986239731311798,848.940162093638
2026-09-22T13:23:50,4624,2.837370242214533e-06,0.2564810812473297,848.9516833887199
2026-09-22T13:24:19,4625,2.833525567089581e-06,0.22262483835220337,848.9510536429337
2026-09-22T13:25:18,4626,2.829680891964629e-06,0.2756148874759674,848.9438120777431
2026-09-22T13:25:49,4627,2.8258362168396775e-06,0.2835020124912262,848.9548339815271
2026-09-22T13:26:21,4628,2.8219915417147255e-06,0.21127748489379883,848.9550468558042
2026-09-22T13:26:52,4629,2.818146866589773e-06,0.24751022458076477,848.952952775695
2026-09-22T13:27:30,4630,2.8143021914648215e-06,0.2952016592025757,848.955199178384
2026-09-22T13:28:08,4631,2.8104575163398695e-06,0.3090757429599762,848.9611025223057
2026-09-22T13:28:35,4632,2.8066128412149175e-06,0.21880395710468292,848.9612006917878
2026-09-22T13:29:16,4633,2.802768166089966e-06,0.3171515166759491,848.9820213580373
2026-09-22T13:29:57,4634,2.7989234909650135e-06,0.22834637761116028,848.9962919949023
2026-09-22T13:30:18,4635,2.7950788158400615e-06,0.1668969839811325,848.9953811872248
2026-09-22T13:30:46,4636,2.79123414071511e-06,0.3165871500968933,848.9940187740361
2026-09-22T13:31:12,4637,2.787389465590158e-06,0.2521103620529175,849.00104419721
2026-09-22T13:31:55,4638,2.783544790465206e-06,0.25003576278686523,849.0152215727456
2026-09-22T13:32:46,4639,2.7797001153402543e-06,0.18026115000247955,849.014660808204
2026-09-22T13:33:45,4640,2.775855440215302e-06,0.22642895579338074,849.000009607814
2026-09-22T13:34:46,4641,2.77201076509035e-06,0.1607254445552826,848.9758800143146
2026-09-22T13:36:02,4642,2.7681660899653983e-06,0.21768827736377716,848.9767729313324
2026-09-22T13:36:29,4643,2.7643214148404463e-06,0.23564445972442627,848.9790516324294
2026-09-22T13:37:06,4644,2.7604767397154943e-06,0.22253288328647614,848.9914210308374
2026-09-22T13:37:30,4645,2.7566320645905427e-06,0.17626583576202393,848.990830288112
2026-09-22T13:38:02,4646,2.7527873894655903e-06,0.25102800130844116,848.988678148607
2026-09-22T13:38:33,4647,2.7489427143406383e-06,0.31875550746917725,848.9923000847389
2026-09-22T13:39:45,4648,2.7450980392156867e-06,0.32473036646842957,848.9745033181243
2026-09-22T13:41:19,4649,2.7412533640907347e-06,0.39891669154167175,848.9686408082388
2026-09-22T13:41:48,4650,2.7374086889657823e-06,0.24653130769729614,848.9760895879753
2026-09-22T13:42:53,4651,2.7335640138408307e-06,0.2385401427745819,848.9713763135729
2026-09-22T13:43:23,4652,2.7297193387158787e-06,0.21603761613368988,848.9753914597652
2026-09-22T13:44:33,4653,2.7258746635909267e-06,0.2452988624572754,848.9638553098202
2026-09-22T13:45:07,4654,2.722029988465975e-06,0.29326266050338745,848.9711238148274
2026-09-22T13:45:51,4655,2.718185313341023e-06,0.23978477716445923,848.9710644613606
2026-09-22T13:46:49,4656,2.7143406382160707e-06,0.30113551020622253,848.9886404170685
2026-09-22T13:47:16,4657,2.710495963091119e-06,0.1868433803319931,848.9853728594027
2026-09-22T13:48:15,4658,2.706651287966167e-06,0.31073200702667236,849.0025912018945
2026-09-22T13:49:02,4659,2.702806612841215e-06,0.2406570017337799,849.0216122638507
2026-09-22T13:49:32,4660,2.6989619377162636e-06,0.25217461585998535,849.0290921177792
2026-09-22T13:50:29,4661,2.695117262591311e-06,0.2916216552257538,849.0353039621053
2026-09-22T13:51:20,4662,2.691272587466359e-06,0.30931809544563293,849.0495097080321
2026-09-22T13:51:51,4663,2.687427912341407e-06,0.20071926712989807,849.0569779254683
2026-09-22T13:52:17,4664,2.6835832372164556e-06,0.212971031665802,849.0617872850656
2026-09-22T13:53:08,4665,2.6797385620915036e-06,0.29000502824783325,849.0685573064867
2026-09-22T13:53:40,4666,2.675893886966551e-06,0.24545709788799286,849.0661530181114
2026-09-22T13:54:15,4667,2.6720492118415995e-06,0.28122174739837646,849.078651654359
2026-09-22T13:55:14,4668,2.6682045367166475e-06,0.2799358367919922,849.0723203538834
2026-09-22T13:56:27,4669,2.6643598615916955e-06,0.2455751597881317,849.049468605941
2026-09-22T13:56:55,4670,2.660515186466744e-06,0.20953834056854248,849.0563955060023
2026-09-22T13:57:26,4671,2.656670511341792e-06,0.23686563968658447,849.0601486812399
2026-09-22T13:58:30,4672,2.6528258362168395e-06,0.2111639678478241,849.0377949396782
2026-09-22T13:59:27,4673,2.648981161091888e-06,0.23167911171913147,849.0203451168642
2026-09-22T14:00:00,4674,2.645136485966936e-06,0.2188447117805481,849.0227639402245
2026-09-22T14:00:51,4675,2.641291810841984e-06,0.25692611932754517,849.0211417277493
2026-09-22T14:01:21,4676,2.6374471357170324e-06,0.20716123282909393,849.0285964187201
2026-09-22T14:01:51,4677,2.63360246059208e-06,0.22296759486198425,849.0320943904617
2026-09-22T14:02:17,4678,2.629757785467128e-06,0.19019919633865356,849.0284710277439
2026-09-22T14:02:37,4679,2.6259131103421764e-06,0.1806950569152832,849.0196594367128
2026-09-22T14:03:41,4680,2.6220684352172244e-06,0.2777702808380127,848.9970309549533
2026-09-22T14:04:03,4681,2.6182237600922724e-06,0.1873929649591446,848.9957579126988
2026-09-22T14:05:21,4682,2.6143790849673208e-06,0.3081355094909668,848.9925031970539
2026-09-22T14:05:47,4683,2.6105344098423684e-06,0.16990143060684204,848.9948981108612
2026-09-22T14:06:13,4684,2.6066897347174164e-06,0.22877123951911926,848.9991013751965
2026-09-22T14:06:55,4685,2.6028450595924648e-06,0.29657676815986633,849.0056197065816
2026-09-22T14:07:19,4686,2.5990003844675128e-06,0.1771518886089325,849.0016441632606
2026-09-22T14:08:13,4687,2.5951557093425604e-06,0.24727928638458252,848.9917013968577
2026-09-22T14:08:39,4688,2.591311034217609e-06,0.3008737862110138,848.9865528243485
2026-09-22T14:09:23,4689,2.5874663590926568e-06,0.2665647864341736,849.001801578635
2026-09-22T14:10:20,4690,2.5836216839677048e-06,0.20417840778827667,849.0133768536158
2026-09-22T14:10:55,4691,2.579777008842753e-06,0.2519195079803467,849.0248433876055
2026-09-22T14:11:22,4692,2.575932333717801e-06,0.1854773759841919,849.0188174066909
2026-09-22T14:11:46,4693,2.5720876585928488e-06,0.17965790629386902,849.0173670275888
2026-09-22T14:12:30,4694,2.568242983467897e-06,0.2810499370098114,849.0283445878034
2026-09-22T14:13:30,4695,2.564398308342945e-06,0.20747235417366028,849.0165500341308
2026-09-22T14:13:53,4696,2.560553633217993e-06,0.21582499146461487,849.0075104009755
2026-09-22T14:14:28,4697,2.5567089580930416e-06,0.2098996639251709,849.0162856414474
2026-09-22T14:14:53,4698,2.5528642829680896e-06,0.15970304608345032,849.0108405515084
2026-09-22T14:15:36,4699,2.549019607843137e-06,0.2849547266960144,849.010776022962
2026-09-22T14:16:06,4700,2.5451749327181856e-06,0.1790907084941864,849.0139802543652
2026-09-22T14:16:42,4701,2.5413302575932336e-06,0.22612085938453674,849.0270474214184
2026-09-22T14:17:33,4702,2.5374855824682816e-06,0.24509203433990479,849.0399440095908
2026-09-22T14:18:21,4703,2.53364090734333e-06,0.272710382938385,849.0547485896669
2026-09-22T14:18:49,4704,2.5297962322183776e-06,0.20502817630767822,849.0579589738211
2026-09-22T14:19:30,4705,2.5259515570934256e-06,0.2609211802482605,849.0578865976977
2026-09-22T14:20:15,4706,2.522106881968474e-06,0.20320776104927063,849.0662394777728
2026-09-22T14:20:38,4707,2.518262206843522e-06,0.1681661307811737,849.0650625311403
2026-09-22T14:21:16,4708,2.51441753171857e-06,0.20503069460391998,849.0537635104398
2026-09-22T14:21:54,4709,2.5105728565936184e-06,0.17442210018634796,849.0544755526432
2026-09-22T14:22:30,4710,2.506728181468666e-06,0.29612112045288086,849.0670955546043
2026-09-22T14:23:24,4711,2.502883506343714e-06,0.28279224038124084,849.0850073691996
2026-09-22T14:23:47,4712,2.499038831218762e-06,0.18197757005691528,849.075265044808
2026-09-22T14:24:58,4713,2.4951941560938104e-06,0.16150450706481934,849.0550514182418
2026-09-22T14:26:23,4714,2.4913494809688584e-06,0.3403758108615875,849.0562598990826
2026-09-22T14:26:56,4715,2.4875048058439064e-06,0.2056356519460678,849.0619773259043
2026-09-22T14:27:47,4716,2.4836601307189544e-06,0.15870098769664764,849.0717352747547
2026-09-22T14:28:21,4717,2.4798154555940024e-06,0.20199280977249146,849.0806021742985
2026-09-22T14:29:15,4718,2.4759707804690504e-06,0.35926350951194763,849.0923800523744
2026-09-22T14:29:41,4719,2.472126105344099e-06,0.162827730178833,849.0955431357793
2026-09-22T14:30:05,4720,2.4682814302191464e-06,0.25415492057800293,849.092416400003
2026-09-22T14:31:06,4721,2.464436755094195e-06,0.2493269294500351,849.0729146627643
2026-09-22T14:31:43,4722,2.460592079969243e-06,0.19061201810836792,849.0799136994273
2026-09-22T14:32:07,4723,2.456747404844291e-06,0.22403812408447266,849.0828751890095
2026-09-22T14:32:29,4724,2.452902729719339e-06,0.2569696009159088,849.0785364681814
2026-09-22T14:33:33,4725,2.4490580545943872e-06,0.2943100929260254,849.0658778548155
2026-09-22T14:34:06,4726,2.445213379469435e-06,0.23618735373020172,849.0750452656637
2026-09-22T14:34:43,4727,2.4413687043444832e-06,0.21254989504814148,849.0831717328696
2026-09-22T14:35:21,4728,2.4375240292195312e-06,0.2976798415184021,849.0918169003091
2026-09-22T14:35:51,4729,2.4336793540945792e-06,0.20830078423023224,849.0955975962967
2026-09-22T14:36:45,4730,2.4298346789696272e-06,0.27885276079177856,849.1133757884874
2026-09-22T14:37:26,4731,2.4259900038446752e-06,0.26016950607299805,849.1253710398124
2026-09-22T14:38:05,4732,2.4221453287197232e-06,0.24634702503681183,849.130307445639
2026-09-22T14:38:31,4733,2.4183006535947716e-06,0.20560228824615479,849.1253300574868
2026-09-22T14:39:11,4734,2.4144559784698196e-06,0.25168704986572266,849.1338484032567
2026-09-22T14:39:53,4735,2.4106113033448676e-06,0.2126321643590927,849.1346555476949
2026-09-22T14:40:41,4736,2.4067666282199156e-06,0.2749733030796051,849.1435414352195
2026-09-22T14:41:20,4737,2.4029219530949636e-06,0.1990167498588562,849.1497616867862
2026-09-22T14:41:56,4738,2.3990772779700116e-06,0.21999599039554596,849.1532792776917
2026-09-22T14:42:19,4739,2.3952326028450596e-06,0.16122964024543762,849.1470583428701
2026-09-22T14:42:56,4740,2.391387927720108e-06,0.23365017771720886,849.1593810626808
2026-09-22T14:43:26,4741,2.387543252595156e-06,0.17726513743400574,849.162849159706
2026-09-22T14:43:48,4742,2.383698577470204e-06,0.15285028517246246,849.161897610026
2026-09-22T14:44:19,4743,2.379853902345252e-06,0.24985823035240173,849.1661434755525
2026-09-22T14:44:42,4744,2.3760092272203e-06,0.1905866116285324,849.1692628468277
2026-09-22T14:45:13,4745,2.372164552095348e-06,0.23202204704284668,849.1726073497404
2026-09-22T14:45:54,4746,2.368319876970396e-06,0.18857401609420776,849.1794373760725
2026-09-22T14:46:44,4747,2.364475201845444e-06,0.23300182819366455,849.1857627696188
2026-09-22T14:47:14,4748,2.3606305267204925e-06,0.18857060372829437,849.1894917234512
2026-09-22T14:48:06,4749,2.35678585159554e-06,0.2753857970237732,849.1934112206449
2026-09-22T14:48:32,4750,2.3529411764705885e-06,0.20755386352539062,849.1968935264157
2026-09-22T14:49:57,4751,2.3490965013456365e-06,0.25380775332450867,849.1996055795184
2026-09-22T14:50:40,4752,2.3452518262206844e-06,0.20364955067634583,849.2032959214725
2026-09-22T14:51:10,4753,2.3414071510957324e-06,0.26747483015060425,849.2105187607162
2026-09-22T14:51:40,4754,2.337562475970781e-06,0.16247911751270294,849.2073736982437
2026-09-22T14:52:04,4755,2.3337178008458284e-06,0.21940544247627258,849.2024391137676
2026-09-22T14:52:37,4756,2.329873125720877e-06,0.18480539321899414,849.2077009123889
2026-09-22T14:52:59,4757,2.326028450595925e-06,0.18417790532112122,849.206672043019
2026-09-22T14:53:21,4758,2.322183775470973e-06,0.23694223165512085,849.2009765786503
2026-09-22T14:53:53,4759,2.318339100346021e-06,0.2026064097881317,849.2034256175116
2026-09-22T14:54:56,4760,2.3144944252210693e-06,0.2893443703651428,849.2162844765165
2026-09-22T14:55:19,4761,2.310649750096117e-06,0.25194400548934937,849.2156977272955
2026-09-22T14:55:39,4762,2.3068050749711653e-06,0.33315154910087585,849.214632183998
2026-09-22T14:56:49,4763,2.3029603998462133e-06,0.3177415430545807,849.200222239373
2026-09-22T14:58:04,4764,2.2991157247212613e-06,0.20912064611911774,849.1826875082573
2026-09-22T14:58:59,4765,2.2952710495963093e-06,0.20291104912757874,849.1844134258313
2026-09-22T14:59:41,4766,2.2914263744713573e-06,0.22283464670181274,849.1864651478201
2026-09-22T15:00:06,4767,2.2875816993464053e-06,0.17631949484348297,849.1833409133906
2026-09-22T15:00:37,4768,2.2837370242214537e-06,0.19408023357391357,849.1905328595807
2026-09-22T15:01:03,4769,2.2798923490965017e-06,0.20324447751045227,849.1941629741384
2026-09-22T15:01:29,4770,2.2760476739715497e-06,0.1971878707408905,849.2007231964037
2026-09-22T15:02:37,4771,2.2722029988465977e-06,0.4497813582420349,849.1849574504259
2026-09-22T15:03:05,4772,2.2683583237216457e-06,0.2052086740732193,849.1846327708769
2026-09-22T15:03:37,4773,2.2645136485966937e-06,0.17309054732322693,849.192244683794
2026-09-22T15:03:58,4774,2.2606689734717417e-06,0.18587999045848846,849.1847040093243
2026-09-22T15:04:32,4775,2.25682429834679e-06,0.28982236981391907,849.1964447337976
2026-09-22T15:05:00,4776,2.252979623221838e-06,0.255165696144104,849.2043175580038
2026-09-22T15:05:35,4777,2.249134948096886e-06,0.19355906546115875,849.2165296872405
2026-09-22T15:06:23,4778,2.245290272971934e-06,0.296906054019928,849.231552523443
2026-09-22T15:06:51,4779,2.241445597846982e-06,0.16945399343967438,849.2355766033623
2026-09-22T15:07:15,4780,2.23760092272203e-06,0.2839498519897461,849.2383822047846
2026-09-22T15:08:15,4781,2.233756247597078e-06,0.25491827726364136,849.2146921194724
2026-09-22T15:08:37,4782,2.229911572472126e-06,0.19481752812862396,849.2054030156808
2026-09-22T15:09:00,4783,2.2260668973471745e-06,0.17299872636795044,849.2039147116781
2026-09-22T15:09:43,4784,2.222222222222222e-06,0.2256397306919098,849.2077274183828
2026-09-22T15:10:21,4785,2.2183775470972705e-06,0.22252272069454193,849.2197902541533
2026-09-22T15:11:13,4786,2.2145328719723185e-06,0.2993651330471039,849.2084588233281
2026-09-22T15:12:01,4787,2.2106881968473665e-06,0.20662470161914825,849.2179213702457
2026-09-22T15:12:28,4788,2.2068435217224145e-06,0.14357568323612213,849.2176749201444
2026-09-22T15:13:06,4789,2.202998846597463e-06,0.28263992071151733,849.2290793631171
2026-09-22T15:14:38,4790,2.1991541714725105e-06,0.2632213234901428,849.2206895128069
2026-09-22T15:15:01,4791,2.195309496347559e-06,0.17723986506462097,849.2202376923096
2026-09-22T15:16:13,4792,2.191464821222607e-06,0.32522934675216675,849.2243238182348
2026-09-22T15:16:59,4793,2.187620146097655e-06,0.20729783177375793,849.2361240386697
2026-09-22T15:17:30,4794,2.183775470972703e-06,0.20488408207893372,849.2417952583751
2026-09-22T15:18:04,4795,2.1799307958477513e-06,0.20731186866760254,849.2380718119509
2026-09-22T15:18:31,4796,2.176086120722799e-06,0.14392465353012085,849.245181224851
2026-09-22T15:19:24,4797,2.1722414455978473e-06,0.24800215661525726,849.2517582934901
2026-09-22T15:20:18,4798,2.1683967704728953e-06,0.22831493616104126,849.2596956930652
2026-09-22T15:20:50,4799,2.1645520953479433e-06,0.2554892301559448,849.262853489824
2026-09-22T15:21:17,4800,2.1607074202229913e-06,0.2437833696603775,849.2654011140305
2026-09-22T15:21:51,4801,2.1568627450980393e-06,0.1639166623353958,849.2620144998091
2026-09-22T15:22:25,4802,2.1530180699730873e-06,0.19460824131965637,849.2634637259339
2026-09-22T15:23:02,4803,2.1491733948481357e-06,0.24516865611076355,849.2631183858077
2026-09-22T15:23:48,4804,2.1453287197231837e-06,0.24685293436050415,849.2764422500635
2026-09-22T15:24:15,4805,2.1414840445982317e-06,0.2085653841495514,849.2758809232126
2026-09-22T15:24:57,4806,2.1376393694732797e-06,0.2136005163192749,849.292207423188
2026-09-22T15:25:49,4807,2.1337946943483277e-06,0.2474089413881302,849.3033865910364
2026-09-22T15:27:04,4808,2.1299500192233757e-06,0.23195156455039978,849.2831206069066
2026-09-22T15:28:31,4809,2.1261053440984237e-06,0.36972177028656006,849.2663545784113
2026-09-22T15:29:06,4810,2.122260668973472e-06,0.17413431406021118,849.2826789594695
2026-09-22T15:30:17,4811,2.11841599384852e-06,0.2400125414133072,849.267590489743
2026-09-22T15:30:40,4812,2.114571318723568e-06,0.17003634572029114,849.2600006625023
2026-09-22T15:31:37,4813,2.110726643598616e-06,0.24835911393165588,849.2373152650291
2026-09-22T15:32:29,4814,2.106881968473664e-06,0.2538086473941803,849.2418186598238
2026-09-22T15:33:05,4815,2.103037293348712e-06,0.20996889472007751,849.2489434038175
2026-09-22T15:33:43,4816,2.09919261822376e-06,0.2240334451198578,849.256063223212
2026-09-22T15:34:15,4817,2.095347943098808e-06,0.2224712073802948,849.2582422775621
2026-09-22T15:35:09,4818,2.0915032679738565e-06,0.1997682899236679,849.2703039718435
2026-09-22T15:35:30,4819,2.087658592848904e-06,0.20726461708545685,849.2651307546855
2026-09-22T15:36:39,4820,2.0838139177239525e-06,0.1837805211544037,849.2533872552132
2026-09-22T15:37:09,4821,2.0799692425990005e-06,0.1858435422182083,849.2603299945349
2026-09-22T15:37:47,4822,2.0761245674740485e-06,0.23854972422122955,849.2720323839923
2026-09-22T15:38:35,4823,2.0722798923490965e-06,0.2120457887649536,849.269995331408
2026-09-22T15:38:58,4824,2.068435217224145e-06,0.1688823401927948,849.2686957750622
2026-09-22T15:39:29,4825,2.0645905420991925e-06,0.2576712369918823,849.2673315550333
2026-09-22T15:39:56,4826,2.060745866974241e-06,0.23471686244010925,849.2629790566731
2026-09-22T15:40:32,4827,2.056901191849289e-06,0.22364631295204163,849.2678235957301
2026-09-22T15:41:04,4828,2.053056516724337e-06,0.19291579723358154,849.2723929691069
2026-09-22T15:41:34,4829,2.049211841599385e-06,0.18626567721366882,849.2731076934303
2026-09-22T15:42:25,4830,2.0453671664744334e-06,0.24062156677246094,849.2867307599648
2026-09-22T15:42:47,4831,2.041522491349481e-06,0.2121971845626831,849.2859422830508
2026-09-22T15:44:14,4832,2.0376778162245294e-06,0.19756613671779633,849.2687944153383
2026-09-22T15:44:42,4833,2.0338331410995774e-06,0.17361223697662354,849.2749629033873
2026-09-22T15:45:15,4834,2.0299884659746254e-06,0.21404288709163666,849.2859035772287
2026-09-22T15:45:48,4835,2.0261437908496734e-06,0.21296729147434235,849.2951837195428
2026-09-22T15:46:27,4836,2.0222991157247214e-06,0.25621742010116577,849.3044037022588
2026-09-22T15:46:54,4837,2.0184544405997694e-06,0.19552010297775269,849.3073092545534
2026-09-22T15:47:32,4838,2.0146097654748178e-06,0.31126025319099426,849.3232627717845
2026-09-22T15:48:37,4839,2.0107650903498658e-06,0.2922075390815735,849.3094207292213
2026-09-22T15:49:00,4840,2.0069204152249138e-06,0.1816006302833557,849.3053924227028
2026-09-22T15:50:01,4841,2.0030757400999618e-06,0.3143012523651123,849.3132342165811
2026-09-22T15:50:43,4842,1.9992310649750098e-06,0.21709081530570984,849.3180907976132
2026-09-22T15:51:16,4843,1.9953863898500578e-06,0.2333025187253952,849.3258831436204
2026-09-22T15:51:41,4844,1.9915417147251058e-06,0.16550995409488678,849.3247069239204
2026-09-22T15:52:39,4845,1.987697039600154e-06,0.23199468851089478,849.3339328336942
2026-09-22T15:53:11,4846,1.9838523644752018e-06,0.25953909754753113,849.3376442462413
2026-09-22T15:53:38,4847,1.98000768935025e-06,0.16355259716510773,849.3323583326703
2026-09-22T15:54:11,4848,1.976163014225298e-06,0.19740335643291473,849.3352350345426
2026-09-22T15:55:15,4849,1.972318339100346e-06,0.2085302770137787,849.3168218738864
2026-09-22T15:55:45,4850,1.968473663975394e-06,0.23666995763778687,849.3216545154519
2026-09-22T15:56:28,4851,1.964628988850442e-06,0.25554144382476807,849.3277194584786
2026-09-22T15:56:57,4852,1.96078431372549e-06,0.18566490709781647,849.3316046383244
2026-09-22T15:57:20,4853,1.9569396386005386e-06,0.1627192199230194,849.3308725446001
2026-09-22T15:58:32,4854,1.953094963475586e-06,0.34851211309432983,849.3319247475323
2026-09-22T15:59:33,4855,1.9492502883506346e-06,0.16686497628688812,849.308414934105
2026-09-22T15:59:59,4856,1.9454056132256826e-06,0.19191104173660278,849.3025617082905
2026-09-22T16:00:44,4857,1.9415609381007306e-06,0.2895793914794922,849.2945675984682
2026-09-22T16:01:12,4858,1.9377162629757786e-06,0.17154699563980103,849.298958702076
2026-09-22T16:01:30,4859,1.933871587850827e-06,0.1511329710483551,849.290950312332
2026-09-22T16:02:16,4860,1.9300269127258746e-06,0.20726123452186584,849.2977162339798
2026-09-22T16:03:20,4861,1.926182237600923e-06,0.27426058053970337,849.302830484993
2026-09-22T16:04:15,4862,1.922337562475971e-06,0.2850692868232727,849.3006197006619
2026-09-22T16:04:40,4863,1.918492887351019e-06,0.21134211122989655,849.3035221761892
2026-09-22T16:05:00,4864,1.914648212226067e-06,0.12573160231113434,849.2986097969734
2026-09-22T16:05:33,4865,1.9108035371011154e-06,0.18033063411712646,849.3055907812544
2026-09-22T16:06:26,4866,1.9069588619761632e-06,0.2746467590332031,849.327252923631
2026-09-22T16:07:47,4867,1.9031141868512112e-06,0.25724560022354126,849.313327361425
2026-09-22T16:09:12,4868,1.8992695117262594e-06,0.30145472288131714,849.2976631453594
2026-09-22T16:10:05,4869,1.8954248366013072e-06,0.3065580725669861,849.2983420688972
2026-09-22T16:10:26,4870,1.8915801614763554e-06,0.24034623801708221,849.2897491673981
2026-09-22T16:11:51,4871,1.8877354863514036e-06,0.2372680902481079,849.2753276786619
2026-09-22T16:12:37,4872,1.8838908112264514e-06,0.22613367438316345,849.2826215558498
2026-09-22T16:13:19,4873,1.8800461361014996e-06,0.217912495136261,849.293777032207
2026-09-22T16:14:23,4874,1.8762014609765478e-06,0.2129463404417038,849.2809924189792
2026-09-22T16:14:42,4875,1.8723567858515956e-06,0.1863732933998108,849.2735611164942
2026-09-22T16:15:12,4876,1.8685121107266438e-06,0.24086323380470276,849.280984567752
2026-09-22T16:15:54,4877,1.864667435601692e-06,0.2374962866306305,849.2800747511935
2026-09-22T16:16:55,4878,1.8608227604767398e-06,0.23156102001667023,849.258087799432
2026-09-22T16:17:32,4879,1.856978085351788e-06,0.21985656023025513,849.2538098968421
2026-09-22T16:17:53,4880,1.8531334102268358e-06,0.16595908999443054,849.2528597389419
2026-09-22T16:19:05,4881,1.849288735101884e-06,0.29192402958869934,849.243385682564
2026-09-22T16:19:35,4882,1.8454440599769322e-06,0.19684550166130066,849.2461918621423
2026-09-22T16:20:08,4883,1.84159938485198e-06,0.2549666166305542,849.2537974763031
2026-09-22T16:20:39,4884,1.8377547097270282e-06,0.2559957206249237,849.2619236651258
2026-09-22T16:21:26,4885,1.8339100346020764e-06,0.20646637678146362,849.2703151600911
2026-09-22T16:22:29,4886,1.8300653594771242e-06,0.2605433464050293,849.2482457574683
2026-09-22T16:23:40,4887,1.8262206843521724e-06,0.1783830225467682,849.2345000101171
2026-09-22T16:24:20,4888,1.8223760092272204e-06,0.23378078639507294,849.2365020892739
2026-09-22T16:24:49,4889,1.8185313341022684e-06,0.1945403814315796,849.2392489576015
2026-09-22T16:25:40,4890,1.8146866589773166e-06,0.2688443958759308,849.253520240223
2026-09-22T16:27:08,4891,1.8108419838523646e-06,0.36676618456840515,849.2351202145829
2026-09-22T16:27:32,4892,1.8069973087274126e-06,0.15547209978103638,849.231157277272
2026-09-22T16:28:43,4893,1.8031526336024608e-06,0.3357270061969757,849.2151513692816
2026-09-22T16:29:33,4894,1.7993079584775088e-06,0.2757441997528076,849.2278838410115
2026-09-22T16:30:36,4895,1.7954632833525568e-06,0.23590071499347687,849.2105312814937
2026-09-22T16:31:15,4896,1.7916186082276048e-06,0.23651687800884247,849.2231452952802
2026-09-22T16:32:04,4897,1.787773933102653e-06,0.21833910048007965,849.2315500089262
2026-09-22T16:32:39,4898,1.783929257977701e-06,0.2857644855976105,849.2388975600079
2026-09-22T16:33:32,4899,1.780084582852749e-06,0.20063412189483643,849.2371612848673
2026-09-22T16:34:05,4900,1.7762399077277972e-06,0.23439036309719086,849.246082275076
2026-09-22T16:34:49,4901,1.772395232602845e-06,0.2488519847393036,849.2514273094104
2026-09-22T16:35:16,4902,1.7685505574778932e-06,0.16280755400657654,849.2544346208122
2026-09-22T16:36:10,4903,1.7647058823529414e-06,0.24392399191856384,849.2663294085434
2026-09-22T16:36:38,4904,1.7608612072279892e-06,0.21331828832626343,849.2646310613934
2026-09-22T16:36:56,4905,1.7570165321030374e-06,0.17361287772655487,849.2564722195705
2026-09-22T16:37:56,4906,1.7531718569780857e-06,0.23951256275177002,849.2480113935994
2026-09-22T16:38:39,4907,1.7493271818531334e-06,0.21315045654773712,849.2438544372036
2026-09-22T16:39:04,4908,1.7454825067281816e-06,0.22432009875774384,849.244482174101
2026-09-22T16:39:28,4909,1.7416378316032299e-06,0.23811650276184082,849.2370230713519
2026-09-22T16:40:27,4910,1.7377931564782776e-06,0.25610384345054626,849.2304094237377
2026-09-22T16:41:21,4911,1.7339484813533259e-06,0.26099714636802673,849.2359959214328
2026-09-22T16:41:54,4912,1.7301038062283736e-06,0.1515101194381714,849.2351761998297
2026-09-22T16:43:15,4913,1.7262591311034218e-06,0.31267672777175903,849.2188234564813
2026-09-22T16:43:47,4914,1.72241445597847e-06,0.2443285584449768,849.2232475288198
2026-09-22T16:44:59,4915,1.7185697808535178e-06,0.24658331274986267,849.216427809102
2026-09-22T16:45:27,4916,1.714725105728566e-06,0.19032874703407288,849.2231639664061
2026-09-22T16:45:55,4917,1.7108804306036143e-06,0.2133568823337555,849.2207492214036
2026-09-22T16:46:20,4918,1.707035755478662e-06,0.17605042457580566,849.2228477681335
2026-09-22T16:46:54,4919,1.7031910803537103e-06,0.21622811257839203,849.2214368032325
2026-09-22T16:47:43,4920,1.6993464052287585e-06,0.3060723543167114,849.2204336494958
2026-09-22T16:48:18,4921,1.6955017301038063e-06,0.1952846348285675,849.227728903195
2026-09-22T16:49:04,4922,1.6916570549788545e-06,0.24442069232463837,849.2374964176286
2026-09-22T16:50:03,4923,1.6878123798539025e-06,0.270071804523468,849.2271018668991
2026-09-22T16:51:57,4924,1.6839677047289505e-06,0.3449469208717346,849.1930769331759
2026-09-22T16:53:02,4925,1.6801230296039987e-06,0.15085004270076752,849.1746042141617
2026-09-22T16:53:28,4926,1.6762783544790467e-06,0.2412523627281189,849.1734478745258
2026-09-22T16:53:51,4927,1.6724336793540947e-06,0.21821412444114685,849.1724244663031
2026-09-22T16:54:10,4928,1.6685890042291429e-06,0.2482147365808487,849.1640817250677
2026-09-22T16:54:58,4929,1.6647443291041909e-06,0.2265542596578598,849.1558734322692
2026-09-22T16:55:23,4930,1.6608996539792389e-06,0.27476245164871216,849.1515137954381
2026-09-22T16:56:30,4931,1.6570549788542869e-06,0.2447170466184616,849.1332366287403
2026-09-22T16:57:25,4932,1.653210303729335e-06,0.2164587527513504,849.1367213056712
2026-09-22T16:57:55,4933,1.649365628604383e-06,0.21520096063613892,849.1407980072144
2026-09-22T16:58:45,4934,1.645520953479431e-06,0.18145707249641418,849.1376459152655
2026-09-22T16:59:04,4935,1.6416762783544793e-06,0.12590187788009644,849.1245705329326
2026-09-22T16:59:40,4936,1.637831603229527e-06,0.2711568772792816,849.1198129746447
2026-09-22T17:00:31,4937,1.6339869281045753e-06,0.30034181475639343,849.13379740278
2026-09-22T17:01:08,4938,1.6301422529796235e-06,0.18838566541671753,849.1411586492023
2026-09-22T17:01:46,4939,1.6262975778546713e-06,0.23510336875915527,849.1528480404637
2026-09-22T17:02:14,4940,1.6224529027297195e-06,0.23382283747196198,849.1529334788236
2026-09-22T17:02:54,4941,1.6186082276047677e-06,0.2956923842430115,849.1682770248872
2026-09-22T17:03:34,4942,1.6147635524798155e-06,0.20319025218486786,849.1718309489958
2026-09-22T17:04:16,4943,1.6109188773548637e-06,0.2649860084056854,849.1806020735581
2026-09-22T17:04:46,4944,1.607074202229912e-06,0.19735187292099,849.1789054558521
2026-09-22T17:05:36,4945,1.6032295271049597e-06,0.3005538284778595,849.1900640895915
2026-09-22T17:06:24,4946,1.599384851980008e-06,0.2388034164905548,849.1914847992058
2026-09-22T17:06:59,4947,1.5955401768550557e-06,0.21413937211036682,849.1953016951752
2026-09-22T17:07:27,4948,1.5916955017301039e-06,0.15776070952415466,849.1898195324076
2026-09-22T17:08:06,4949,1.587850826605152e-06,0.24452966451644897,849.1932238876948
2026-09-22T17:08:32,4950,1.5840061514801999e-06,0.18185269832611084,849.1925544842188
2026-09-22T17:08:58,4951,1.580161476355248e-06,0.21450506150722504,849.1868669629471
2026-09-22T17:09:31,4952,1.5763168012302963e-06,0.29895472526550293,849.1947882142999
2026-09-22T17:09:49,4953,1.572472126105344e-06,0.20611873269081116,849.1880671366524
2026-09-22T17:10:56,4954,1.5686274509803923e-06,0.2758283019065857,849.1879115625076
2026-09-22T17:12:06,4955,1.5647827758554405e-06,0.27357181906700134,849.1785156179037
2026-09-22T17:12:28,4956,1.5609381007304883e-06,0.22465795278549194,849.177699496365
2026-09-22T17:13:48,4957,1.5570934256055365e-06,0.3663727641105652,849.1552283783504
2026-09-22T17:14:25,4958,1.5532487504805845e-06,0.25043803453445435,849.1606514085535
2026-09-22T17:15:30,4959,1.5494040753556325e-06,0.3051071763038635,849.1500027311126
2026-09-22T17:15:58,4960,1.5455594002306807e-06,0.19627408683300018,849.1528420423766
2026-09-22T17:16:23,4961,1.5417147251057287e-06,0.19851118326187134,849.1515644566252
2026-09-22T17:16:53,4962,1.5378700499807767e-06,0.20277567207813263,849.1542541454867
2026-09-22T17:17:22,4963,1.5340253748558247e-06,0.21393799781799316,849.153796699108
2026-09-22T17:17:47,4964,1.530180699730873e-06,0.1749933660030365,849.1499625327493
2026-09-22T17:18:43,4965,1.526336024605921e-06,0.18261700868606567,849.1454977279764
2026-09-22T17:19:21,4966,1.522491349480969e-06,0.20592109858989716,849.1577712408069
2026-09-22T17:20:19,4967,1.5186466743560171e-06,0.24370677769184113,849.1605040581094
2026-09-22T17:20:42,4968,1.5148019992310651e-06,0.20377399027347565,849.1592063680166
2026-09-22T17:21:05,4969,1.5109573241061131e-06,0.14314201474189758,849.1612241499234
2026-09-22T17:22:11,4970,1.5071126489811613e-06,0.3367610573768616,849.1523471069752
2026-09-22T17:22:40,4971,1.5032679738562091e-06,0.2565521001815796,849.1564752511114
2026-09-22T17:23:31,4972,1.4994232987312573e-06,0.23926958441734314,849.1670753963132
2026-09-22T17:23:58,4973,1.4955786236063055e-06,0.1290138065814972,849.1705649362534
2026-09-22T17:24:24,4974,1.4917339484813533e-06,0.20278000831604004,849.1754575707898
2026-09-22T17:24:58,4975,1.4878892733564015e-06,0.19921965897083282,849.1821612974808
2026-09-22T17:25:28,4976,1.4840445982314497e-06,0.23201297223567963,849.1888916829982
2026-09-22T17:26:03,4977,1.4801999231064975e-06,0.20416557788848877,849.199955548279
2026-09-22T17:26:34,4978,1.4763552479815457e-06,0.19251075387001038,849.2002948808578
2026-09-22T17:28:27,4979,1.4725105728565935e-06,0.3377350866794586,849.170298460985
2026-09-22T17:29:18,4980,1.4686658977316417e-06,0.3136441111564636,849.171056508313
2026-09-22T17:29:44,4981,1.46482122260669e-06,0.19993558526039124,849.1784683506495
2026-09-22T17:30:50,4982,1.4609765474817377e-06,0.35608145594596863,849.1645577392463
2026-09-22T17:31:19,4983,1.457131872356786e-06,0.21258726716041565,849.1673302103367
2026-09-22T17:31:42,4984,1.4532871972318341e-06,0.2561618685722351,849.1671152888179
2026-09-22T17:32:20,4985,1.449442522106882e-06,0.17536628246307373,849.1669724295346
2026-09-22T17:32:52,4986,1.4455978469819301e-06,0.1820436418056488,849.1739913599595
2026-09-22T17:33:15,4987,1.4417531718569783e-06,0.15847963094711304,849.1693305378985
2026-09-22T17:33:38,4988,1.4379084967320261e-06,0.2578204870223999,849.1719395976868
2026-09-22T17:34:21,4989,1.4340638216070743e-06,0.2315044403076172,849.1755523209914
2026-09-22T17:34:40,4990,1.4302191464821226e-06,0.16961140930652618,849.1636568214668
2026-09-22T17:35:05,4991,1.4263744713571703e-06,0.15743377804756165,849.1634295849836
2026-09-22T17:35:41,4992,1.4225297962322186e-06,0.20842251181602478,849.170244881635
2026-09-22T17:37:26,4993,1.4186851211072665e-06,0.30607590079307556,849.1545917300155
2026-09-22T17:38:18,4994,1.4148404459823145e-06,0.2937164306640625,849.1609241196753
2026-09-22T17:39:00,4995,1.4109957708573628e-06,0.25001776218414307,849.1624751929867
2026-09-22T17:40:09,4996,1.4071510957324108e-06,0.22914880514144897,849.1437380212041
2026-09-22T17:41:08,4997,1.4033064206074588e-06,0.2859257459640503,849.1223902099946
2026-09-22T17:41:33,4998,1.3994617454825067e-06,0.19932670891284943,849.126554023014
2026-09-22T17:41:52,4999,1.395617070357555e-06,0.2056313008069992,849.1188867330486
2026-09-22T17:42:47,5000,1.391772395232603e-06,0.2147572934627533,849.105285267929
2026-09-22T17:43:34,5001,1.387927720107651e-06,0.256009578704834,849.1126978770774
2026-09-22T17:44:42,5002,1.3840830449826992e-06,0.3056562542915344,849.0974210709774
2026-09-22T17:45:20,5003,1.3802383698577472e-06,0.2147907316684723,849.0914050973122
2026-09-22T17:46:16,5004,1.3763936947327952e-06,0.13712573051452637,849.0840670045645
2026-09-22T17:47:05,5005,1.3725490196078434e-06,0.3113604784011841,849.0921721917096
2026-09-22T17:47:38,5006,1.3687043444828912e-06,0.19042091071605682,849.0986323174695
2026-09-22T17:48:07,5007,1.3648596693579394e-06,0.18987628817558289,849.0995158423055
2026-09-22T17:48:55,5008,1.3610149942329876e-06,0.2538573443889618,849.0968072867938
2026-09-22T17:49:37,5009,1.3571703191080354e-06,0.23000527918338776,849.0954546522566
2026-09-22T17:50:17,5010,1.3533256439830836e-06,0.28142911195755005,849.1076390723147
2026-09-22T17:50:52,5011,1.3494809688581318e-06,0.21900159120559692,849.1177774269125
2026-09-22T17:52:30,5012,1.3456362937331796e-06,0.24743032455444336,849.0956935561852
2026-09-22T17:53:13,5013,1.3417916186082278e-06,0.27948641777038574,849.1021241847461
2026-09-22T17:54:34,5014,1.3379469434832756e-06,0.25322937965393066,849.0896941206047
2026-09-22T17:54:59,5015,1.3341022683583238e-06,0.2079593390226364,849.088091852785
2026-09-22T17:55:32,5016,1.330257593233372e-06,0.20746473968029022,849.0990428725518
2026-09-22T17:56:07,5017,1.3264129181084198e-06,0.2185475081205368,849.1009185112589
2026-09-22T17:56:41,5018,1.322568242983468e-06,0.22013123333454132,849.1087106946007
2026-09-22T17:58:02,5019,1.3187235678585162e-06,0.3164632320404053,849.096272741251
2026-09-22T17:58:59,5020,1.314878892733564e-06,0.39737826585769653,849.0968746014
2026-09-22T17:59:23,5021,1.3110342176086122e-06,0.2283954918384552,849.0931048147231
2026-09-22T18:00:33,5022,1.3071895424836604e-06,0.279710054397583,849.0811593412659
2026-09-22T18:01:21,5023,1.3033448673587082e-06,0.27136921882629395,849.0898228524197
2026-09-22T18:02:09,5024,1.2995001922337564e-06,0.18709826469421387,849.0945794070929
2026-09-22T18:02:32,5025,1.2956555171088046e-06,0.16599220037460327,849.093773854824
2026-09-22T18:03:05,5026,1.2918108419838524e-06,0.19920514523983002,849.0972013078003
2026-09-22T18:03:47,5027,1.2879661668589006e-06,0.2240844964981079,849.0974970909609
2026-09-22T18:04:21,5028,1.2841214917339486e-06,0.19737838208675385,849.1020764815469
2026-09-22T18:04:48,5029,1.2802768166089966e-06,0.21867753565311432,849.1026067532061
2026-09-22T18:05:12,5030,1.2764321414840448e-06,0.161125048995018,849.1020057847687
2026-09-22T18:05:59,5031,1.2725874663590928e-06,0.21325024962425232,849.1115584230968
2026-09-22T18:06:34,5032,1.2687427912341408e-06,0.27873387932777405,849.1185067356196
2026-09-22T18:06:56,5033,1.2648981161091888e-06,0.14191308617591858,849.121264752365
2026-09-22T18:08:00,5034,1.261053440984237e-06,0.24249470233917236,849.105775873196
2026-09-22T18:09:06,5035,1.257208765859285e-06,0.21637935936450958,849.0923189686796
2026-09-22T18:09:49,5036,1.253364090734333e-06,0.24930766224861145,849.099540120728
2026-09-22T18:10:19,5037,1.249519415609381e-06,0.2038745880126953,849.1104179070811
2026-09-22T18:10:52,5038,1.2456747404844292e-06,0.2512050271034241,849.1180411950371
2026-09-22T18:11:57,5039,1.2418300653594772e-06,0.23098376393318176,849.105157048283
2026-09-22T18:12:26,5040,1.2379853902345252e-06,0.2090132087469101,849.1081829088164
2026-09-22T18:13:16,5041,1.2341407151095732e-06,0.29033029079437256,849.109279393522
2026-09-22T18:13:34,5042,1.2302960399846214e-06,0.16154170036315918,849.1025617350914
2026-09-22T18:14:02,5043,1.2264513648596694e-06,0.1982637643814087,849.1057562770319
2026-09-22T18:15:02,5044,1.2226066897347174e-06,0.19697222113609314,849.0825690235577
2026-09-22T18:15:56,5045,1.2187620146097656e-06,0.3225565254688263,849.0786697235742
2026-09-22T18:16:32,5046,1.2149173394848136e-06,0.32371798157691956,849.090813205379
2026-09-22T18:17:22,5047,1.2110726643598616e-06,0.18877968192100525,849.074426678843
2026-09-22T18:18:22,5048,1.2072279892349098e-06,0.23246760666370392,849.051793216587
2026-09-22T18:19:16,5049,1.2033833141099578e-06,0.2298862785100937,849.0415043251217
2026-09-22T18:20:09,5050,1.1995386389850058e-06,0.23887386918067932,849.0453771688216
2026-09-22T18:20:43,5051,1.195693963860054e-06,0.1543208658695221,849.0434103076603
2026-09-22T18:21:17,5052,1.191849288735102e-06,0.2713332176208496,849.0546567080892
2026-09-22T18:21:46,5053,1.18800461361015e-06,0.22931170463562012,849.0580011813639
2026-09-22T18:22:46,5054,1.184159938485198e-06,0.20910505950450897,849.035155007227
2026-09-22T18:23:14,5055,1.1803152633602462e-06,0.2342400997877121,849.0381142626269
2026-09-22T18:23:47,5056,1.1764705882352942e-06,0.29597970843315125,849.0409127360394
2026-09-22T18:24:27,5057,1.1726259131103422e-06,0.2303479015827179,849.0414397751218
2026-09-22T18:24:48,5058,1.1687812379853904e-06,0.13741004467010498,849.0364927617702
2026-09-22T18:25:29,5059,1.1649365628604384e-06,0.2114834040403366,849.0363533496468
2026-09-22T18:26:04,5060,1.1610918877354864e-06,0.24834752082824707,849.0435128009699
2026-09-22T18:27:05,5061,1.1572472126105346e-06,0.31929871439933777,849.0214307895033
2026-09-22T18:27:53,5062,1.1534025374855826e-06,0.27163875102996826,849.0186239764115
2026-09-22T18:28:16,5063,1.1495578623606306e-06,0.23549547791481018,849.0115537065575
2026-09-22T18:28:43,5064,1.1457131872356786e-06,0.16227507591247559,849.010629118782
2026-09-22T18:29:35,5065,1.1418685121107268e-06,0.24164709448814392,849.0144070317106
2026-09-22T18:30:09,5066,1.1380238369857748e-06,0.24081817269325256,849.025737519251
2026-09-22T18:30:50,5067,1.1341791618608228e-06,0.19930846989154816,849.0323443057588
2026-09-22T18:31:35,5068,1.1303344867358708e-06,0.19419801235198975,849.0399917547489
2026-09-22T18:31:58,5069,1.126489811610919e-06,0.17530491948127747,849.038742752398
2026-09-22T18:32:29,5070,1.122645136485967e-06,0.28102320432662964,849.0426783386272
2026-09-22T18:33:03,5071,1.118800461361015e-06,0.23995821177959442,849.0410217777933
2026-09-22T18:33:48,5072,1.114955786236063e-06,0.19856613874435425,849.04994498154
2026-09-22T18:34:14,5073,1.111111111111111e-06,0.16310347616672516,849.0502519122381
2026-09-22T18:34:31,5074,1.1072664359861592e-06,0.16701820492744446,849.0425422959204
2026-09-22T18:34:58,5075,1.1034217608612072e-06,0.16684459149837494,849.0449512232282
2026-09-22T18:35:44,5076,1.0995770857362552e-06,0.215967059135437,849.0468957461378
2026-09-22T18:36:43,5077,1.0957324106113035e-06,0.30505436658859253,849.0493697198609
2026-09-22T18:37:05,5078,1.0918877354863515e-06,0.18148590624332428,849.0443118627206
2026-09-22T18:37:32,5079,1.0880430603613994e-06,0.21169425547122955,849.0442458183202
2026-09-22T18:38:01,5080,1.0841983852364477e-06,0.23849375545978546,849.0478141681928
2026-09-22T18:38:33,5081,1.0803537101114957e-06,0.25265687704086304,849.0544435205165
2026-09-22T18:39:05,5082,1.0765090349865437e-06,0.18083244562149048,849.0591826275447
2026-09-22T18:39:51,5083,1.0726643598615919e-06,0.19488409161567688,849.045715005945
2026-09-22T18:40:19,5084,1.0688196847366399e-06,0.1954132616519928,849.0529314589274
2026-09-22T18:40:56,5085,1.0649750096116879e-06,0.2661673426628113,849.0511902428143
2026-09-22T18:41:23,5086,1.061130334486736e-06,0.22000090777873993,849.0501712244263
2026-09-22T18:41:45,5087,1.057285659361784e-06,0.1699351966381073,849.0449156742391
2026-09-22T18:42:49,5088,1.053440984236832e-06,0.2727036774158478,849.0312169636791
2026-09-22T18:43:51,5089,1.04959630911188e-06,0.21366813778877258,849.0122261040028
2026-09-22T18:44:18,5090,1.0457516339869283e-06,0.19029659032821655,849.0115198733561
2026-09-22T18:45:19,5091,1.0419069588619763e-06,0.21445047855377197,848.9980928230974
2026-09-22T18:45:53,5092,1.0380622837370243e-06,0.18253213167190552,849.0024664875464
2026-09-22T18:46:48,5093,1.0342176086120725e-06,0.2916353642940521,849.0052252465515
2026-09-22T18:47:54,5094,1.0303729334871205e-06,0.23456154763698578,849.0110955180788
2026-09-22T18:48:19,5095,1.0265282583621685e-06,0.19270479679107666,849.0125925658011
2026-09-22T18:48:55,5096,1.0226835832372167e-06,0.19417139887809753,849.0188469389989
2026-09-22T18:50:33,5097,1.0188389081122647e-06,0.3034307658672333,848.9850548988692
2026-09-22T18:51:03,5098,1.0149942329873127e-06,0.22482120990753174,848.9887974048132
2026-09-22T18:51:33,5099,1.0111495578623607e-06,0.2629898190498352,848.9961824020403
2026-09-22T18:52:02,5100,1.0073048827374089e-06,0.2104426622390747,848.9991157890738
2026-09-22T18:52:27,5101,1.0034602076124569e-06,0.16624069213867188,849.00106983851
2026-09-22T18:52:58,5102,9.996155324875049e-07,0.23045076429843903,849.0049259910871
2026-09-22T18:53:32,5103,9.957708573625529e-07,0.2929786443710327,849.0131268350385
2026-09-22T18:53:54,5104,9.919261822376009e-07,0.17085348069667816,849.0120619839552
2026-09-22T18:55:02,5105,9.88081507112649e-07,0.307353138923645,848.9978340152431
2026-09-22T18:55:41,5106,9.84236831987697e-07,0.22677716612815857,849.009959417999
2026-09-22T18:56:37,5107,9.80392156862745e-07,0.25809451937675476,849.0137838583527
2026-09-22T18:57:50,5108,9.76547481737793e-07,0.27125877141952515,849.0077667473855
2026-09-22T18:58:29,5109,9.727028066128413e-07,0.2692623436450958,849.0101377876339
2026-09-22T18:58:50,5110,9.688581314878893e-07,0.1334008127450943,849.0014030137708
2026-09-22T18:59:41,5111,9.650134563629373e-07,0.1730758547782898,849.0053463662324
2026-09-22T19:00:08,5112,9.611687812379855e-07,0.22682318091392517,849.0087485659539
2026-09-22T19:00:31,5113,9.573241061130335e-07,0.14961686730384827,849.0050881512725
2026-09-22T19:01:12,5114,9.534794309880816e-07,0.19079908728599548,849.0130973239694
2026-09-22T19:02:09,5115,9.496347558631297e-07,0.250353068113327,849.0180760273345
2026-09-22T19:02:46,5116,9.457900807381777e-07,0.27181777358055115,849.0167222394072
2026-09-22T19:04:00,5117,9.419454056132257e-07,0.26863765716552734,849.0084067902741
2026-09-22T19:05:07,5118,9.381007304882739e-07,0.32784995436668396,849.0036768083693
2026-09-22T19:06:00,5119,9.342560553633219e-07,0.16696342825889587,849.0048583849175
2026-09-22T19:07:09,5120,9.304113802383699e-07,0.24292334914207458,848.9902303128074
2026-09-22T19:07:46,5121,9.265667051134179e-07,0.20385974645614624,848.995543208607
2026-09-22T19:08:25,5122,9.227220299884661e-07,0.20407389104366302,849.0021775201926
2026-09-22T19:09:01,5123,9.188773548635141e-07,0.24715296924114227,849.0082260166226
2026-09-22T19:09:46,5124,9.150326797385621e-07,0.1812572479248047,849.0064608357127
2026-09-22T19:10:07,5125,9.111880046136102e-07,0.12762880325317383,849.0016922615291
2026-09-22T19:10:57,5126,9.073433294886583e-07,0.24681521952152252,849.0058131081108
2026-09-22T19:11:31,5127,9.034986543637063e-07,0.2432955503463745,849.009898991651
2026-09-22T19:11:56,5128,8.996539792387544e-07,0.23637838661670685,849.0127601506789
2026-09-22T19:12:18,5129,8.958093041138024e-07,0.2176927775144577,849.0090970221142
2026-09-22T19:13:08,5130,8.919646289888505e-07,0.2853400707244873,849.015207273655
2026-09-22T19:14:10,5131,8.881199538638986e-07,0.22159157693386078,848.9946269449837
2026-09-22T19:14:45,5132,8.842752787389466e-07,0.22728155553340912,849.0048623886746
2026-09-22T19:15:09,5133,8.804306036139946e-07,0.13246174156665802,849.0039272758822
2026-09-22T19:15:47,5134,8.765859284890428e-07,0.22437156736850739,849.0185501632318
2026-09-22T19:16:22,5135,8.727412533640908e-07,0.24815143644809723,849.0269815733402
2026-09-22T19:16:50,5136,8.688965782391388e-07,0.2472420632839203,849.0314187539448
2026-09-22T19:17:28,5137,8.650519031141868e-07,0.26400265097618103,849.0371966130061
2026-09-22T19:17:52,5138,8.61207227989235e-07,0.21134844422340393,849.0340284837483
2026-09-22T19:18:19,5139,8.57362552864283e-07,0.2343088984489441,849.0338759477364
2026-09-22T19:19:02,5140,8.53517877739331e-07,0.21365588903427124,849.0394463766016
2026-09-22T19:19:28,5141,8.496732026143792e-07,0.2024647295475006,849.0418476913576
2026-09-22T19:19:48,5142,8.458285274894272e-07,0.14648015797138214,849.0370856245006
2026-09-22T19:21:02,5143,8.419838523644752e-07,0.30950888991355896,849.0254360368426
2026-09-22T19:21:58,5144,8.381391772395233e-07,0.2083001285791397,849.0266636246986
2026-09-22T19:23:04,5145,8.342945021145714e-07,0.2642281651496887,849.0092298222273
2026-09-22T19:23:45,5146,8.304498269896194e-07,0.235515296459198,849.0071414391092
2026-09-22T19:24:48,5147,8.266051518646675e-07,0.24068260192871094,849.0027219481409
2026-09-22T19:25:59,5148,8.227604767397155e-07,0.3236663341522217,848.989422900971
2026-09-22T19:26:31,5149,8.189158016147635e-07,0.20626257359981537,848.9933723982634
2026-09-22T19:27:33,5150,8.150711264898117e-07,0.2551625967025757,848.9698942987599
2026-09-22T19:28:09,5151,8.112264513648597e-07,0.25110501050949097,848.980820218237
2026-09-22T19:28:33,5152,8.073817762399077e-07,0.16844743490219116,848.978684330705
2026-09-22T19:29:01,5153,8.03537101114956e-07,0.20695042610168457,848.983823682128
2026-09-22T19:29:37,5154,7.99692425990004e-07,0.2071782946586609,848.9871309952734
2026-09-22T19:30:16,5155,7.958477508650519e-07,0.2001417577266693,849.0024353527856
2026-09-22T19:30:41,5156,7.920030757400999e-07,0.16203798353672028,849.0059435841714
2026-09-22T19:31:27,5157,7.881584006151482e-07,0.28594523668289185,849.0103687381282
2026-09-22T19:31:51,5158,7.843137254901962e-07,0.1693997085094452,849.011516447283
2026-09-22T19:32:37,5159,7.804690503652441e-07,0.14984765648841858,849.0194203234739
2026-09-22T19:33:07,5160,7.766243752402923e-07,0.21110299229621887,849.0178394796005
2026-09-22T19:33:35,5161,7.727797001153404e-07,0.18863418698310852,849.0180010272337
2026-09-22T19:34:35,5162,7.689350249903884e-07,0.23472747206687927,848.999310366457
2026-09-22T19:35:15,5163,7.650903498654365e-07,0.2575039267539978,849.007156090086
2026-09-22T19:36:30,5164,7.612456747404845e-07,0.20292967557907104,848.992063394414
2026-09-22T19:37:39,5165,7.574009996155326e-07,0.23621167242527008,848.9910172002396
2026-09-22T19:38:06,5166,7.535563244905807e-07,0.2943333387374878,848.9906589958147
2026-09-22T19:38:45,5167,7.497116493656287e-07,0.25390520691871643,848.9955713641184
2026-09-22T19:39:32,5168,7.458669742406767e-07,0.22340553998947144,849.0099510956717
2026-09-22T19:40:20,5169,7.420222991157249e-07,0.21357667446136475,849.0242723176269
2026-09-22T19:40:40,5170,7.381776239907729e-07,0.17492258548736572,849.0197472669095
2026-09-22T19:41:04,5171,7.343329488658209e-07,0.26699525117874146,849.0160213947065
2026-09-22T19:41:42,5172,7.304882737408689e-07,0.2550363838672638,849.0235848949906
2026-09-22T19:42:32,5173,7.266435986159171e-07,0.33597999811172485,849.0318072457362
2026-09-22T19:43:08,5174,7.227989234909651e-07,0.23775768280029297,849.0341401556095
2026-09-22T19:43:49,5175,7.189542483660131e-07,0.31532418727874756,849.0392103925275
2026-09-22T19:44:05,5176,7.151095732410613e-07,0.14162205159664154,849.0316739480577
2026-09-22T19:44:30,5177,7.112648981161093e-07,0.22069062292575836,849.0287177741625
2026-09-22T19:45:19,5178,7.074202229911573e-07,0.24468526244163513,849.034113972004
2026-09-22T19:45:46,5179,7.035755478662054e-07,0.20385828614234924,849.0365828340656
2026-09-22T19:46:29,5180,6.997308727412534e-07,0.24103711545467377,849.0386154067222
2026-09-22T19:46:58,5181,6.958861976163015e-07,0.17476364970207214,849.0381285653399
2026-09-22T19:47:28,5182,6.920415224913496e-07,0.190891295671463,849.0411113865578
2026-09-22T19:48:06,5183,6.881968473663976e-07,0.28065064549446106,849.0392129711352
2026-09-22T19:49:00,5184,6.843521722414456e-07,0.2592928111553192,849.0431142464442
2026-09-22T19:49:28,5185,6.805074971164938e-07,0.2110508382320404,849.0389826637442
2026-09-22T19:50:03,5186,6.766628219915418e-07,0.3340320587158203,849.0428612171149
2026-09-22T19:50:37,5187,6.728181468665898e-07,0.22259657084941864,849.0539172511078
2026-09-22T19:51:06,5188,6.689734717416378e-07,0.19251567125320435,849.0538142731037
2026-09-22T19:52:11,5189,6.65128796616686e-07,0.2710283398628235,849.0380363232716
2026-09-22T19:52:30,5190,6.61284121491734e-07,0.14834663271903992,849.0295822272274
2026-09-22T19:53:39,5191,6.57439446366782e-07,0.2661344110965729,849.015586579274
2026-09-22T19:54:53,5192,6.535947712418302e-07,0.30384698510169983,849.0015044596491
2026-09-22T19:55:20,5193,6.497500961168782e-07,0.1838192343711853,849.0050311703004
2026-09-22T19:56:03,5194,6.459054209919262e-07,0.2578714191913605,849.0154651224607
2026-09-22T19:56:41,5195,6.420607458669743e-07,0.1891716569662094,849.0171453427902
2026-09-22T19:57:57,5196,6.382160707420224e-07,0.18393129110336304,849.0052847555063
2026-09-22T19:58:49,5197,6.343713956170704e-07,0.24304024875164032,849.0176700262402
2026-09-22T19:59:27,5198,6.305267204921185e-07,0.1689225733280182,849.0208788507584
2026-09-22T20:00:06,5199,6.266820453671665e-07,0.23282910883426666,849.0316464585056
2026-09-22T20:00:28,5200,6.228373702422146e-07,0.15419217944145203,849.0266937787235
2026-09-22T20:00:58,5201,6.189926951172626e-07,0.1987718641757965,849.0306896598117
2026-09-22T20:02:29,5202,6.151480199923107e-07,0.33666396141052246,848.9954303236423
2026-09-22T20:02:50,5203,6.113033448673587e-07,0.1572335660457611,848.9907138146759
2026-09-22T20:03:19,5204,6.074586697424068e-07,0.21849903464317322,848.9936740354761
2026-09-22T20:03:56,5205,6.036139946174549e-07,0.19214782118797302,849.0079892290299
2026-09-22T20:04:27,5206,5.997693194925029e-07,0.2138746827840805,849.0108389436524
2026-09-22T20:05:09,5207,5.95924644367551e-07,0.2901124358177185,849.0276662131332
2026-09-22T20:06:13,5208,5.92079969242599e-07,0.30841824412345886,849.0097673585847
2026-09-22T20:06:41,5209,5.882352941176471e-07,0.41142821311950684,849.012828871754
2026-09-22T20:07:39,5210,5.843906189926952e-07,0.18415139615535736,849.025056008585
2026-09-22T20:08:37,5211,5.805459438677432e-07,0.18166229128837585,849.0045897669552
2026-09-22T20:09:17,5212,5.767012687427913e-07,0.19812878966331482,849.015008715906
2026-09-22T20:10:47,5213,5.728565936178393e-07,0.29020506143569946,849.0055541107297
2026-09-22T20:11:31,5214,5.690119184928874e-07,0.22474519908428192,849.0100459431225
2026-09-22T20:12:08,5215,5.651672433679354e-07,0.184900164604187,849.0055939614388
2026-09-22T20:12:40,5216,5.613225682429835e-07,0.21154069900512695,849.0139994684969
2026-09-22T20:13:30,5217,5.574778931180315e-07,0.1772700846195221,849.0326093605174
2026-09-22T20:13:51,5218,5.536332179930796e-07,0.19740626215934753,849.0311951189411
2026-09-22T20:14:46,5219,5.497885428681276e-07,0.2225460410118103,849.016690866937
2026-09-22T20:15:35,5220,5.459438677431757e-07,0.41197457909584045,849.0368562516683
2026-09-22T20:15:56,5221,5.420991926182238e-07,0.196007639169693,849.0318129039991
2026-09-22T20:16:41,5222,5.382545174932718e-07,0.17563892900943756,849.0408655173588
2026-09-22T20:17:03,5223,5.344098423683199e-07,0.19255578517913818,849.0375944070822
2026-09-22T20:17:34,5224,5.30565167243368e-07,0.2474847137928009,849.0447716623094
2026-09-22T20:18:15,5225,5.26720492118416e-07,0.2525528073310852,849.0475828671348
2026-09-22T20:19:19,5226,5.228758169934641e-07,0.19834962487220764,849.0313954336285
2026-09-22T20:19:42,5227,5.190311418685121e-07,0.20570985972881317,849.0304795245344
2026-09-22T20:20:41,5228,5.151864667435602e-07,0.17861858010292053,849.0106906742585
2026-09-22T20:21:04,5229,5.113417916186083e-07,0.14875750243663788,849.0036589977703
2026-09-22T20:22:03,5230,5.074971164936563e-07,0.26975899934768677,848.9746837771409
2026-09-22T20:22:57,5231,5.036524413687044e-07,0.2989257574081421,848.9862509729908
2026-09-22T20:23:52,5232,4.998077662437524e-07,0.27401983737945557,848.9977357856292
2026-09-22T20:25:06,5233,4.959630911188004e-07,0.23859722912311554,848.9822308449044
2026-09-22T20:25:47,5234,4.921184159938485e-07,0.22146371006965637,848.9833939469195
2026-09-22T20:26:19,5235,4.882737408688965e-07,0.2347744256258011,848.9862119250662
2026-09-22T20:26:55,5236,4.844290657439446e-07,0.17839038372039795,848.9844814310358
2026-09-22T20:27:37,5237,4.805843906189927e-07,0.2613126337528229,848.9884374464895
2026-09-22T20:28:00,5238,4.767397154940408e-07,0.17183995246887207,848.984640257205
2026-09-22T20:28:47,5239,4.7289504036908885e-07,0.34211310744285583,848.9911544406056
2026-09-22T20:29:10,5240,4.6905036524413695e-07,0.226014643907547,848.9897763199541
2026-09-22T20:29:41,5241,4.6520569011918495e-07,0.28980547189712524,848.9971570163042
2026-09-22T20:30:39,5242,4.6136101499423305e-07,0.32427558302879333,849.0146723453169
2026-09-22T20:31:10,5243,4.5751633986928105e-07,0.22615306079387665,849.0187476056204
2026-09-22T20:31:55,5244,4.5367166474432916e-07,0.2590026259422302,849.0293945472644
2026-09-22T20:32:22,5245,4.498269896193772e-07,0.18003955483436584,849.0286248893508
2026-09-22T20:33:12,5246,4.4598231449442526e-07,0.25974297523498535,849.0281187154181
2026-09-22T20:33:40,5247,4.421376393694733e-07,0.12647664546966553,849.0382776917974
2026-09-22T20:34:13,5248,4.382929642445214e-07,0.22275003790855408,849.0407903420165
2026-09-22T20:35:36,5249,4.344482891195694e-07,0.2461082935333252,849.0520741058347
2026-09-22T20:36:08,5250,4.306036139946175e-07,0.2957022786140442,849.0587017210669
2026-09-22T20:36:26,5251,4.267589388696655e-07,0.13331788778305054,849.0481022120737
2026-09-22T20:37:06,5252,4.229142637447136e-07,0.2782747149467468,849.0586801550226
2026-09-22T20:37:28,5253,4.1906958861976167e-07,0.21540570259094238,849.0555877933298
2026-09-22T20:38:22,5254,4.152249134948097e-07,0.23737536370754242,849.0623223344062
2026-09-22T20:39:06,5255,4.1138023836985777e-07,0.28521984815597534,849.0771224800959
2026-09-22T20:39:56,5256,4.0753556324490587e-07,0.2644598186016083,849.0851882523152
2026-09-22T20:40:28,5257,4.0369088811995387e-07,0.22199763357639313,849.0913604651777
2026-09-22T20:40:49,5258,3.99846212995002e-07,0.23530535399913788,849.0815595826023
2026-09-22T20:42:36,5259,3.9600153787004997e-07,0.32683441042900085,849.0686264871251
2026-09-22T20:43:00,5260,3.921568627450981e-07,0.21753132343292236,849.0720169361731
2026-09-22T20:43:21,5261,3.883121876201461e-07,0.19945403933525085,849.0632547162977
2026-09-22T20:45:19,5262,3.844675124951942e-07,0.23278146982192993,849.0324800111927
2026-09-22T20:45:58,5263,3.8062283737024223e-07,0.21178418397903442,849.034336153048
2026-09-22T20:46:37,5264,3.7677816224529033e-07,0.20459488034248352,849.0411034196823
2026-09-22T20:47:25,5265,3.7293348712033833e-07,0.28811970353126526,849.046579848971
2026-09-22T20:47:47,5266,3.6908881199538643e-07,0.19100774824619293,849.0455471978798
2026-09-22T20:48:07,5267,3.6524413687043443e-07,0.15695655345916748,849.0389582134532
2026-09-22T20:49:13,5268,3.6139946174548253e-07,0.21991921961307526,849.0220857971666
2026-09-22T20:49:52,5269,3.5755478662053064e-07,0.2606212794780731,849.0277970198098
2026-09-22T20:50:21,5270,3.5371011149557864e-07,0.163083016872406,849.0276934423362
2026-09-22T20:50:47,5271,3.498654363706267e-07,0.20102322101593018,849.0279220802298
2026-09-22T20:51:51,5272,3.460207612456748e-07,0.32339346408843994,849.01004860831
2026-09-22T20:52:36,5273,3.421760861207228e-07,0.22793129086494446,849.0149687105536
2026-09-22T20:52:57,5274,3.383314109957709e-07,0.1740853637456894,849.0064467023584
2026-09-22T20:53:26,5275,3.344867358708189e-07,0.17151793837547302,849.0091574722907
2026-09-22T20:53:52,5276,3.30642060745867e-07,0.1438302993774414,849.0085782492389
2026-09-22T20:54:13,5277,3.267973856209151e-07,0.15257743000984192,849.0083631067048
2026-09-22T20:54:33,5278,3.229527104959631e-07,0.1637929379940033,849.0043536950426
2026-09-22T20:55:05,5279,3.191080353710112e-07,0.211656391620636,849.0113611612411
2026-09-22T20:55:33,5280,3.1526336024605925e-07,0.24896235764026642,849.0143688329059
2026-09-22T20:56:30,5281,3.114186851211073e-07,0.2440299093723297,849.0265810399263
2026-09-22T20:57:54,5282,3.0757400999615535e-07,0.25154706835746765,849.0144671484504
2026-09-22T20:58:40,5283,3.037293348712034e-07,0.23118239641189575,849.0278815439293
2026-09-22T20:59:07,5284,2.9988465974625145e-07,0.2024960070848465,849.0265705178977
2026-09-22T20:59:33,5285,2.960399846212995e-07,0.20505934953689575,849.0247442187315
2026-09-22T21:00:53,5286,2.921953094963476e-07,0.297270804643631,849.0196538409251
2026-09-22T21:01:18,5287,2.8835063437139566e-07,0.2544444501399994,849.0200444354592
2026-09-22T21:02:37,5288,2.845059592464437e-07,0.2803895175457001,849.0117845202803
2026-09-22T21:03:05,5289,2.8066128412149176e-07,0.19656133651733398,849.0115686205746
2026-09-22T21:03:54,5290,2.768166089965398e-07,0.23894968628883362,849.0188351503535
2026-09-22T21:04:22,5291,2.7297193387158786e-07,0.2689756155014038,849.0256317047183
2026-09-22T21:05:03,5292,2.691272587466359e-07,0.262068510055542,849.0281611388879
2026-09-22T21:05:42,5293,2.65282583621684e-07,0.17880794405937195,849.0343650597707
2026-09-22T21:06:03,5294,2.6143790849673207e-07,0.1854090541601181,849.0300804676747
2026-09-22T21:06:59,5295,2.575932333717801e-07,0.26679563522338867,849.0419342727131
2026-09-22T21:07:33,5296,2.5374855824682817e-07,0.2530100643634796,849.0494955990197
2026-09-22T21:08:31,5297,2.499038831218762e-07,0.2934490740299225,849.0681928140332
2026-09-22T21:08:58,5298,2.4605920799692427e-07,0.212191641330719,849.0710663221078
2026-09-22T21:10:41,5299,2.422145328719723e-07,0.33936816453933716,849.0348430662062
2026-09-22T21:11:08,5300,2.383698577470204e-07,0.21664172410964966,849.0307755651692
2026-09-22T21:11:43,5301,2.3452518262206848e-07,0.2470482438802719,849.0367001020587
2026-09-22T21:12:09,5302,2.3068050749711653e-07,0.15900291502475739,849.0373628720728
2026-09-22T21:12:44,5303,2.2683583237216458e-07,0.26757675409317017,849.0426250193789
2026-09-22T21:13:21,5304,2.2299115724721263e-07,0.2604747414588928,849.0569189990455
2026-09-22T21:13:52,5305,2.191464821222607e-07,0.2235937863588333,849.0628129112372
2026-09-22T21:14:27,5306,2.1530180699730876e-07,0.19680385291576385,849.0655540634095
2026-09-22T21:14:57,5307,2.114571318723568e-07,0.16000671684741974,849.0695356500613
2026-09-22T21:15:57,5308,2.0761245674740486e-07,0.23484744131565094,849.0538008539011
2026-09-22T21:16:18,5309,2.0376778162245294e-07,0.18172001838684082,849.0495448197682
2026-09-22T21:16:46,5310,1.99923106497501e-07,0.21723459661006927,849.0487052823315
2026-09-22T21:17:11,5311,1.9607843137254904e-07,0.1575562059879303,849.0432546913355
2026-09-22T21:17:40,5312,1.922337562475971e-07,0.21918591856956482,849.0485454838553
2026-09-22T21:18:52,5313,1.8838908112264517e-07,0.289661705493927,849.0467510281112
2026-09-22T21:19:17,5314,1.8454440599769322e-07,0.1820199340581894,849.046248657666
2026-09-22T21:19:44,5315,1.8069973087274127e-07,0.17233194410800934,849.0414999535443
2026-09-22T21:20:37,5316,1.7685505574778932e-07,0.18442845344543457,849.040206758092
2026-09-22T21:21:01,5317,1.730103806228374e-07,0.22530119121074677,849.033969620152
2026-09-22T21:21:46,5318,1.6916570549788545e-07,0.20459511876106262,849.0470165200068
2026-09-22T21:22:42,5319,1.653210303729335e-07,0.19846025109291077,849.0186286402234
2026-09-22T21:23:59,5320,1.6147635524798155e-07,0.28254005312919617,849.0166041554079
2026-09-22T21:24:26,5321,1.5763168012302963e-07,0.21687790751457214,849.020466793892
2026-09-22T21:24:52,5322,1.5378700499807768e-07,0.16842815279960632,849.0231621388612
2026-09-22T21:25:56,5323,1.4994232987312573e-07,0.24221649765968323,849.0055535666785
2026-09-22T21:26:30,5324,1.460976547481738e-07,0.18171212077140808,849.0124159503259
2026-09-22T21:26:54,5325,1.4225297962322186e-07,0.21183879673480988,849.0045772458765
2026-09-22T21:28:01,5326,1.384083044982699e-07,0.2551315128803253,848.9871433348137
2026-09-22T21:28:28,5327,1.3456362937331796e-07,0.19601128995418549,848.9926342645925
2026-09-22T21:29:25,5328,1.3071895424836603e-07,0.23073679208755493,848.9932336899496
2026-09-22T21:29:56,5329,1.2687427912341408e-07,0.2039722204208374,848.9961424300451
2026-09-22T21:30:37,5330,1.2302960399846214e-07,0.30586573481559753,849.0063334293056
2026-09-22T21:31:43,5331,1.191849288735102e-07,0.24005602300167084,848.989940039588
2026-09-22T21:32:05,5332,1.1534025374855826e-07,0.18517379462718964,848.9823502070014
2026-09-22T21:32:34,5333,1.1149557862360631e-07,0.41215062141418457,848.9894433081005
2026-09-22T21:33:10,5334,1.0765090349865438e-07,0.18244655430316925,848.9916690268996
2026-09-22T21:34:00,5335,1.0380622837370243e-07,0.29032981395721436,848.9809811796821
2026-09-22T21:34:29,5336,9.99615532487505e-08,0.17904633283615112,848.9833385083194
2026-09-22T21:34:50,5337,9.611687812379854e-08,0.15029096603393555,848.9814433320754
2026-09-22T21:35:31,5338,9.227220299884661e-08,0.20699091255664825,848.9918381525281
2026-09-22T21:35:55,5339,8.842752787389466e-08,0.1627480685710907,848.9910954489674
2026-09-22T21:36:29,5340,8.458285274894272e-08,0.2718258500099182,848.997992907806
2026-09-22T21:37:32,5341,8.073817762399077e-08,0.27572548389434814,848.9827026448216
2026-09-22T21:37:55,5342,7.689350249903884e-08,0.2222764492034912,848.9789508789569
2026-09-22T21:38:47,5343,7.30488273740869e-08,0.17776092886924744,848.9608710782531
2026-09-22T21:39:19,5344,6.920415224913495e-08,0.20751455426216125,848.9670564546878
2026-09-22T21:40:04,5345,6.535947712418302e-08,0.21689355373382568,848.9749770573325
2026-09-22T21:40:23,5346,6.151480199923107e-08,0.17328238487243652,848.9673157292716
2026-09-22T21:41:05,5347,5.767012687427913e-08,0.2507600486278534,848.9724957911825
2026-09-22T21:42:12,5348,5.382545174932719e-08,0.2869807779788971,848.9779549470173
2026-09-22T21:42:42,5349,4.998077662437525e-08,0.1922188103199005,848.9804460141527
2026-09-22T21:43:29,5350,4.6136101499423304e-08,0.2431289553642273,848.9893654140324
2026-09-22T21:44:10,5351,4.229142637447136e-08,0.26736980676651,848.9894467414438
2026-09-22T21:45:18,5352,3.844675124951942e-08,0.2932862341403961,848.9854864894921
2026-09-22T21:45:40,5353,3.4602076124567476e-08,0.16111057996749878,848.9847314943261
2026-09-22T21:46:53,5354,3.0757400999615534e-08,0.33692845702171326,848.971818433497
2026-09-22T21:47:21,5355,2.6912725874663595e-08,0.152720645070076,848.9715833975534
2026-09-22T21:48:32,5356,2.3068050749711652e-08,0.3097386062145233,848.9540432164118
2026-09-22T21:49:00,5357,1.922337562475971e-08,0.19063878059387207,848.9532221336808
2026-09-22T21:49:35,5358,1.5378700499807767e-08,0.23761680722236633,848.9602112455553
2026-09-22T21:50:02,5359,1.1534025374855826e-08,0.2398579865694046,848.9605320147735
2026-09-22T21:50:40,5360,7.689350249903883e-09,0.20555484294891357,848.9716646043714
2026-09-22T21:51:21,5361,3.844675124951942e-09,0.23800480365753174,848.9739844523601
2026-09-22T21:51:45,5362,0.0,0.1652422994375229,848.9770490956466
