timestamp,step,lr,loss,cumulative_tok_per_s
2026-09-28T03:33:42,1,1.2500000000000002e-07,1.0193884372711182,935.1550375760316
2026-09-28T03:34:26,2,2.5000000000000004e-07,0.7636758089065552,993.6892054833576
2026-09-28T03:35:14,3,3.75e-07,0.8417091369628906,1042.7219732681326
2026-09-28T03:35:39,4,5.000000000000001e-07,1.1802194118499756,1077.4900854195096
2026-09-28T03:36:17,5,6.25e-07,0.7737671136856079,1097.1455896289463
2026-09-28T03:37:00,6,7.5e-07,0.8141696453094482,1086.1292395996325
2026-09-28T03:37:53,7,8.75e-07,0.8427543044090271,1080.7783450329766
2026-09-28T03:38:28,8,1.0000000000000002e-06,0.7651244401931763,1097.0252007859017
2026-09-28T03:38:45,9,1.125e-06,1.0336050987243652,1113.2468070976058
2026-09-28T03:39:18,10,1.25e-06,0.9849522113800049,1122.1417343798896
2026-09-28T03:39:32,11,1.3750000000000002e-06,0.838451623916626,1135.2644669344384
2026-09-28T03:39:49,12,1.5e-06,1.1290234327316284,1147.1411249049036
2026-09-28T03:40:07,13,1.6250000000000001e-06,0.8596814870834351,1159.4407263593823
2026-09-28T03:40:36,14,1.75e-06,0.7159727811813354,1168.4184323607024
2026-09-28T03:41:01,15,1.8750000000000003e-06,0.9594761729240417,1176.0794859403104
2026-09-28T03:41:54,16,2.0000000000000003e-06,0.8945109844207764,1165.5045582996684
2026-09-28T03:42:15,17,2.125e-06,0.883845865726471,1175.8181206427073
2026-09-28T03:43:06,18,2.25e-06,0.6702516078948975,1173.894829335946
2026-09-28T03:43:32,19,2.375e-06,0.8776706457138062,1181.2110638351119
2026-09-28T03:43:42,20,2.5e-06,0.5908638834953308,1185.6632828751012
2026-09-28T03:44:07,21,2.6250000000000003e-06,0.754050612449646,1188.3773627973926
2026-09-28T03:44:52,22,2.7500000000000004e-06,0.5814981460571289,1185.3871905547649
2026-09-28T03:45:10,23,2.875e-06,0.6432986259460449,1192.2428168825647
2026-09-28T03:45:28,24,3e-06,0.7336651682853699,1197.5858341930957
2026-09-28T03:45:54,25,3.125e-06,0.6251220703125,1202.3168023029998
2026-09-28T03:46:14,26,3.2500000000000002e-06,0.726961612701416,1205.9718535990844
2026-09-28T03:47:07,27,3.3750000000000003e-06,0.6580593585968018,1193.2258919803307
2026-09-28T03:47:31,28,3.5e-06,0.761685311794281,1195.606218000539
2026-09-28T03:48:11,29,3.625e-06,0.5174919366836548,1193.9535600686647
2026-09-28T03:48:26,30,3.7500000000000005e-06,0.8060040473937988,1197.995269727666
2026-09-28T03:48:48,31,3.875e-06,0.6853299140930176,1203.1482479792278
2026-09-28T03:49:34,32,4.000000000000001e-06,0.7246718406677246,1194.6469134271165
2026-09-28T03:49:57,33,4.125e-06,0.6922831535339355,1197.9031643920066
2026-09-28T03:50:22,34,4.25e-06,0.6772998571395874,1199.555299287868
2026-09-28T03:51:27,35,4.3750000000000005e-06,0.5558321475982666,1189.166944118054
2026-09-28T03:52:23,36,4.5e-06,0.7341346740722656,1181.6100394712134
2026-09-28T03:52:43,37,4.625000000000001e-06,0.5652897953987122,1184.190109026057
2026-09-28T03:53:24,38,4.75e-06,0.5879737734794617,1180.6214710069144
2026-09-28T03:53:41,39,4.875e-06,0.5667261481285095,1183.9230094517104
2026-09-28T03:54:14,40,5e-06,0.5460280179977417,1184.9506176509844
2026-09-28T03:54:47,41,5.125e-06,0.7134273052215576,1184.7200848285354
2026-09-28T03:55:08,42,5.2500000000000006e-06,0.7410581707954407,1187.781403237175
2026-09-28T03:55:27,43,5.375e-06,0.6362302303314209,1190.790608207702
2026-09-28T03:55:44,44,5.500000000000001e-06,0.5815684795379639,1192.5964873748912
2026-09-28T03:56:02,45,5.625e-06,0.5529952049255371,1194.7834165431161
2026-09-28T03:56:43,46,5.75e-06,0.5478816032409668,1191.8717412205292
2026-09-28T03:57:16,47,5.8750000000000005e-06,0.44932472705841064,1193.8083400584214
2026-09-28T03:57:39,48,6e-06,0.5365553498268127,1196.2810868916597
2026-09-28T03:58:04,49,6.125000000000001e-06,0.5640345215797424,1197.6750807894246
2026-09-28T03:58:25,50,6.25e-06,0.4771508574485779,1199.4089292861247
2026-09-28T03:58:50,51,6.375e-06,0.5120618343353271,1199.9025083101194
2026-09-28T03:59:11,52,6.5000000000000004e-06,0.45577412843704224,1202.0141232132898
2026-09-28T03:59:57,53,6.625e-06,0.45350635051727295,1199.0480573039363
2026-09-28T04:00:42,54,6.750000000000001e-06,0.609037458896637,1193.0831788484388
2026-09-28T04:00:59,55,6.875e-06,0.6258221864700317,1195.017586497015
2026-09-28T04:01:40,56,7e-06,0.5456902980804443,1194.9569601636003
2026-09-28T04:01:58,57,7.125e-06,0.5968942046165466,1195.7338161241194
2026-09-28T04:02:14,58,7.25e-06,0.38489478826522827,1197.542248958777
2026-09-28T04:02:36,59,7.375000000000001e-06,0.46309274435043335,1199.9606731119923
2026-09-28T04:03:48,60,7.500000000000001e-06,0.4912354350090027,1192.9818668418227
2026-09-28T04:04:01,61,7.625e-06,0.5674999356269836,1194.850639635662
2026-09-28T04:04:33,62,7.75e-06,0.6041730046272278,1194.7739575618448
2026-09-28T04:04:57,63,7.875e-06,0.47807347774505615,1196.0456692892355
2026-09-28T04:05:23,64,8.000000000000001e-06,0.48904934525489807,1197.8827610592525
2026-09-28T04:05:58,65,8.125000000000001e-06,0.5939038395881653,1197.3971970400928
2026-09-28T04:06:18,66,8.25e-06,0.5703041553497314,1199.564715667451
2026-09-28T04:06:41,67,8.375e-06,0.47180402278900146,1202.1205618817912
2026-09-28T04:07:37,68,8.5e-06,0.5153946876525879,1199.0870418811814
2026-09-28T04:08:12,69,8.625000000000001e-06,0.5690112113952637,1197.5437880903687
2026-09-28T04:08:48,70,8.750000000000001e-06,0.623863935470581,1197.2224242080533
2026-09-28T04:09:42,71,8.875e-06,0.5595771074295044,1194.5282070506069
2026-09-28T04:10:14,72,9e-06,0.5617684721946716,1195.8482378648653
2026-09-28T04:11:31,73,9.125e-06,0.4893101453781128,1190.2554043254854
2026-09-28T04:11:48,74,9.250000000000001e-06,0.49139395356178284,1192.4677562866736
2026-09-28T04:12:06,75,9.375000000000001e-06,0.4954524636268616,1193.9711450192353
2026-09-28T04:12:54,76,9.5e-06,0.5151370763778687,1192.1361519939367
2026-09-28T04:13:19,77,9.625e-06,0.5853371024131775,1193.6268433996513
2026-09-28T04:13:42,78,9.75e-06,0.5239684581756592,1195.010308124455
2026-09-28T04:13:54,79,9.875000000000001e-06,0.6471459865570068,1196.507120340906
2026-09-28T04:14:26,80,1e-05,0.5379093289375305,1195.036663506179
2026-09-28T04:15:08,81,1.0125e-05,0.5368178486824036,1191.6878349560548
2026-09-28T04:15:31,82,1.025e-05,0.4376065731048584,1192.9020134545817
2026-09-28T04:15:47,83,1.0375000000000001e-05,0.49250686168670654,1194.5623206999855
2026-09-28T04:16:24,84,1.0500000000000001e-05,0.44383203983306885,1194.3330616601731
2026-09-28T04:16:42,85,1.0625e-05,0.5031432509422302,1196.0765293954835
2026-09-28T04:17:00,86,1.075e-05,0.49620646238327026,1197.7991591228842
2026-09-28T04:17:36,87,1.0875e-05,0.5471658706665039,1197.666034513116
2026-09-28T04:18:00,88,1.1000000000000001e-05,0.4523162841796875,1199.2816918067058
2026-09-28T04:18:44,89,1.1125000000000001e-05,0.44966065883636475,1198.146350582536
2026-09-28T04:19:24,90,1.125e-05,0.4671085774898529,1197.7300556820842
2026-09-28T04:19:39,91,1.1375e-05,0.5050743818283081,1199.016844043723
2026-09-28T04:20:07,92,1.15e-05,0.4938892424106598,1200.3307926545144
2026-09-28T04:20:25,93,1.1625000000000001e-05,0.3965635299682617,1201.2406919482478
2026-09-28T04:20:50,94,1.1750000000000001e-05,0.4144746661186218,1202.2150366557046
2026-09-28T04:21:26,95,1.1875e-05,0.4933483302593231,1201.0132979204147
2026-09-28T04:21:49,96,1.2e-05,0.3864894211292267,1201.945617419036
2026-09-28T04:22:01,97,1.2125e-05,0.5280864238739014,1203.0367643654367
2026-09-28T04:22:16,98,1.2250000000000001e-05,0.48644381761550903,1204.2272016175036
2026-09-28T04:23:38,99,1.2375000000000001e-05,0.48173582553863525,1198.9386638621231
2026-09-28T04:24:28,100,1.25e-05,0.3783296048641205,1197.1723930771252
2026-09-28T04:25:05,101,1.2625e-05,0.46888840198516846,1196.8164575890264
2026-09-28T04:25:35,102,1.275e-05,0.4338799715042114,1196.9874623040384
2026-09-28T04:26:01,103,1.2875000000000001e-05,0.49578696489334106,1198.2730519042545
2026-09-28T04:26:24,104,1.3000000000000001e-05,0.42120569944381714,1199.258038308186
2026-09-28T04:26:43,105,1.3125e-05,0.34774544835090637,1200.2956163076974
2026-09-28T04:27:19,106,1.325e-05,0.38053053617477417,1198.8619977281664
2026-09-28T04:27:52,107,1.3375e-05,0.471468985080719,1198.814479589995
2026-09-28T04:28:34,108,1.3500000000000001e-05,0.504912257194519,1198.3661253661396
2026-09-28T04:29:25,109,1.3625e-05,0.3883242905139923,1195.6385189709038
2026-09-28T04:29:51,110,1.375e-05,0.39289590716362,1196.3314966950804
2026-09-28T04:31:15,111,1.3875e-05,0.4656289219856262,1191.4003864297365
2026-09-28T04:31:46,112,1.4e-05,0.4985833168029785,1191.9857025831163
2026-09-28T04:32:00,113,1.4125000000000003e-05,0.4622279107570648,1192.8182299719401
2026-09-28T04:32:26,114,1.425e-05,0.46586304903030396,1193.9818522172045
2026-09-28T04:32:52,115,1.4375e-05,0.45711755752563477,1194.8440176640706
2026-09-28T04:33:09,116,1.45e-05,0.5203596949577332,1195.91348240419
2026-09-28T04:33:54,117,1.4625e-05,0.3998292088508606,1194.0772487135364
2026-09-28T04:34:15,118,1.4750000000000003e-05,0.3427110016345978,1195.445971290009
2026-09-28T04:34:34,119,1.4875000000000002e-05,0.49244749546051025,1196.8019030426244
2026-09-28T04:34:52,120,1.5000000000000002e-05,0.4102642238140106,1198.164708720421
2026-09-28T04:35:06,121,1.5125e-05,0.48514851927757263,1198.726535532238
2026-09-28T04:35:22,122,1.525e-05,0.3664855360984802,1200.0342455596938
2026-09-28T04:35:53,123,1.5375e-05,0.4585995078086853,1200.1282244501078
2026-09-28T04:36:13,124,1.55e-05,0.3929866850376129,1201.0566241587933
2026-09-28T04:36:23,125,1.5625e-05,0.377857506275177,1201.6271914150875
2026-09-28T04:36:40,126,1.575e-05,0.526679515838623,1202.506462700856
2026-09-28T04:36:52,127,1.5875e-05,0.3669619560241699,1203.4394280677304
2026-09-28T04:37:37,128,1.6000000000000003e-05,0.36653220653533936,1202.2626310437745
2026-09-28T04:37:54,129,1.6125000000000002e-05,0.4004092514514923,1202.7609781449758
2026-09-28T04:38:21,130,1.6250000000000002e-05,0.4118606448173523,1202.8906880070513
2026-09-28T04:38:34,131,1.6375e-05,0.3552631735801697,1203.9619866266728
2026-09-28T04:39:15,132,1.65e-05,0.3982173800468445,1202.8694183864689
2026-09-28T04:39:37,133,1.6625e-05,0.4956898093223572,1203.8199213046623
2026-09-28T04:40:08,134,1.675e-05,0.387448251247406,1204.2150225886935
2026-09-28T04:40:47,135,1.6875e-05,0.45571622252464294,1203.929786906393
2026-09-28T04:41:19,136,1.7e-05,0.5442594289779663,1204.2742662744347
2026-09-28T04:41:31,137,1.7125e-05,0.4244396388530731,1205.1170105906006
2026-09-28T04:42:01,138,1.7250000000000003e-05,0.4208095967769623,1205.3645585488166
2026-09-28T04:42:24,139,1.7375000000000002e-05,0.5344580411911011,1206.3216518709796
2026-09-28T04:42:52,140,1.7500000000000002e-05,0.4871463179588318,1206.6770086126996
2026-09-28T04:43:34,141,1.7625e-05,0.5292983055114746,1206.4639158057962
2026-09-28T04:43:47,142,1.775e-05,0.41085848212242126,1207.187454018046
2026-09-28T04:44:02,143,1.7875e-05,0.4087599515914917,1208.1367460482863
2026-09-28T04:45:21,144,1.8e-05,0.2759186625480652,1204.4769101601942
2026-09-28T04:46:01,145,1.8125e-05,0.47186580300331116,1203.8934027656792
2026-09-28T04:46:12,146,1.825e-05,0.4069758951663971,1204.4666283588556
2026-09-28T04:46:59,147,1.8375e-05,0.38655006885528564,1202.5216274629909
2026-09-28T04:47:26,148,1.8500000000000002e-05,0.45015811920166016,1202.7827160482018
2026-09-28T04:47:45,149,1.8625000000000002e-05,0.39914417266845703,1203.4646262807767
2026-09-28T04:47:57,150,1.8750000000000002e-05,0.3214893341064453,1204.1661698089554
2026-09-28T04:48:41,151,1.8875e-05,0.42861777544021606,1202.0072474371916
2026-09-28T04:49:07,152,1.9e-05,0.401156485080719,1202.408465215472
2026-09-28T04:50:05,153,1.9125000000000004e-05,0.3323791027069092,1200.4913698123464
2026-09-28T04:50:22,154,1.925e-05,0.40099090337753296,1201.349692649555
2026-09-28T04:50:38,155,1.9375e-05,0.36022844910621643,1202.265640967135
2026-09-28T04:50:50,156,1.95e-05,0.4300280809402466,1203.1092924322625
2026-09-28T04:51:16,157,1.9625e-05,0.3341964781284332,1203.6431258127886
2026-09-28T04:52:10,158,1.9750000000000002e-05,0.5285911560058594,1201.3176516714805
2026-09-28T04:52:26,159,1.9875000000000002e-05,0.4119088053703308,1202.0442317815898
2026-09-28T04:52:52,160,2e-05,0.3930099606513977,1202.25229096607
2026-09-28T04:53:31,161,1.9996155324875052e-05,0.34083062410354614,1201.195284188829
2026-09-28T04:54:25,162,1.9992310649750096e-05,0.3992070257663727,1200.0203719185636
2026-09-28T04:55:04,163,1.9988465974625146e-05,0.333388090133667,1199.241931688466
2026-09-28T04:55:23,164,1.9984621299500194e-05,0.3705875873565674,1200.1497037575978
2026-09-28T04:55:39,165,1.998077662437524e-05,0.34764954447746277,1200.8892442943597
2026-09-28T04:56:03,166,1.9976931949250288e-05,0.2958163022994995,1201.3697756618046
2026-09-28T04:56:19,167,1.997308727412534e-05,0.3983152210712433,1202.1132687223687
2026-09-28T04:56:32,168,1.9969242599000386e-05,0.3821401000022888,1202.6984405213443
2026-09-28T04:56:58,169,1.9965397923875433e-05,0.33564701676368713,1203.3114333751198
2026-09-28T04:57:32,170,1.9961553248750483e-05,0.44481396675109863,1203.6471172588338
2026-09-28T04:57:49,171,1.995770857362553e-05,0.38155362010002136,1204.3552047092323
2026-09-28T04:58:39,172,1.9953863898500578e-05,0.34637370705604553,1202.7299289633456
2026-09-28T04:59:31,173,1.9950019223375628e-05,0.503372311592102,1201.0546192438057
2026-09-28T04:59:44,174,1.9946174548250675e-05,0.42931270599365234,1201.6263414562054
2026-09-28T05:00:42,175,1.9942329873125722e-05,0.39977481961250305,1199.8034551591948
2026-09-28T05:01:27,176,1.993848519800077e-05,0.44393491744995117,1198.9528572828533
2026-09-28T05:01:42,177,1.993464052287582e-05,0.381543904542923,1199.4192027292381
2026-09-28T05:02:24,178,1.9930795847750867e-05,0.47035932540893555,1199.163223424856
2026-09-28T05:02:43,179,1.9926951172625914e-05,0.35055503249168396,1199.4213706456133
2026-09-28T05:03:27,180,1.9923106497500965e-05,0.3856998383998871,1197.9177824649769
2026-09-28T05:03:54,181,1.991926182237601e-05,0.3438142240047455,1198.2913245488655
2026-09-28T05:05:03,182,1.991541714725106e-05,0.3379802107810974,1196.2181632550994
2026-09-28T05:05:23,183,1.9911572472126106e-05,0.30915701389312744,1196.6525174547985
2026-09-28T05:05:42,184,1.9907727797001154e-05,0.3952391445636749,1197.3311035636523
2026-09-28T05:06:40,185,1.9903883121876204e-05,0.38914230465888977,1196.0222099210575
2026-09-28T05:07:08,186,1.990003844675125e-05,0.3805965185165405,1196.6609673296928
2026-09-28T05:07:27,187,1.98961937716263e-05,0.40619799494743347,1197.5008590790271
2026-09-28T05:08:18,188,1.9892349096501346e-05,0.400041401386261,1196.2161116046796
2026-09-28T05:08:41,189,1.9888504421376396e-05,0.36893874406814575,1196.8490651417385
2026-09-28T05:08:57,190,1.9884659746251443e-05,0.4352836012840271,1197.5557120508138
2026-09-28T05:09:22,191,1.988081507112649e-05,0.388532817363739,1197.7699193512583
2026-09-28T05:09:45,192,1.987697039600154e-05,0.32886362075805664,1198.302704740584
2026-09-28T05:10:05,193,1.9873125720876588e-05,0.36125999689102173,1199.1314152733291
2026-09-28T05:10:44,194,1.9869281045751635e-05,0.4591066837310791,1198.7919844875557
2026-09-28T05:10:57,195,1.9865436370626682e-05,0.26011934876441956,1199.453653031484
2026-09-28T05:11:45,196,1.9861591695501733e-05,0.4042755365371704,1197.8183143349083
2026-09-28T05:11:58,197,1.985774702037678e-05,0.31835490465164185,1198.4671540863055
2026-09-28T05:12:10,198,1.9853902345251827e-05,0.42989665269851685,1199.0421797944275
2026-09-28T05:12:40,199,1.9850057670126878e-05,0.3493112623691559,1199.1496591605728
2026-09-28T05:12:55,200,1.9846212995001925e-05,0.33280640840530396,1199.651280215646
2026-09-28T05:13:10,201,1.9842368319876972e-05,0.36391568183898926,1200.386667492239
2026-09-28T05:13:26,202,1.983852364475202e-05,0.42870551347732544,1201.0246179933622
2026-09-28T05:13:49,203,1.9834678969627066e-05,0.3251951038837433,1201.3842688064615
2026-09-28T05:14:11,204,1.9830834294502117e-05,0.33902639150619507,1201.992231228572
2026-09-28T05:14:26,205,1.9826989619377164e-05,0.33138585090637207,1202.732786438629
2026-09-28T05:14:49,206,1.982314494425221e-05,0.37649229168891907,1203.3475319660968
2026-09-28T05:15:02,207,1.981930026912726e-05,0.31118667125701904,1203.93955512463
2026-09-28T05:16:14,208,1.981545559400231e-05,0.4066174626350403,1201.8073745129839
2026-09-28T05:16:42,209,1.9811610918877356e-05,0.3908194303512573,1202.0509611707153
2026-09-28T05:16:59,210,1.9807766243752403e-05,0.396954208612442,1202.5113757612912
2026-09-28T05:17:15,211,1.9803921568627454e-05,0.4759829044342041,1202.8922697880228
2026-09-28T05:17:55,212,1.98000768935025e-05,0.45379889011383057,1202.5623582093494
2026-09-28T05:18:06,213,1.9796232218377548e-05,0.37655773758888245,1202.9903596647707
2026-09-28T05:18:23,214,1.9792387543252595e-05,0.3316519856452942,1203.7665445067544
2026-09-28T05:19:02,215,1.9788542868127646e-05,0.4873672127723694,1203.4917264211224
2026-09-28T05:19:12,216,1.9784698193002693e-05,0.30685660243034363,1203.803350342782
2026-09-28T05:19:52,217,1.978085351787774e-05,0.35992860794067383,1203.1901685102036
2026-09-28T05:20:44,218,1.977700884275279e-05,0.44893378019332886,1201.6437007932211
2026-09-28T05:20:56,219,1.9773164167627838e-05,0.3933864235877991,1202.1561802322985
2026-09-28T05:21:20,220,1.9769319492502885e-05,0.38468146324157715,1202.5016496563587
2026-09-28T05:22:18,221,1.9765474817377935e-05,0.41507822275161743,1200.8882399687693
2026-09-28T05:22:29,222,1.9761630142252983e-05,0.3581327795982361,1201.3370411172555
2026-09-28T05:22:50,223,1.975778546712803e-05,0.364274263381958,1201.515622938896
2026-09-28T05:23:34,224,1.9753940792003077e-05,0.5529354810714722,1200.7318808512823
2026-09-28T05:24:23,225,1.9750096116878127e-05,0.3704881966114044,1199.6333095640339
2026-09-28T05:24:47,226,1.974625144175317e-05,0.3955655097961426,1200.2690668531332
2026-09-28T05:26:08,227,1.9742406766628222e-05,0.3957953453063965,1197.2398318131
2026-09-28T05:26:21,228,1.973856209150327e-05,0.34638363122940063,1197.8252123249044
2026-09-28T05:27:04,229,1.9734717416378316e-05,0.3462120294570923,1197.366383585732
2026-09-28T05:27:16,230,1.9730872741253367e-05,0.2959224283695221,1197.859330283897
2026-09-28T05:27:30,231,1.9727028066128414e-05,0.427199125289917,1198.3765626189495
2026-09-28T05:27:54,232,1.972318339100346e-05,0.35447344183921814,1198.845050340791
2026-09-28T05:28:11,233,1.9719338715878508e-05,0.3640437722206116,1199.3775907486372
2026-09-28T05:28:38,234,1.971549404075356e-05,0.3826324939727783,1199.5626775297196
2026-09-28T05:29:07,235,1.9711649365628606e-05,0.38235658407211304,1199.9564970764873
2026-09-28T05:29:54,236,1.9707804690503653e-05,0.40731799602508545,1198.6342708128616
2026-09-28T05:30:43,237,1.9703960015378703e-05,0.40898406505584717,1197.2282404065488
2026-09-28T05:31:18,238,1.970011534025375e-05,0.36145877838134766,1197.118465378604
2026-09-28T05:31:39,239,1.9696270665128798e-05,0.30826207995414734,1197.6350710433458
2026-09-28T05:31:56,240,1.9692425990003848e-05,0.3096070885658264,1198.0627849344896
2026-09-28T05:32:14,241,1.9688581314878895e-05,0.3425953984260559,1198.6186967888946
2026-09-28T05:32:42,242,1.9684736639753943e-05,0.4393232762813568,1199.0296414587274
2026-09-28T05:33:37,243,1.968089196462899e-05,0.2942692041397095,1197.5591987120276
2026-09-28T05:34:14,244,1.967704728950404e-05,0.40050315856933594,1197.7557152183142
2026-09-28T05:35:04,245,1.9673202614379084e-05,0.3360600471496582,1197.4820092953992
2026-09-28T05:35:25,246,1.9669357939254135e-05,0.3757035732269287,1198.033587887792
2026-09-28T05:35:53,247,1.9665513264129185e-05,0.3961099684238434,1198.1660929372595
2026-09-28T05:36:41,248,1.966166858900423e-05,0.2957405149936676,1196.8721680595597
2026-09-28T05:37:36,249,1.965782391387928e-05,0.3696556091308594,1195.5635928693573
2026-09-28T05:38:06,250,1.9653979238754327e-05,0.3627316951751709,1195.810658434713
2026-09-28T05:38:18,251,1.9650134563629374e-05,0.29636356234550476,1196.2665253316443
2026-09-28T05:39:00,252,1.9646289888504424e-05,0.34451594948768616,1196.2613316002946
2026-09-28T05:39:16,253,1.964244521337947e-05,0.3758838176727295,1196.7427779067502
2026-09-28T05:40:05,254,1.963860053825452e-05,0.4060220420360565,1195.5399704091726
2026-09-28T05:40:50,255,1.9634755863129566e-05,0.3779923617839813,1195.0980574243363
2026-09-28T05:41:26,256,1.9630911188004616e-05,0.33509060740470886,1195.1578258446336
2026-09-28T05:41:58,257,1.9627066512879663e-05,0.3509880304336548,1195.546390884423
2026-09-28T05:42:39,258,1.962322183775471e-05,0.4148642420768738,1194.5339832411507
2026-09-28T05:42:52,259,1.961937716262976e-05,0.3597669005393982,1195.0548903690471
2026-09-28T05:43:05,260,1.9615532487504808e-05,0.37245774269104004,1195.4962657003382
2026-09-28T05:43:33,261,1.9611687812379855e-05,0.3577294945716858,1195.6750773678973
2026-09-28T05:44:04,262,1.9607843137254903e-05,0.3085545003414154,1195.865259777141
2026-09-28T05:44:24,263,1.9603998462129953e-05,0.35123175382614136,1196.2210210057435
2026-09-28T05:44:44,264,1.9600153787005e-05,0.3808066248893738,1196.6395045606857
2026-09-28T05:45:14,265,1.9596309111880047e-05,0.39502832293510437,1196.421420673952
2026-09-28T05:45:43,266,1.9592464436755098e-05,0.329181432723999,1196.7543929793683
2026-09-28T05:46:31,267,1.958861976163014e-05,0.3808659613132477,1195.7492032108705
2026-09-28T05:47:17,268,1.9584775086505192e-05,0.47776952385902405,1195.3997275617248
2026-09-28T05:47:46,269,1.958093041138024e-05,0.45365580916404724,1195.1659905247318
2026-09-28T05:48:08,270,1.9577085736255286e-05,0.29435402154922485,1195.7808906069658
2026-09-28T05:48:42,271,1.9573241061130337e-05,0.3668527603149414,1195.9959153460577
2026-09-28T05:48:56,272,1.9569396386005384e-05,0.32818982005119324,1196.4136624290143
2026-09-28T05:50:22,273,1.956555171088043e-05,0.35760778188705444,1194.126452403452
2026-09-28T05:50:45,274,1.956170703575548e-05,0.2899293899536133,1194.5594080861563
2026-09-28T05:51:33,275,1.955786236063053e-05,0.35365140438079834,1193.9467746722348
2026-09-28T05:52:20,276,1.9554017685505576e-05,0.38799870014190674,1193.3831434413128
2026-09-28T05:52:35,277,1.9550173010380623e-05,0.35136449337005615,1193.8880725621434
2026-09-28T05:53:39,278,1.9546328335255674e-05,0.32492631673812866,1192.641410043106
2026-09-28T05:54:06,279,1.954248366013072e-05,0.3641115427017212,1192.9350499889354
2026-09-28T05:54:44,280,1.9538638985005768e-05,0.36167335510253906,1192.834763903532
2026-09-28T05:55:29,281,1.9534794309880815e-05,0.34281402826309204,1192.4194540104488
2026-09-28T05:55:51,282,1.9530949634755866e-05,0.3496069312095642,1192.7878916124141
2026-09-28T05:56:38,283,1.9527104959630913e-05,0.32815223932266235,1191.7748053104708
2026-09-28T05:56:50,284,1.952326028450596e-05,0.35448384284973145,1192.1893187441715
2026-09-28T05:57:03,285,1.951941560938101e-05,0.30738380551338196,1192.694038197253
2026-09-28T05:57:23,286,1.9515570934256058e-05,0.34020864963531494,1193.131376743422
2026-09-28T05:58:09,287,1.9511726259131105e-05,0.41357505321502686,1192.554585911907
2026-09-28T05:58:48,288,1.9507881584006156e-05,0.38218289613723755,1192.2463222799256
2026-09-28T05:59:16,289,1.95040369088812e-05,0.46911197900772095,1192.2151006665986
2026-09-28T06:00:00,290,1.950019223375625e-05,0.41049811244010925,1191.6099343192452
2026-09-28T06:01:02,291,1.9496347558631297e-05,0.33236581087112427,1190.353452935057
2026-09-28T06:01:53,292,1.9492502883506344e-05,0.38965946435928345,1189.3372048589706
2026-09-28T06:02:24,293,1.948865820838139e-05,0.4079931080341339,1189.5692693107635
2026-09-28T06:02:40,294,1.9484813533256442e-05,0.3044227063655853,1189.9620160299326
2026-09-28T06:03:38,295,1.948096885813149e-05,0.40562573075294495,1188.8036843890018
2026-09-28T06:04:29,296,1.9477124183006536e-05,0.304046630859375,1187.7465313740267
2026-09-28T06:05:17,297,1.9473279507881587e-05,0.29662683606147766,1187.2404848810409
2026-09-28T06:05:52,298,1.9469434832756634e-05,0.533134937286377,1187.242075142644
2026-09-28T06:06:43,299,1.946559015763168e-05,0.3947787284851074,1186.5326775035996
2026-09-28T06:07:02,300,1.9461745482506728e-05,0.3947666883468628,1186.6679642881895
2026-09-28T06:07:14,301,1.945790080738178e-05,0.3121368885040283,1187.052989574509
2026-09-28T06:07:46,302,1.9454056132256826e-05,0.3644973635673523,1186.9689144850963
2026-09-28T06:08:06,303,1.9450211457131873e-05,0.298414409160614,1187.3179871419236
2026-09-28T06:08:46,304,1.9446366782006923e-05,0.23824083805084229,1187.0520825834085
2026-09-28T06:08:56,305,1.944252210688197e-05,0.32613644003868103,1187.3159234677714
2026-09-28T06:09:22,306,1.9438677431757018e-05,0.3805667757987976,1187.79202789274
2026-09-28T06:10:02,307,1.943483275663207e-05,0.32332858443260193,1187.8383604909786
2026-09-28T06:10:15,308,1.9430988081507115e-05,0.27330905199050903,1188.2020922168933
2026-09-28T06:10:59,309,1.9427143406382163e-05,0.4310453534126282,1187.1701681566663
2026-09-28T06:11:27,310,1.942329873125721e-05,0.3668806552886963,1187.305815940758
2026-09-28T06:11:51,311,1.941945405613226e-05,0.31491413712501526,1187.6470340928854
2026-09-28T06:12:12,312,1.9415609381007304e-05,0.36801615357398987,1188.0126042005586
2026-09-28T06:12:34,313,1.9411764705882355e-05,0.30994147062301636,1188.227522169626
2026-09-28T06:13:05,314,1.9407920030757402e-05,0.2685970664024353,1188.282881361504
2026-09-28T06:13:42,315,1.940407535563245e-05,0.3158910870552063,1188.2914077784098
2026-09-28T06:14:19,316,1.94002306805075e-05,0.38936060667037964,1188.0696447333298
2026-09-28T06:14:34,317,1.9396386005382547e-05,0.3328683376312256,1188.3840633088462
2026-09-28T06:14:49,318,1.9392541330257594e-05,0.3828551769256592,1188.8315785463174
2026-09-28T06:15:08,319,1.9388696655132644e-05,0.3204743266105652,1189.1081812551045
2026-09-28T06:15:56,320,1.938485198000769e-05,0.3324004113674164,1188.2764865010724
2026-09-28T06:16:30,321,1.938100730488274e-05,0.3710547685623169,1188.1217706178065
2026-09-28T06:16:55,322,1.9377162629757786e-05,0.31232407689094543,1188.438974952846
2026-09-28T06:17:10,323,1.9373317954632836e-05,0.3171843886375427,1188.7763698682422
2026-09-28T06:17:30,324,1.9369473279507883e-05,0.34093958139419556,1189.109324621882
2026-09-28T06:18:12,325,1.936562860438293e-05,0.3095671236515045,1188.9290388073796
2026-09-28T06:18:41,326,1.936178392925798e-05,0.2747492492198944,1188.8552275237096
2026-09-28T06:19:10,327,1.9357939254133028e-05,0.3546831011772156,1189.0820596556032
2026-09-28T06:19:30,328,1.9354094579008075e-05,0.36464500427246094,1189.4619948530192
2026-09-28T06:19:55,329,1.9350249903883123e-05,0.3184628486633301,1189.6171493637132
2026-09-28T06:20:11,330,1.9346405228758173e-05,0.3655185401439667,1189.8189244048428
2026-09-28T06:20:38,331,1.934256055363322e-05,0.34311437606811523,1189.9220073584747
2026-09-28T06:21:03,332,1.9338715878508267e-05,0.39382946491241455,1190.114475091007
2026-09-28T06:21:33,333,1.9334871203383318e-05,0.3619188666343689,1190.3443137872325
2026-09-28T06:21:53,334,1.9331026528258362e-05,0.2881638705730438,1190.4878185665966
2026-09-28T06:22:37,335,1.9327181853133412e-05,0.3190106153488159,1190.4080564620233
2026-09-28T06:23:10,336,1.932333717800846e-05,0.3968074321746826,1190.623102778359
2026-09-28T06:23:39,337,1.9319492502883507e-05,0.41256827116012573,1190.7497806783656
2026-09-28T06:23:57,338,1.9315647827758557e-05,0.4011259078979492,1191.0682619961058
2026-09-28T06:24:14,339,1.9311803152633604e-05,0.2895224392414093,1191.4445049218095
2026-09-28T06:25:03,340,1.930795847750865e-05,0.3878699541091919,1190.750095308301
2026-09-28T06:25:24,341,1.93041138023837e-05,0.32844480872154236,1191.1113738664744
2026-09-28T06:25:51,342,1.930026912725875e-05,0.41519302129745483,1191.4212949388323
2026-09-28T06:26:37,343,1.9296424452133796e-05,0.36427873373031616,1191.2136277960851
2026-09-28T06:27:35,344,1.9292579777008843e-05,0.37123459577560425,1190.4069407116415
2026-09-28T06:27:56,345,1.9288735101883894e-05,0.3211004137992859,1190.7852557413396
2026-09-28T06:28:15,346,1.928489042675894e-05,0.24862101674079895,1191.0754195028153
2026-09-28T06:28:25,347,1.9281045751633988e-05,0.275671124458313,1191.34465523725
2026-09-28T06:28:42,348,1.9277201076509035e-05,0.2792109251022339,1191.8300058272707
2026-09-28T06:29:21,349,1.9273356401384086e-05,0.31428682804107666,1191.5796895897513
2026-09-28T06:29:44,350,1.9269511726259133e-05,0.3842191696166992,1191.9921769049736
2026-09-28T06:30:05,351,1.926566705113418e-05,0.3283686637878418,1192.290612867741
2026-09-28T06:30:26,352,1.926182237600923e-05,0.34017226099967957,1192.566791742954
2026-09-28T06:30:45,353,1.9257977700884275e-05,0.2746809124946594,1192.8611393050294
2026-09-28T06:31:12,354,1.9254133025759325e-05,0.3276593089103699,1192.9888041456097
2026-09-28T06:32:06,355,1.9250288350634376e-05,0.31289997696876526,1192.0948338714884
2026-09-28T06:33:06,356,1.924644367550942e-05,0.42134153842926025,1191.2536082966787
2026-09-28T06:33:27,357,1.924259900038447e-05,0.3706620931625366,1191.4650301865595
2026-09-28T06:34:10,358,1.9238754325259517e-05,0.33502718806266785,1191.4509136339138
2026-09-28T06:34:29,359,1.9234909650134564e-05,0.2943962812423706,1191.8458528468757
2026-09-28T06:35:20,360,1.923106497500961e-05,0.3766581416130066,1191.550482211808
2026-09-28T06:35:58,361,1.9227220299884662e-05,0.3945825695991516,1191.648238556873
2026-09-28T06:36:15,362,1.922337562475971e-05,0.30933278799057007,1192.1122460675388
2026-09-28T06:37:02,363,1.9219530949634756e-05,0.31534290313720703,1191.4222611765333
2026-09-28T06:37:24,364,1.9215686274509807e-05,0.3716910183429718,1191.7936120565748
2026-09-28T06:37:37,365,1.9211841599384854e-05,0.3298746943473816,1192.1799139623952
2026-09-28T06:38:09,366,1.92079969242599e-05,0.2552735507488251,1192.1890473947906
2026-09-28T06:38:38,367,1.9204152249134948e-05,0.33969980478286743,1192.5506088736634
2026-09-28T06:39:00,368,1.920030757401e-05,0.323017954826355,1192.910217304002
2026-09-28T06:39:25,369,1.9196462898885046e-05,0.411338210105896,1193.155860656043
2026-09-28T06:39:38,370,1.9192618223760093e-05,0.2544845640659332,1193.4591215776823
2026-09-28T06:40:46,371,1.9188773548635144e-05,0.28302058577537537,1192.126692163067
2026-09-28T06:41:03,372,1.918492887351019e-05,0.31986305117607117,1192.454149979007
2026-09-28T06:41:25,373,1.9181084198385238e-05,0.2505604326725006,1192.6837376156939
2026-09-28T06:41:45,374,1.917723952326029e-05,0.32975447177886963,1192.983991375636
2026-09-28T06:42:17,375,1.9173394848135332e-05,0.3164910078048706,1193.0798776605627
2026-09-28T06:42:30,376,1.9169550173010383e-05,0.29330161213874817,1193.3885852560293
2026-09-28T06:42:53,377,1.916570549788543e-05,0.291323721408844,1193.7349689347254
2026-09-28T06:43:06,378,1.9161860822760477e-05,0.3264307975769043,1194.0784891617845
2026-09-28T06:43:47,379,1.9158016147635524e-05,0.5433660745620728,1193.8609231461705
2026-09-28T06:44:22,380,1.9154171472510575e-05,0.3927634358406067,1193.9539780246073
2026-09-28T06:44:54,381,1.9150326797385622e-05,0.3745808005332947,1194.0607645682878
2026-09-28T06:45:09,382,1.914648212226067e-05,0.2896468937397003,1194.46722529694
2026-09-28T06:45:22,383,1.914263744713572e-05,0.3499092161655426,1194.7550158224572
2026-09-28T06:46:19,384,1.9138792772010767e-05,0.3349575996398926,1193.9089186554045
2026-09-28T06:47:05,385,1.9134948096885814e-05,0.30556485056877136,1193.6778455814742
2026-09-28T06:47:28,386,1.9131103421760864e-05,0.348882794380188,1193.9583429191741
2026-09-28T06:48:07,387,1.912725874663591e-05,0.39448538422584534,1193.5559919054442
2026-09-28T06:48:26,388,1.912341407151096e-05,0.38560688495635986,1193.8159097207038
2026-09-28T06:48:55,389,1.9119569396386006e-05,0.2590692639350891,1193.8516111247284
2026-09-28T06:49:42,390,1.9115724721261056e-05,0.3181961178779602,1193.3690894153438
2026-09-28T06:50:48,391,1.9111880046136104e-05,0.41453778743743896,1192.518916704031
2026-09-28T06:51:06,392,1.910803537101115e-05,0.29085302352905273,1192.8208776122278
2026-09-28T06:52:03,393,1.91041906958862e-05,0.30881446599960327,1192.0675814539466
2026-09-28T06:52:23,394,1.910034602076125e-05,0.28859061002731323,1192.3750259463216
2026-09-28T06:52:57,395,1.9096501345636296e-05,0.31801196932792664,1192.4959776975036
2026-09-28T06:53:46,396,1.9092656670511343e-05,0.37022852897644043,1192.337009454239
2026-09-28T06:54:34,397,1.908881199538639e-05,0.36489027738571167,1191.7489771643116
2026-09-28T06:54:52,398,1.908496732026144e-05,0.29046303033828735,1191.9850148904295
2026-09-28T06:55:06,399,1.9081122645136488e-05,0.3591322898864746,1192.314090235488
2026-09-28T06:55:19,400,1.9077277970011535e-05,0.45924708247184753,1192.635759886007
2026-09-28T06:55:35,401,1.9073433294886582e-05,0.2797341048717499,1193.0609556202635
2026-09-28T06:55:46,402,1.9069588619761632e-05,0.29696154594421387,1193.3169141019312
2026-09-28T06:56:50,403,1.906574394463668e-05,0.44199231266975403,1192.3401297810444
2026-09-28T06:57:34,404,1.9061899269511727e-05,0.3468063473701477,1192.2443835803435
2026-09-28T06:58:06,405,1.9058054594386777e-05,0.2908795475959778,1192.1610126200214
2026-09-28T06:58:26,406,1.9054209919261824e-05,0.2939460575580597,1192.4260220703181
2026-09-28T06:59:11,407,1.905036524413687e-05,0.31286704540252686,1192.0066133616199
2026-09-28T06:59:24,408,1.904652056901192e-05,0.2730329632759094,1192.291005177897
2026-09-28T06:59:44,409,1.904267589388697e-05,0.2627374827861786,1192.621292797879
2026-09-28T07:00:04,410,1.9038831218762016e-05,0.29865336418151855,1192.8480767709018
2026-09-28T07:00:23,411,1.9034986543637064e-05,0.2937137484550476,1193.1345961001073
2026-09-28T07:00:35,412,1.9031141868512114e-05,0.3039742112159729,1193.359635963633
2026-09-28T07:01:22,413,1.902729719338716e-05,0.37131786346435547,1192.7373723322696
2026-09-28T07:01:42,414,1.902345251826221e-05,0.28244549036026,1193.0703531273812
2026-09-28T07:02:07,415,1.9019607843137255e-05,0.39634066820144653,1193.2493344952786
2026-09-28T07:02:24,416,1.9015763168012306e-05,0.33870160579681396,1193.5456654555762
2026-09-28T07:02:41,417,1.9011918492887353e-05,0.3207477331161499,1193.833483749088
2026-09-28T07:03:43,418,1.90080738177624e-05,0.3244023025035858,1193.017553508476
2026-09-28T07:03:56,419,1.900422914263745e-05,0.35202640295028687,1193.3648111236869
2026-09-28T07:04:08,420,1.9000384467512495e-05,0.3651755452156067,1193.637451921459
2026-09-28T07:04:27,421,1.8996539792387545e-05,0.24318307638168335,1193.8329950634434
2026-09-28T07:04:40,422,1.8992695117262592e-05,0.3164382874965668,1194.1835776886103
2026-09-28T07:04:56,423,1.898885044213764e-05,0.4069904088973999,1194.4177073504222
2026-09-28T07:05:15,424,1.898500576701269e-05,0.3301163911819458,1194.8053532021804
2026-09-28T07:05:39,425,1.8981161091887737e-05,0.3362767696380615,1194.95248822741
2026-09-28T07:05:59,426,1.8977316416762784e-05,0.3041634261608124,1195.2505267456377
2026-09-28T07:06:49,427,1.897347174163783e-05,0.4244855046272278,1194.5916118719706
2026-09-28T07:07:27,428,1.8969627066512882e-05,0.3568159341812134,1194.283448659463
2026-09-28T07:07:52,429,1.896578239138793e-05,0.33024758100509644,1194.4313386123167
2026-09-28T07:08:19,430,1.8961937716262976e-05,0.3127884864807129,1194.6221379316376
2026-09-28T07:09:17,431,1.8958093041138027e-05,0.36823394894599915,1193.8036478109657
2026-09-28T07:09:34,432,1.8954248366013074e-05,0.3582967221736908,1194.1296198389607
2026-09-28T07:10:31,433,1.895040369088812e-05,0.41179776191711426,1193.5526785367633
2026-09-28T07:10:53,434,1.8946559015763168e-05,0.45124801993370056,1193.808529992818
2026-09-28T07:11:18,435,1.894271434063822e-05,0.34295445680618286,1194.1645853120044
2026-09-28T07:12:09,436,1.8938869665513266e-05,0.3151094317436218,1193.6136781325524
2026-09-28T07:12:30,437,1.8935024990388313e-05,0.3851858079433441,1193.8647578729558
2026-09-28T07:12:45,438,1.8931180315263364e-05,0.3188192844390869,1194.0797152567295
2026-09-28T07:13:05,439,1.8927335640138407e-05,0.32731831073760986,1194.3079250728665
2026-09-28T07:13:56,440,1.8923490965013458e-05,0.4320523142814636,1193.961662023982
2026-09-28T07:14:33,441,1.891964628988851e-05,0.38763803243637085,1193.5743325650517
2026-09-28T07:14:59,442,1.8915801614763552e-05,0.34102028608322144,1193.8427138491118
2026-09-28T07:15:13,443,1.8911956939638603e-05,0.2891128659248352,1194.0140185508947
2026-09-28T07:15:30,444,1.890811226451365e-05,0.2906588315963745,1194.431815841732
2026-09-28T07:15:50,445,1.8904267589388697e-05,0.3367372155189514,1194.6322081438036
2026-09-28T07:16:30,446,1.8900422914263744e-05,0.2553081512451172,1194.2115954802418
2026-09-28T07:17:09,447,1.8896578239138795e-05,0.3821236491203308,1194.1660483929247
2026-09-28T07:17:38,448,1.8892733564013842e-05,0.33362096548080444,1194.3297285294866
2026-09-28T07:18:05,449,1.888888888888889e-05,0.39087367057800293,1194.491361890557
2026-09-28T07:18:22,450,1.888504421376394e-05,0.30789846181869507,1194.701453716735
2026-09-28T07:19:35,451,1.8881199538638987e-05,0.3595694899559021,1193.5330595182932
2026-09-28T07:20:25,452,1.8877354863514034e-05,0.3601045310497284,1192.7966397026871
2026-09-28T07:21:13,453,1.8873510188389084e-05,0.31476038694381714,1192.5125160817386
2026-09-28T07:22:18,454,1.886966551326413e-05,0.3392553925514221,1191.7842705186642
2026-09-28T07:22:45,455,1.886582083813918e-05,0.33830422163009644,1191.6122971628695
2026-09-28T07:23:33,456,1.8861976163014226e-05,0.35497865080833435,1191.050383042949
2026-09-28T07:24:48,457,1.8858131487889276e-05,0.4616892337799072,1190.0496789436384
2026-09-28T07:25:19,458,1.885428681276432e-05,0.2991619110107422,1190.1547341667997
2026-09-28T07:26:13,459,1.885044213763937e-05,0.29842180013656616,1189.6853403743708
2026-09-28T07:26:45,460,1.884659746251442e-05,0.3321502208709717,1189.8156699019214
2026-09-28T07:27:05,461,1.8842752787389465e-05,0.29262465238571167,1190.1780039711132
2026-09-28T07:27:35,462,1.8838908112264516e-05,0.38528305292129517,1190.2758933524167
2026-09-28T07:28:29,463,1.8835063437139563e-05,0.4067162573337555,1189.5248007286714
2026-09-28T07:29:07,464,1.883121876201461e-05,0.26494893431663513,1189.667662900783
2026-09-28T07:29:54,465,1.882737408688966e-05,0.25821033120155334,1189.3485045246573
2026-09-28T07:30:14,466,1.8823529411764708e-05,0.2757309079170227,1189.576258105128
2026-09-28T07:30:31,467,1.8819684736639755e-05,0.30279505252838135,1189.7822607633718
2026-09-28T07:30:44,468,1.8815840061514802e-05,0.40870606899261475,1190.017113857638
2026-09-28T07:31:02,469,1.8811995386389852e-05,0.3298759460449219,1190.3395500599768
2026-09-28T07:31:15,470,1.88081507112649e-05,0.25673896074295044,1190.633271938655
2026-09-28T07:31:36,471,1.8804306036139947e-05,0.32542091608047485,1190.853322386379
2026-09-28T07:32:11,472,1.8800461361014997e-05,0.33451640605926514,1190.9715520423774
2026-09-28T07:32:37,473,1.8796616685890044e-05,0.31218254566192627,1191.1019274219661
2026-09-28T07:32:54,474,1.879277201076509e-05,0.32683974504470825,1191.480022041389
2026-09-28T07:33:15,475,1.878892733564014e-05,0.29477888345718384,1191.5838389419052
2026-09-28T07:34:30,476,1.878508266051519e-05,0.2568295896053314,1190.3590197579163
2026-09-28T07:34:58,477,1.8781237985390236e-05,0.321428507566452,1190.6079049058562
2026-09-28T07:35:33,478,1.8777393310265284e-05,0.39129865169525146,1190.7441228127786
2026-09-28T07:35:57,479,1.8773548635140334e-05,0.27556127309799194,1190.885860299056
2026-09-28T07:36:25,480,1.876970396001538e-05,0.3203725516796112,1190.95499271576
2026-09-28T07:36:45,481,1.876585928489043e-05,0.32385826110839844,1191.2189967467507
2026-09-28T07:38:02,482,1.8762014609765476e-05,0.49190664291381836,1190.2034593785545
2026-09-28T07:38:24,483,1.8758169934640523e-05,0.34911033511161804,1190.5251241496646
2026-09-28T07:38:43,484,1.8754325259515573e-05,0.314059317111969,1190.8056594541235
2026-09-28T07:39:40,485,1.875048058439062e-05,0.33082902431488037,1190.3215841166018
2026-09-28T07:40:07,486,1.8746635909265668e-05,0.34699901938438416,1190.4126414870036
2026-09-28T07:40:36,487,1.8742791234140715e-05,0.3638003468513489,1190.6007210737744
2026-09-28T07:41:04,488,1.8738946559015765e-05,0.3616907596588135,1190.7939917606043
2026-09-28T07:42:15,489,1.8735101883890812e-05,0.4062892198562622,1189.9112959152963
2026-09-28T07:42:37,490,1.873125720876586e-05,0.4019376039505005,1190.1472960817623
2026-09-28T07:43:05,491,1.872741253364091e-05,0.28156569600105286,1190.2928625419813
2026-09-28T07:43:18,492,1.8723567858515957e-05,0.27975893020629883,1190.4815755950797
2026-09-28T07:43:38,493,1.8719723183391004e-05,0.33814144134521484,1190.7095069352515
2026-09-28T07:43:59,494,1.871587850826605e-05,0.2998402416706085,1190.9748550808338
2026-09-28T07:45:01,495,1.8712033833141102e-05,0.3250635862350464,1190.2544775223412
2026-09-28T07:45:12,496,1.870818915801615e-05,0.27429401874542236,1190.4576491351202
2026-09-28T07:46:02,497,1.8704344482891196e-05,0.40332818031311035,1190.2684307377046
2026-09-28T07:46:15,498,1.8700499807766247e-05,0.2878077030181885,1190.531245062728
2026-09-28T07:46:42,499,1.8696655132641294e-05,0.3674970865249634,1190.7341574564082
2026-09-28T07:47:38,500,1.869281045751634e-05,0.3043053150177002,1190.2632258587207
2026-09-28T07:48:08,501,1.868896578239139e-05,0.3573462963104248,1190.351360280642
2026-09-28T07:48:49,502,1.868512110726644e-05,0.2600339949131012,1190.2747602926695
2026-09-28T07:49:16,503,1.8681276432141486e-05,0.3577045798301697,1190.2289842076796
2026-09-28T07:49:35,504,1.8677431757016533e-05,0.32414108514785767,1190.5327349950276
2026-09-28T07:49:51,505,1.8673587081891584e-05,0.3584444522857666,1190.838842915987
2026-09-28T07:50:26,506,1.8669742406766628e-05,0.3454876244068146,1190.8803278060293
2026-09-28T07:50:57,507,1.8665897731641678e-05,0.2990940809249878,1191.064319839844
2026-09-28T07:51:17,508,1.8662053056516725e-05,0.293218195438385,1191.3023670898458
2026-09-28T07:51:39,509,1.8658208381391772e-05,0.32744282484054565,1191.4903235997367
2026-09-28T07:52:04,510,1.8654363706266823e-05,0.30956780910491943,1191.6725442653742
2026-09-28T07:52:55,511,1.865051903114187e-05,0.35109415650367737,1191.226583931049
2026-09-28T07:53:14,512,1.8646674356016917e-05,0.25756457448005676,1191.4322261166678
2026-09-28T07:53:35,513,1.8642829680891964e-05,0.2979447841644287,1191.6144066568531
2026-09-28T07:54:30,514,1.8638985005767015e-05,0.2967031002044678,1191.131912754407
2026-09-28T07:54:57,515,1.8635140330642062e-05,0.40570902824401855,1191.0682020468898
2026-09-28T07:55:54,516,1.863129565551711e-05,0.36390841007232666,1190.6724046514598
2026-09-28T07:56:39,517,1.862745098039216e-05,0.3686358630657196,1190.3959404242248
2026-09-28T07:57:13,518,1.8623606305267207e-05,0.3094524145126343,1190.3993009522037
2026-09-28T07:57:33,519,1.8619761630142254e-05,0.34375929832458496,1190.7234781602795
2026-09-28T07:57:59,520,1.8615916955017305e-05,0.3580288290977478,1190.991302061963
2026-09-28T07:58:39,521,1.8612072279892352e-05,0.4169136583805084,1190.9062498177161
2026-09-28T07:59:06,522,1.86082276047674e-05,0.30756619572639465,1191.0228092947505
2026-09-28T07:59:32,523,1.8604382929642446e-05,0.2829444706439972,1191.2415633796325
2026-09-28T07:59:56,524,1.8600538254517497e-05,0.33232083916664124,1191.469710037509
2026-09-28T08:01:04,525,1.859669357939254e-05,0.3694000840187073,1190.729317151915
2026-09-28T08:01:31,526,1.859284890426759e-05,0.28372281789779663,1190.886814476436
2026-09-28T08:02:05,527,1.858900422914264e-05,0.39911949634552,1190.9672375023656
2026-09-28T08:02:16,528,1.8585159554017685e-05,0.24304071068763733,1191.1594750808251
2026-09-28T08:02:44,529,1.8581314878892736e-05,0.332285612821579,1191.2760315236826
2026-09-28T08:03:24,530,1.8577470203767783e-05,0.39940840005874634,1191.1598050406483
2026-09-28T08:03:38,531,1.857362552864283e-05,0.26854148507118225,1191.362040333892
2026-09-28T08:04:41,532,1.856978085351788e-05,0.33582112193107605,1190.736621998168
2026-09-28T08:05:02,533,1.8565936178392928e-05,0.30398592352867126,1190.9156548272178
2026-09-28T08:05:40,534,1.8562091503267975e-05,0.26688772439956665,1190.994188675318
2026-09-28T08:06:40,535,1.8558246828143022e-05,0.2768544554710388,1190.4751425879033
2026-09-28T08:07:33,536,1.8554402153018073e-05,0.3816957473754883,1189.9147233096264
2026-09-28T08:07:55,537,1.855055747789312e-05,0.2678212523460388,1190.2014696323986
2026-09-28T08:08:18,538,1.8546712802768167e-05,0.31782037019729614,1190.3609642472493
2026-09-28T08:08:40,539,1.8542868127643217e-05,0.3290191888809204,1190.520562061153
2026-09-28T08:08:54,540,1.8539023452518265e-05,0.26675844192504883,1190.7762248934168
2026-09-28T08:09:11,541,1.8535178777393312e-05,0.2227797508239746,1191.1054699947226
2026-09-28T08:10:17,542,1.853133410226836e-05,0.3010904788970947,1190.5574471423365
2026-09-28T08:10:51,543,1.852748942714341e-05,0.3767542243003845,1190.6253757846068
2026-09-28T08:11:16,544,1.8523644752018457e-05,0.30046892166137695,1190.8256201439556
2026-09-28T08:11:52,545,1.8519800076893504e-05,0.3965892791748047,1190.8089095506489
2026-09-28T08:12:11,546,1.8515955401768554e-05,0.39961299300193787,1190.8594139666804
2026-09-28T08:12:44,547,1.8512110726643598e-05,0.39907193183898926,1190.8541696682787
2026-09-28T08:13:10,548,1.850826605151865e-05,0.2290935218334198,1190.8281571431664
2026-09-28T08:13:39,549,1.8504421376393696e-05,0.301765501499176,1190.9349963274863
2026-09-28T08:14:24,550,1.8500576701268743e-05,0.2777833640575409,1190.3517955412933
2026-09-28T08:14:44,551,1.8496732026143793e-05,0.34898653626441956,1190.55772984229
2026-09-28T08:14:59,552,1.849288735101884e-05,0.2901739478111267,1190.7302637754237
2026-09-28T08:15:32,553,1.8489042675893888e-05,0.32448112964630127,1190.7834005971865
2026-09-28T08:16:29,554,1.8485198000768935e-05,0.34486281871795654,1190.3418316726104
2026-09-28T08:17:03,555,1.8481353325643985e-05,0.3452056646347046,1190.219330315451
2026-09-28T08:18:37,556,1.8477508650519033e-05,0.42426034808158875,1188.9953431710537
2026-09-28T08:18:57,557,1.847366397539408e-05,0.3198022246360779,1189.2184682845004
2026-09-28T08:19:32,558,1.846981930026913e-05,0.3739117980003357,1189.2364498423372
2026-09-28T08:19:47,559,1.8465974625144177e-05,0.32619622349739075,1189.3825420948053
2026-09-28T08:20:05,560,1.8462129950019225e-05,0.3053341507911682,1189.585153082209
2026-09-28T08:20:19,561,1.845828527489427e-05,0.28824642300605774,1189.8544702431398
2026-09-28T08:20:32,562,1.8454440599769322e-05,0.2665179371833801,1190.0993237342946
2026-09-28T08:21:05,563,1.845059592464437e-05,0.3034389615058899,1189.9257617877877
2026-09-28T08:21:39,564,1.8446751249519416e-05,0.28798002004623413,1189.9743473214014
2026-09-28T08:21:58,565,1.8442906574394467e-05,0.32837408781051636,1190.1452337417747
2026-09-28T08:22:36,566,1.8439061899269514e-05,0.39503034949302673,1190.1619720709118
2026-09-28T08:23:01,567,1.843521722414456e-05,0.30237817764282227,1190.3404035520282
2026-09-28T08:23:22,568,1.843137254901961e-05,0.3073485493659973,1190.6375811988657
2026-09-28T08:23:41,569,1.8427527873894656e-05,0.27714240550994873,1190.8603813492198
2026-09-28T08:24:06,570,1.8423683198769706e-05,0.31827402114868164,1191.058295577444
2026-09-28T08:24:22,571,1.8419838523644753e-05,0.32913661003112793,1191.183876389203
2026-09-28T08:24:46,572,1.84159938485198e-05,0.36868682503700256,1191.4376452221964
2026-09-28T08:25:36,573,1.8412149173394848e-05,0.3029298484325409,1190.9723406288897
2026-09-28T08:25:57,574,1.8408304498269898e-05,0.27624937891960144,1191.0694273058925
2026-09-28T08:26:30,575,1.8404459823144945e-05,0.24746720492839813,1191.0799352150555
2026-09-28T08:26:57,576,1.8400615148019992e-05,0.2926749587059021,1191.242226357081
2026-09-28T08:27:11,577,1.8396770472895043e-05,0.2834899127483368,1191.3967349322372
2026-09-28T08:27:29,578,1.839292579777009e-05,0.2633466124534607,1191.5867660930037
2026-09-28T08:28:36,579,1.8389081122645137e-05,0.31468361616134644,1190.8532006722587
2026-09-28T08:28:56,580,1.8385236447520184e-05,0.296104371547699,1191.0647967093335
2026-09-28T08:29:18,581,1.8381391772395235e-05,0.3359876871109009,1191.2449192637005
2026-09-28T08:30:21,582,1.8377547097270282e-05,0.2881346642971039,1190.4956152358618
2026-09-28T08:31:17,583,1.837370242214533e-05,0.33690738677978516,1189.8780360295777
2026-09-28T08:31:25,584,1.836985774702038e-05,0.282064825296402,1189.9474727208594
2026-09-28T08:31:44,585,1.8366013071895427e-05,0.3386210501194,1190.17024808706
2026-09-28T08:32:52,586,1.8362168396770474e-05,0.32443058490753174,1189.5829974077449
2026-09-28T08:33:16,587,1.8358323721645525e-05,0.35007959604263306,1189.7764781113033
2026-09-28T08:33:44,588,1.8354479046520572e-05,0.34295210242271423,1189.9390098217666
2026-09-28T08:34:03,589,1.835063437139562e-05,0.3249523639678955,1190.1537079401442
2026-09-28T08:34:31,590,1.8346789696270666e-05,0.29619306325912476,1190.3224380003817
2026-09-28T08:35:10,591,1.8342945021145713e-05,0.3276711404323578,1190.081215409477
2026-09-28T08:35:23,592,1.833910034602076e-05,0.2721298635005951,1190.2696581562284
2026-09-28T08:35:42,593,1.833525567089581e-05,0.36895236372947693,1190.5356432312078
2026-09-28T08:36:02,594,1.8331410995770858e-05,0.2794332802295685,1190.6744949662611
2026-09-28T08:36:59,595,1.8327566320645905e-05,0.3646618723869324,1190.2090005358828
2026-09-28T08:37:19,596,1.8323721645520956e-05,0.29762187600135803,1190.3906316951395
2026-09-28T08:37:32,597,1.8319876970396003e-05,0.3319956660270691,1190.6217585490983
2026-09-28T08:37:47,598,1.831603229527105e-05,0.34204116463661194,1190.8674531570784
2026-09-28T08:38:22,599,1.83121876201461e-05,0.32554152607917786,1190.7749750045484
2026-09-28T08:38:42,600,1.8308342945021148e-05,0.33449020981788635,1190.9732655060586
2026-09-28T08:39:12,601,1.8304498269896195e-05,0.30887413024902344,1191.0890481254983
2026-09-28T08:39:51,602,1.8300653594771242e-05,0.3162447214126587,1190.8885873459426
2026-09-28T08:40:21,603,1.8296808919646293e-05,0.3269982933998108,1190.934135135846
2026-09-28T08:40:42,604,1.829296424452134e-05,0.3568038046360016,1191.0415774332332
2026-09-28T08:41:10,605,1.8289119569396387e-05,0.4163742661476135,1191.1338901203187
2026-09-28T08:42:03,606,1.8285274894271437e-05,0.3851308822631836,1190.6358776445613
2026-09-28T08:42:52,607,1.8281430219146485e-05,0.320107102394104,1190.502704545344
2026-09-28T08:43:11,608,1.8277585544021532e-05,0.2837466597557068,1190.6714032042862
2026-09-28T08:43:35,609,1.827374086889658e-05,0.2875954806804657,1190.8365983720716
2026-09-28T08:43:55,610,1.826989619377163e-05,0.2617186903953552,1191.0459658924813
2026-09-28T08:44:14,611,1.8266051518646677e-05,0.290131539106369,1191.1825153902485
2026-09-28T08:44:37,612,1.8262206843521724e-05,0.2812626361846924,1191.3797084931578
2026-09-28T08:44:49,613,1.8258362168396774e-05,0.25501948595046997,1191.5788605579783
2026-09-28T08:45:13,614,1.8254517493271818e-05,0.27130255103111267,1191.6631948941656
2026-09-28T08:45:33,615,1.825067281814687e-05,0.2867356240749359,1191.8465952404945
2026-09-28T08:45:43,616,1.8246828143021916e-05,0.2851278781890869,1191.9860018709624
2026-09-28T08:46:26,617,1.8242983467896963e-05,0.22746989130973816,1191.88436594591
2026-09-28T08:46:50,618,1.8239138792772013e-05,0.3108878433704376,1192.1093600564457
2026-09-28T08:47:26,619,1.823529411764706e-05,0.3567282557487488,1192.1334878520936
2026-09-28T08:47:56,620,1.8231449442522108e-05,0.40394264459609985,1192.2388146509784
2026-09-28T08:48:14,621,1.8227604767397155e-05,0.3574429750442505,1192.4332903995228
2026-09-28T08:48:31,622,1.8223760092272205e-05,0.39938196539878845,1192.641736889638
2026-09-28T08:48:46,623,1.8219915417147253e-05,0.24854783713817596,1192.8247417513774
2026-09-28T08:49:30,624,1.82160707420223e-05,0.34795626997947693,1192.7243901982145
2026-09-28T08:49:43,625,1.821222606689735e-05,0.2662152945995331,1192.8985166987648
2026-09-28T08:49:55,626,1.8208381391772397e-05,0.29485824704170227,1193.0310810432861
2026-09-28T08:50:30,627,1.8204536716647445e-05,0.35879945755004883,1192.7549752390871
2026-09-28T08:51:02,628,1.8200692041522492e-05,0.31711745262145996,1192.8859415486384
2026-09-28T08:51:43,629,1.8196847366397542e-05,0.3272460401058197,1192.5014372240382
2026-09-28T08:52:39,630,1.819300269127259e-05,0.3625890612602234,1192.2925507835412
2026-09-28T08:53:20,631,1.8189158016147637e-05,0.310647577047348,1192.134456271057
2026-09-28T08:54:20,632,1.8185313341022687e-05,0.24798652529716492,1191.8175288316997
2026-09-28T08:54:39,633,1.818146866589773e-05,0.3007682263851166,1192.037421515696
2026-09-28T08:54:57,634,1.817762399077278e-05,0.3631846010684967,1192.2457024836838
2026-09-28T08:55:16,635,1.817377931564783e-05,0.3039840757846832,1192.5381040890938
2026-09-28T08:55:35,636,1.8169934640522876e-05,0.28275853395462036,1192.6232339642725
2026-09-28T08:56:31,637,1.8166089965397926e-05,0.35772866010665894,1192.2820648212764
2026-09-28T08:57:21,638,1.8162245290272973e-05,0.3507741093635559,1191.8834991290587
2026-09-28T08:57:44,639,1.815840061514802e-05,0.29299065470695496,1192.0520967214843
2026-09-28T08:58:09,640,1.8154555940023068e-05,0.29873138666152954,1192.1386540920387
2026-09-28T08:58:51,641,1.8150711264898118e-05,0.35763177275657654,1192.0389472631098
2026-09-28T08:59:15,642,1.8146866589773165e-05,0.35853326320648193,1192.1867388671828
2026-09-28T09:00:08,643,1.8143021914648213e-05,0.3646024465560913,1191.6478735803753
2026-09-28T09:00:22,644,1.8139177239523263e-05,0.3353724777698517,1191.781163707937
2026-09-28T09:00:34,645,1.813533256439831e-05,0.28417477011680603,1191.986365770185
2026-09-28T09:01:15,646,1.8131487889273357e-05,0.3679376542568207,1191.6769732358691
2026-09-28T09:01:55,647,1.8127643214148405e-05,0.3453562259674072,1191.7198428133038
2026-09-28T09:02:08,648,1.8123798539023455e-05,0.29405149817466736,1191.9279997002245
2026-09-28T09:02:47,649,1.8119953863898502e-05,0.4374595284461975,1191.752561642493
2026-09-28T09:02:58,650,1.811610918877355e-05,0.2518971562385559,1191.9155098538022
2026-09-28T09:03:20,651,1.81122645136486e-05,0.3886777460575104,1191.9111634171536
2026-09-28T09:03:48,652,1.8108419838523644e-05,0.2872600853443146,1192.0956081690508
2026-09-28T09:04:39,653,1.8104575163398694e-05,0.38445165753364563,1191.7734996858321
2026-09-28T09:04:56,654,1.8100730488273745e-05,0.3499910533428192,1191.9200263961218
2026-09-28T09:05:05,655,1.809688581314879e-05,0.26615965366363525,1192.0131127907257
2026-09-28T09:05:25,656,1.809304113802384e-05,0.32927578687667847,1192.1791955423164
2026-09-28T09:05:37,657,1.8089196462898886e-05,0.2817714214324951,1192.3615499449916
2026-09-28T09:06:12,658,1.8085351787773933e-05,0.31363216042518616,1192.1555236003505
2026-09-28T09:06:39,659,1.808150711264898e-05,0.30808165669441223,1192.3220717869451
2026-09-28T09:08:01,660,1.807766243752403e-05,0.37532633543014526,1191.2990892823439
2026-09-28T09:08:56,661,1.8073817762399078e-05,0.3637809753417969,1190.9063590431256
2026-09-28T09:09:19,662,1.8069973087274125e-05,0.3634483814239502,1191.125924541686
2026-09-28T09:09:31,663,1.8066128412149176e-05,0.23745927214622498,1191.3231306436498
2026-09-28T09:10:20,664,1.8062283737024223e-05,0.3357865810394287,1191.0776288165214
2026-09-28T09:10:45,665,1.805843906189927e-05,0.35458365082740784,1191.3125198466812
2026-09-28T09:11:54,666,1.805459438677432e-05,0.3997648358345032,1190.6796614683954
2026-09-28T09:12:22,667,1.8050749711649368e-05,0.2967013716697693,1190.732820204976
2026-09-28T09:12:57,668,1.8046905036524415e-05,0.35662153363227844,1190.7803580171212
2026-09-28T09:13:39,669,1.8043060361399462e-05,0.36300158500671387,1190.7856262699052
2026-09-28T09:14:28,670,1.8039215686274513e-05,0.45814287662506104,1190.6019519677116
2026-09-28T09:14:45,671,1.803537101114956e-05,0.2790259122848511,1190.7121417876926
2026-09-28T09:15:29,672,1.8031526336024607e-05,0.30586880445480347,1190.2259154214828
2026-09-28T09:15:40,673,1.8027681660899658e-05,0.39398831129074097,1190.3492620172924
2026-09-28T09:16:01,674,1.8023836985774705e-05,0.2320830523967743,1190.5467809892912
2026-09-28T09:16:28,675,1.8019992310649752e-05,0.3241835832595825,1190.5984310046003
2026-09-28T09:16:58,676,1.80161476355248e-05,0.38307416439056396,1190.698693260674
2026-09-28T09:17:24,677,1.8012302960399846e-05,0.3797280788421631,1190.6926194739483
2026-09-28T09:17:59,678,1.8008458285274897e-05,0.240073099732399,1190.7236949720948
2026-09-28T09:19:21,679,1.8004613610149944e-05,0.35411936044692993,1189.7641238489625
2026-09-28T09:19:40,680,1.800076893502499e-05,0.29979369044303894,1189.9982229478373
2026-09-28T09:21:07,681,1.7996924259900038e-05,0.45250627398490906,1188.98908968729
2026-09-28T09:21:43,682,1.799307958477509e-05,0.26032906770706177,1189.0191486190183
2026-09-28T09:22:17,683,1.7989234909650136e-05,0.30007264018058777,1188.9853298319604
2026-09-28T09:22:49,684,1.7985390234525183e-05,0.29189741611480713,1188.9399176739166
2026-09-28T09:23:12,685,1.7981545559400234e-05,0.3468095362186432,1189.0783427340682
2026-09-28T09:23:28,686,1.797770088427528e-05,0.3333496153354645,1189.3178703184758
2026-09-28T09:24:26,687,1.7973856209150328e-05,0.359996497631073,1188.8899828514384
2026-09-28T09:24:50,688,1.7970011534025375e-05,0.340242475271225,1189.0345327651921
2026-09-28T09:25:05,689,1.7966166858900426e-05,0.27267885208129883,1189.2201348393191
2026-09-28T09:25:19,690,1.7962322183775473e-05,0.3428040146827698,1189.3956275152486
2026-09-28T09:25:42,691,1.795847750865052e-05,0.32091546058654785,1189.549868353136
2026-09-28T09:26:02,692,1.795463283352557e-05,0.3052993416786194,1189.7677703521852
2026-09-28T09:27:20,693,1.7950788158400618e-05,0.369958758354187,1188.7326543670013
2026-09-28T09:27:36,694,1.7946943483275665e-05,0.279793381690979,1188.9798387235533
2026-09-28T09:28:04,695,1.7943098808150712e-05,0.2914997935295105,1189.0930001625222
2026-09-28T09:28:26,696,1.7939254133025762e-05,0.30523911118507385,1189.2575250412347
2026-09-28T09:29:11,697,1.793540945790081e-05,0.3408696949481964,1188.8374492867265
2026-09-28T09:29:59,698,1.7931564782775857e-05,0.29972702264785767,1188.4125307433383
2026-09-28T09:30:13,699,1.7927720107650907e-05,0.27930301427841187,1188.5541103148037
2026-09-28T09:30:37,700,1.792387543252595e-05,0.3064386546611786,1188.6999750073064
2026-09-28T09:30:49,701,1.7920030757401e-05,0.25493675470352173,1188.8696307193854
2026-09-28T09:31:02,702,1.791618608227605e-05,0.32350677251815796,1189.0682834822655
2026-09-28T09:31:50,703,1.7912341407151096e-05,0.3435712456703186,1188.7133855037334
2026-09-28T09:32:32,704,1.7908496732026146e-05,0.3082817792892456,1188.667310179195
2026-09-28T09:32:45,705,1.7904652056901194e-05,0.19671323895454407,1188.8474245303032
2026-09-28T09:33:16,706,1.790080738177624e-05,0.344020813703537,1188.9348623783817
2026-09-28T09:34:15,707,1.7896962706651288e-05,0.27702197432518005,1188.4240153131075
2026-09-28T09:36:18,708,1.789311803152634e-05,0.3406219482421875,1183.2957761562398
2026-09-28T09:36:29,709,1.7889273356401386e-05,0.2690676748752594,1183.4390956513441
2026-09-28T09:36:48,710,1.7885428681276433e-05,0.21446779370307922,1183.6096175536227
2026-09-28T09:37:00,711,1.7881584006151483e-05,0.2717951536178589,1183.7575161054895
2026-09-28T09:37:48,712,1.787773933102653e-05,0.3080109655857086,1183.2331767451606
2026-09-28T09:38:28,713,1.7873894655901577e-05,0.3947218954563141,1183.2166884475996
2026-09-28T09:38:40,714,1.7870049980776625e-05,0.21475446224212646,1183.3767551949265
2026-09-28T09:39:05,715,1.7866205305651675e-05,0.370114266872406,1183.5148430512172
2026-09-28T09:39:50,716,1.7862360630526722e-05,0.36361798644065857,1183.1148497124593
2026-09-28T09:40:26,717,1.785851595540177e-05,0.371309757232666,1183.2154209732328
2026-09-28T09:40:54,718,1.785467128027682e-05,0.3234976530075073,1183.2547175242687
2026-09-28T09:41:19,719,1.7850826605151864e-05,0.3847344219684601,1183.3469338165175
2026-09-28T09:41:36,720,1.7846981930026914e-05,0.2922428250312805,1183.4751959064154
2026-09-28T09:41:56,721,1.7843137254901965e-05,0.32867512106895447,1183.695380135272
2026-09-28T09:43:01,722,1.783929257977701e-05,0.37786534428596497,1183.3103337355046
2026-09-28T09:43:15,723,1.783544790465206e-05,0.28509262204170227,1183.504860936976
2026-09-28T09:44:03,724,1.7831603229527106e-05,0.32043784856796265,1183.2235166165476
2026-09-28T09:45:22,725,1.7827758554402153e-05,0.29972222447395325,1182.6020724900027
2026-09-28T09:46:01,726,1.78239138792772e-05,0.36195164918899536,1182.5193240397978
2026-09-28T09:46:31,727,1.782006920415225e-05,0.3413633108139038,1182.530715708165
2026-09-28T09:46:44,728,1.78162245290273e-05,0.2685362994670868,1182.6861062517053
2026-09-28T09:47:02,729,1.7812379853902345e-05,0.2908792197704315,1182.8448917257926
2026-09-28T09:47:14,730,1.7808535178777396e-05,0.34669774770736694,1182.9962898366737
2026-09-28T09:47:27,731,1.7804690503652443e-05,0.3071240782737732,1183.1538688806934
2026-09-28T09:47:46,732,1.780084582852749e-05,0.23731108009815216,1183.4077454682347
2026-09-28T09:48:18,733,1.779700115340254e-05,0.33523908257484436,1183.4401635793743
2026-09-28T09:48:29,734,1.7793156478277588e-05,0.27878886461257935,1183.5604712638374
2026-09-28T09:48:59,735,1.7789311803152635e-05,0.3142417371273041,1183.6904614287396
2026-09-28T09:50:04,736,1.7785467128027682e-05,0.40126222372055054,1183.2453974890477
2026-09-28T09:50:20,737,1.7781622452902733e-05,0.3034812808036804,1183.3885936939453
2026-09-28T09:51:01,738,1.7777777777777777e-05,0.389032244682312,1183.3414061280619
2026-09-28T09:51:19,739,1.7773933102652827e-05,0.3326685428619385,1183.563361857266
2026-09-28T09:51:45,740,1.7770088427527878e-05,0.25316131114959717,1183.7273613735485
2026-09-28T09:52:02,741,1.776624375240292e-05,0.30751800537109375,1183.9613970035382
2026-09-28T09:52:23,742,1.7762399077277972e-05,0.3684936761856079,1184.079419141987
2026-09-28T09:53:11,743,1.775855440215302e-05,0.3001706004142761,1183.7701021442201
2026-09-28T09:53:32,744,1.7754709727028066e-05,0.36208438873291016,1183.8651832865419
2026-09-28T09:53:57,745,1.7750865051903117e-05,0.26422959566116333,1183.9655026309335
2026-09-28T09:54:37,746,1.7747020376778164e-05,0.30210959911346436,1183.8941929254931
2026-09-28T09:54:52,747,1.774317570165321e-05,0.3426420986652374,1184.0384245028456
2026-09-28T09:55:15,748,1.7739331026528258e-05,0.3126671314239502,1184.201049875786
2026-09-28T09:55:28,749,1.773548635140331e-05,0.22487643361091614,1184.3636624853432
2026-09-28T09:55:54,750,1.7731641676278356e-05,0.3758942484855652,1184.4869876975217
2026-09-28T09:56:30,751,1.7727797001153403e-05,0.2941656708717346,1184.4887364746205
2026-09-28T09:57:54,752,1.7723952326028454e-05,0.29685303568840027,1183.6399648600648
2026-09-28T09:58:14,753,1.77201076509035e-05,0.26706185936927795,1183.8634211379606
2026-09-28T09:58:47,754,1.7716262975778548e-05,0.2616785168647766,1183.888881530122
2026-09-28T09:59:56,755,1.7712418300653595e-05,0.29926222562789917,1183.3053762399416
2026-09-28T10:00:17,756,1.7708573625528646e-05,0.26685452461242676,1183.3880829348066
2026-09-28T10:00:36,757,1.7704728950403693e-05,0.246803879737854,1183.5584834724261
2026-09-28T10:01:08,758,1.770088427527874e-05,0.3747432827949524,1183.6069720025014
2026-09-28T10:01:24,759,1.769703960015379e-05,0.26831212639808655,1183.8072559411294
2026-09-28T10:02:23,760,1.7693194925028838e-05,0.32263466715812683,1183.3410468304344
2026-09-28T10:02:34,761,1.7689350249903885e-05,0.2863416075706482,1183.4956471761877
2026-09-28T10:02:56,762,1.7685505574778932e-05,0.3173791170120239,1183.6623482155055
2026-09-28T10:03:25,763,1.768166089965398e-05,0.28920647501945496,1183.7186883405006
2026-09-28T10:03:48,764,1.767781622452903e-05,0.24457460641860962,1183.8096188459829
2026-09-28T10:03:59,765,1.7673971549404077e-05,0.32444924116134644,1183.9464386799425
2026-09-28T10:04:29,766,1.7670126874279124e-05,0.4197145700454712,1183.9950751634346
2026-09-28T10:05:14,767,1.766628219915417e-05,0.3640308082103729,1183.6626841884668
2026-09-28T10:05:38,768,1.766243752402922e-05,0.3440321683883667,1183.7762220383636
2026-09-28T10:06:19,769,1.765859284890427e-05,0.3256205916404724,1183.6171845784438
2026-09-28T10:06:47,770,1.7654748173779316e-05,0.2516794800758362,1183.52441067046
2026-09-28T10:06:59,771,1.7650903498654366e-05,0.311676025390625,1183.6921577572127
2026-09-28T10:07:21,772,1.7647058823529414e-05,0.316984623670578,1183.831911604387
2026-09-28T10:07:34,773,1.764321414840446e-05,0.30720824003219604,1184.0003865065846
2026-09-28T10:08:08,774,1.7639369473279508e-05,0.3004022538661957,1183.8762606903051
2026-09-28T10:08:58,775,1.763552479815456e-05,0.19737745821475983,1183.5900969047195
2026-09-28T10:09:15,776,1.7631680123029606e-05,0.30668166279792786,1183.7866435044884
2026-09-28T10:09:51,777,1.7627835447904653e-05,0.3179154694080353,1183.7412989943373
2026-09-28T10:10:30,778,1.7623990772779703e-05,0.3797013759613037,1183.7770047712038
2026-09-28T10:10:51,779,1.762014609765475e-05,0.32247596979141235,1183.863460571957
2026-09-28T10:11:06,780,1.7616301422529798e-05,0.2967851758003235,1183.9827857206458
2026-09-28T10:11:29,781,1.7612456747404845e-05,0.31074756383895874,1184.0587831177895
2026-09-28T10:11:43,782,1.7608612072279895e-05,0.2732287645339966,1184.2108133254137
2026-09-28T10:12:04,783,1.7604767397154942e-05,0.29896512627601624,1184.3935130990856
2026-09-28T10:12:17,784,1.760092272202999e-05,0.30262017250061035,1184.5674693015762
2026-09-28T10:12:40,785,1.7597078046905037e-05,0.28996068239212036,1184.7034899318062
2026-09-28T10:12:57,786,1.7593233371780084e-05,0.21809819340705872,1184.8252069216985
2026-09-28T10:13:18,787,1.7589388696655134e-05,0.2749985456466675,1184.9670949556712
2026-09-28T10:13:48,788,1.758554402153018e-05,0.34632912278175354,1184.9636247340097
2026-09-28T10:14:27,789,1.758169934640523e-05,0.27750036120414734,1184.8869681985623
2026-09-28T10:15:18,790,1.757785467128028e-05,0.3315730690956116,1184.7596758964444
2026-09-28T10:15:39,791,1.7574009996155326e-05,0.3612878918647766,1184.9603253897403
2026-09-28T10:16:08,792,1.7570165321030374e-05,0.4142746925354004,1185.0675321346134
2026-09-28T10:16:55,793,1.756632064590542e-05,0.34206944704055786,1184.755297000341
2026-09-28T10:17:18,794,1.756247597078047e-05,0.440192848443985,1184.892540450048
2026-09-28T10:17:44,795,1.755863129565552e-05,0.31854039430618286,1184.976837928627
2026-09-28T10:18:12,796,1.7554786620530566e-05,0.28187650442123413,1185.1298004195971
2026-09-28T10:18:28,797,1.7550941945405616e-05,0.316629022359848,1185.2582976343504
2026-09-28T10:19:50,798,1.7547097270280663e-05,0.35799574851989746,1184.555270457109
2026-09-28T10:21:17,799,1.754325259515571e-05,0.3040393590927124,1183.5703722916435
2026-09-28T10:22:05,800,1.753940792003076e-05,0.3064567446708679,1183.2468152335218
2026-09-28T10:22:28,801,1.7535563244905808e-05,0.2856186628341675,1183.3890724433286
2026-09-28T10:23:09,802,1.7531718569780855e-05,0.3025647699832916,1183.3864697922008
2026-09-28T10:23:55,803,1.7527873894655902e-05,0.3267453908920288,1183.0563118335251
2026-09-28T10:24:38,804,1.7524029219530953e-05,0.3104637861251831,1183.032446110339
2026-09-28T10:24:52,805,1.7520184544405997e-05,0.30412983894348145,1183.2015115236604
2026-09-28T10:25:29,806,1.7516339869281047e-05,0.44564783573150635,1183.158342226907
2026-09-28T10:25:46,807,1.7512495194156098e-05,0.29158639907836914,1183.3454370518696
2026-09-28T10:26:21,808,1.750865051903114e-05,0.3365034759044647,1183.2915903222392
2026-09-28T10:27:18,809,1.7504805843906192e-05,0.35799741744995117,1182.9289908270318
2026-09-28T10:27:52,810,1.750096116878124e-05,0.34870627522468567,1182.8705921597948
2026-09-28T10:28:17,811,1.7497116493656286e-05,0.295739084482193,1183.020831763028
2026-09-28T10:28:32,812,1.7493271818531337e-05,0.2275530844926834,1183.1387968389215
2026-09-28T10:28:47,813,1.7489427143406384e-05,0.23719945549964905,1183.2920441790657
2026-09-28T10:29:47,814,1.748558246828143e-05,0.24536682665348053,1182.9483577107333
2026-09-28T10:30:22,815,1.748173779315648e-05,0.32363730669021606,1182.88316502472
2026-09-28T10:30:49,816,1.747789311803153e-05,0.3393833637237549,1183.0265249537185
2026-09-28T10:31:20,817,1.7474048442906576e-05,0.2569042444229126,1183.0993287167194
2026-09-28T10:31:29,818,1.7470203767781623e-05,0.27140867710113525,1183.1592976247161
2026-09-28T10:32:21,819,1.7466359092656674e-05,0.30173760652542114,1182.7785540203347
2026-09-28T10:32:46,820,1.746251441753172e-05,0.2658499479293823,1182.7914795116446
2026-09-28T10:33:45,821,1.7458669742406768e-05,0.4380263090133667,1182.596217126907
2026-09-28T10:34:06,822,1.7454825067281815e-05,0.2690432369709015,1182.6645404168166
2026-09-28T10:34:59,823,1.7450980392156866e-05,0.33468276262283325,1182.2917239577498
2026-09-28T10:35:23,824,1.7447135717031913e-05,0.2682630717754364,1182.3835203669962
2026-09-28T10:35:58,825,1.744329104190696e-05,0.3415674567222595,1182.370080569443
2026-09-28T10:36:31,826,1.743944636678201e-05,0.3435632288455963,1182.4517602136991
2026-09-28T10:36:49,827,1.7435601691657054e-05,0.3447464406490326,1182.5050299324655
2026-09-28T10:37:12,828,1.7431757016532105e-05,0.32520899176597595,1182.5895042672482
2026-09-28T10:38:08,829,1.7427912341407152e-05,0.27011606097221375,1182.2309467678942
2026-09-28T10:38:22,830,1.74240676662822e-05,0.24377933144569397,1182.3901569688956
2026-09-28T10:39:27,831,1.742022299115725e-05,0.33065295219421387,1181.923654648765
2026-09-28T10:39:38,832,1.7416378316032297e-05,0.19902607798576355,1182.0492589081935
2026-09-28T10:40:26,833,1.7412533640907344e-05,0.2897067070007324,1181.7923627041455
2026-09-28T10:40:52,834,1.740868896578239e-05,0.3538680672645569,1181.913000239076
2026-09-28T10:41:58,835,1.7404844290657442e-05,0.3112350106239319,1181.4556302799065
2026-09-28T10:42:44,836,1.740099961553249e-05,0.31177109479904175,1181.2690516907146
2026-09-28T10:43:48,837,1.7397154940407536e-05,0.3309175372123718,1180.7865662660845
2026-09-28T10:44:14,838,1.7393310265282587e-05,0.2545182406902313,1180.92824616139
2026-09-28T10:44:28,839,1.7389465590157634e-05,0.27980783581733704,1181.0353379795429
2026-09-28T10:45:03,840,1.738562091503268e-05,0.26128488779067993,1181.126397625153
2026-09-28T10:45:27,841,1.7381776239907728e-05,0.30086350440979004,1181.209483695947
2026-09-28T10:45:56,842,1.737793156478278e-05,0.2813333570957184,1181.301830792989
2026-09-28T10:46:40,843,1.7374086889657826e-05,0.32176849246025085,1181.0908045436831
2026-09-28T10:47:07,844,1.7370242214532873e-05,0.3123587667942047,1181.2388745107874
2026-09-28T10:47:55,845,1.7366397539407923e-05,0.3380182683467865,1180.9605771005563
2026-09-28T10:48:18,846,1.7362552864282967e-05,0.2512069344520569,1181.1342724313547
2026-09-28T10:48:36,847,1.7358708189158018e-05,0.2873449921607971,1181.3495497769177
2026-09-28T10:48:53,848,1.7354863514033065e-05,0.29800179600715637,1181.4400683094336
2026-09-28T10:49:10,849,1.7351018838908112e-05,0.3282279372215271,1181.621483633081
2026-09-28T10:49:33,850,1.7347174163783163e-05,0.2545877695083618,1181.7407365366926
2026-09-28T10:50:41,851,1.734332948865821e-05,0.34060904383659363,1181.3001315283086
2026-09-28T10:50:59,852,1.7339484813533257e-05,0.23858994245529175,1181.4745330230041
2026-09-28T10:51:13,853,1.7335640138408304e-05,0.3172866702079773,1181.642027769165
2026-09-28T10:51:57,854,1.7331795463283355e-05,0.3561600148677826,1181.302622173997
2026-09-28T10:52:26,855,1.73279507881584e-05,0.3547012209892273,1181.4463783489925
2026-09-28T10:53:05,856,1.732410611303345e-05,0.28878599405288696,1181.407764951625
2026-09-28T10:53:58,857,1.73202614379085e-05,0.26788389682769775,1181.2038946819252
2026-09-28T10:54:32,858,1.7316416762783547e-05,0.3074330687522888,1181.2086888952624
2026-09-28T10:55:08,859,1.7312572087658594e-05,0.40823712944984436,1181.1778622103586
2026-09-28T10:55:26,860,1.730872741253364e-05,0.3985724449157715,1181.245335252738
2026-09-28T10:56:04,861,1.730488273740869e-05,0.2619023621082306,1181.100088657247
2026-09-28T10:56:22,862,1.730103806228374e-05,0.2191484123468399,1181.2821809637776
2026-09-28T10:56:42,863,1.7297193387158786e-05,0.32225117087364197,1181.4343011026729
2026-09-28T10:57:12,864,1.7293348712033836e-05,0.35154229402542114,1181.5618508416221
2026-09-28T10:57:33,865,1.7289504036908883e-05,0.33590593934059143,1181.7073578409588
2026-09-28T10:58:33,866,1.728565936178393e-05,0.3581208288669586,1181.4221060382645
2026-09-28T10:58:47,867,1.728181468665898e-05,0.3008635640144348,1181.5772915848388
2026-09-28T10:59:20,868,1.7277970011534028e-05,0.31042012572288513,1181.5836698443734
2026-09-28T10:59:38,869,1.7274125336409075e-05,0.2970040440559387,1181.6721600481333
2026-09-28T10:59:58,870,1.7270280661284122e-05,0.3431631326675415,1181.731150021554
2026-09-28T11:00:19,871,1.726643598615917e-05,0.36900627613067627,1181.8786431737074
2026-09-28T11:01:15,872,1.7262591311034217e-05,0.36687952280044556,1181.5980415737354
2026-09-28T11:02:07,873,1.7258746635909267e-05,0.2570761442184448,1181.2728586248913
2026-09-28T11:02:25,874,1.7254901960784314e-05,0.2806578576564789,1181.377569857857
2026-09-28T11:02:51,875,1.725105728565936e-05,0.33725306391716003,1181.4866351594553
2026-09-28T11:03:19,876,1.7247212610534412e-05,0.32352155447006226,1181.5423713983307
2026-09-28T11:04:34,877,1.724336793540946e-05,0.3584195375442505,1181.0709198269815
2026-09-28T11:04:58,878,1.7239523260284506e-05,0.3265412151813507,1181.1949296156797
2026-09-28T11:05:28,879,1.7235678585159557e-05,0.301480770111084,1181.257851002185
2026-09-28T11:06:19,880,1.7231833910034604e-05,0.34980303049087524,1180.9463279796846
2026-09-28T11:07:06,881,1.722798923490965e-05,0.2967583239078522,1180.6402935296474
2026-09-28T11:08:18,882,1.72241445597847e-05,0.37303292751312256,1180.1211109498734
2026-09-28T11:08:33,883,1.722029988465975e-05,0.25828659534454346,1180.2379605603578
2026-09-28T11:09:01,884,1.7216455209534796e-05,0.3162376880645752,1180.2850220342827
2026-09-28T11:09:18,885,1.7212610534409843e-05,0.30373433232307434,1180.4258581855008
2026-09-28T11:09:31,886,1.7208765859284894e-05,0.25948411226272583,1180.578132474154
2026-09-28T11:09:46,887,1.720492118415994e-05,0.2529817521572113,1180.6915023955703
2026-09-28T11:09:58,888,1.7201076509034988e-05,0.3646247386932373,1180.8112051202586
2026-09-28T11:10:10,889,1.7197231833910035e-05,0.18044413626194,1180.9537475832
2026-09-28T11:10:37,890,1.7193387158785086e-05,0.3446035385131836,1181.072341994918
2026-09-28T11:11:01,891,1.7189542483660133e-05,0.3259836435317993,1181.249086006952
2026-09-28T11:11:36,892,1.718569780853518e-05,0.32409316301345825,1181.2892996111261
2026-09-28T11:11:54,893,1.718185313341023e-05,0.2429942488670349,1181.46123983108
2026-09-28T11:12:14,894,1.7178008458285274e-05,0.25833210349082947,1181.5828245828116
2026-09-28T11:12:56,895,1.7174163783160325e-05,0.3465278744697571,1181.6036967005098
2026-09-28T11:13:21,896,1.7170319108035372e-05,0.4035799503326416,1181.7708876347892
2026-09-28T11:13:44,897,1.716647443291042e-05,0.23705846071243286,1181.8844446429096
2026-09-28T11:14:37,898,1.716262975778547e-05,0.36188292503356934,1181.6026678980006
2026-09-28T11:15:26,899,1.7158785082660517e-05,0.246830552816391,1181.27909238794
2026-09-28T11:15:39,900,1.7154940407535564e-05,0.29967737197875977,1181.4289634762742
2026-09-28T11:15:57,901,1.715109573241061e-05,0.2864305377006531,1181.5633237086502
2026-09-28T11:16:16,902,1.7147251057285662e-05,0.3896062970161438,1181.6651301950199
2026-09-28T11:16:41,903,1.714340638216071e-05,0.3586137890815735,1181.7971220123404
2026-09-28T11:17:02,904,1.7139561707035756e-05,0.24789676070213318,1181.889053960284
2026-09-28T11:17:12,905,1.7135717031910807e-05,0.26378780603408813,1181.9860563986567
2026-09-28T11:17:35,906,1.7131872356785854e-05,0.25825464725494385,1182.1338788949615
2026-09-28T11:18:42,907,1.71280276816609e-05,0.28955432772636414,1181.6658913648264
2026-09-28T11:19:16,908,1.7124183006535948e-05,0.2480042278766632,1181.6341672184644
2026-09-28T11:19:55,909,1.7120338331411e-05,0.32079756259918213,1181.58858005079
2026-09-28T11:20:17,910,1.7116493656286046e-05,0.3170337677001953,1181.7713982662888
2026-09-28T11:21:08,911,1.7112648981161093e-05,0.40380555391311646,1181.5041894551607
2026-09-28T11:21:57,912,1.7108804306036143e-05,0.3287315368652344,1181.21751019172
2026-09-28T11:22:37,913,1.7104959630911187e-05,0.3553336560726166,1181.200883609297
2026-09-28T11:22:58,914,1.7101114955786238e-05,0.31658729910850525,1181.323157578914
2026-09-28T11:23:18,915,1.7097270280661285e-05,0.3623431921005249,1181.3983712661598
2026-09-28T11:23:49,916,1.7093425605536332e-05,0.26007378101348877,1181.4293577265817
2026-09-28T11:24:02,917,1.7089580930411383e-05,0.2696923315525055,1181.5060196997772
2026-09-28T11:24:17,918,1.708573625528643e-05,0.32377660274505615,1181.6249218287487
2026-09-28T11:24:40,919,1.7081891580161477e-05,0.2473199963569641,1181.7802062046228
2026-09-28T11:24:56,920,1.7078046905036524e-05,0.3040156066417694,1181.9167656357167
2026-09-28T11:26:10,921,1.7074202229911575e-05,0.3258475959300995,1181.4203044324468
2026-09-28T11:26:25,922,1.7070357554786622e-05,0.2612176239490509,1181.5218870734282
2026-09-28T11:26:40,923,1.706651287966167e-05,0.33543550968170166,1181.630697043463
2026-09-28T11:27:29,924,1.706266820453672e-05,0.24594555795192719,1181.374771478655
2026-09-28T11:27:44,925,1.7058823529411767e-05,0.27883589267730713,1181.5358566818875
2026-09-28T11:28:08,926,1.7054978854286814e-05,0.2892526388168335,1181.6778670875408
2026-09-28T11:29:28,927,1.705113417916186e-05,0.38185396790504456,1181.030805711724
2026-09-28T11:29:47,928,1.704728950403691e-05,0.260591059923172,1181.1856429208115
2026-09-28T11:30:03,929,1.704344482891196e-05,0.3030787706375122,1181.2686178335814
2026-09-28T11:30:33,930,1.7039600153787006e-05,0.333676815032959,1181.272240323261
2026-09-28T11:31:06,931,1.7035755478662056e-05,0.3509381413459778,1181.359870848176
2026-09-28T11:31:38,932,1.70319108035371e-05,0.33614057302474976,1181.4375382055794
2026-09-28T11:32:33,933,1.702806612841215e-05,0.3360290229320526,1181.0869585104713
2026-09-28T11:33:11,934,1.70242214532872e-05,0.33508187532424927,1180.9785844454275
2026-09-28T11:34:10,935,1.7020376778162245e-05,0.3908688724040985,1180.7946150560276
2026-09-28T11:34:25,936,1.7016532103037295e-05,0.2389344424009323,1180.9532560251575
2026-09-28T11:34:41,937,1.7012687427912343e-05,0.26021572947502136,1181.0805105105376
2026-09-28T11:35:11,938,1.700884275278739e-05,0.31962719559669495,1181.1518503595432
2026-09-28T11:35:23,939,1.7004998077662437e-05,0.24548153579235077,1181.2745170607643
2026-09-28T11:35:53,940,1.7001153402537487e-05,0.3275262117385864,1181.2749975128706
2026-09-28T11:36:08,941,1.6997308727412535e-05,0.23851656913757324,1181.41301651812
2026-09-28T11:36:31,942,1.6993464052287582e-05,0.23552590608596802,1181.4719548535436
2026-09-28T11:37:19,943,1.6989619377162632e-05,0.35226041078567505,1181.1684511832616
2026-09-28T11:37:44,944,1.698577470203768e-05,0.3025893270969391,1181.2862627227998
2026-09-28T11:38:12,945,1.6981930026912727e-05,0.2488461434841156,1181.2997539374176
2026-09-28T11:38:29,946,1.6978085351787777e-05,0.24422353506088257,1181.4846509407046
2026-09-28T11:38:44,947,1.6974240676662824e-05,0.22330763936042786,1181.5987032439723
2026-09-28T11:39:23,948,1.697039600153787e-05,0.29165560007095337,1181.647868075878
2026-09-28T11:39:48,949,1.696655132641292e-05,0.29325005412101746,1181.765741939501
2026-09-28T11:40:47,950,1.696270665128797e-05,0.3427336812019348,1181.3589479993702
2026-09-28T11:40:59,951,1.6958861976163016e-05,0.2506731152534485,1181.4752702010978
2026-09-28T11:41:25,952,1.6955017301038063e-05,0.27514293789863586,1181.608759293983
2026-09-28T11:42:02,953,1.6951172625913114e-05,0.36343055963516235,1181.5377852313522
2026-09-28T11:42:15,954,1.694732795078816e-05,0.30187639594078064,1181.6874790239078
2026-09-28T11:42:29,955,1.6943483275663208e-05,0.24199646711349487,1181.8389937164472
2026-09-28T11:43:04,956,1.6939638600538255e-05,0.2681390941143036,1181.8702265862255
2026-09-28T11:43:47,957,1.6935793925413303e-05,0.30211907625198364,1181.7671953552515
2026-09-28T11:44:04,958,1.6931949250288353e-05,0.2561433017253876,1181.9384824975918
2026-09-28T11:44:36,959,1.69281045751634e-05,0.3347550332546234,1181.9032107056735
2026-09-28T11:45:08,960,1.6924259900038447e-05,0.33065420389175415,1181.9786735263992
2026-09-28T11:45:26,961,1.6920415224913495e-05,0.2730804681777954,1182.0930614217061
2026-09-28T11:45:51,962,1.6916570549788545e-05,0.3009423613548279,1182.1774158192588
2026-09-28T11:46:45,963,1.6912725874663592e-05,0.3411389887332916,1181.949162327623
2026-09-28T11:47:41,964,1.690888119953864e-05,0.2593373656272888,1181.3902283192836
2026-09-28T11:48:05,965,1.690503652441369e-05,0.24793711304664612,1181.4987535978576
2026-09-28T11:48:34,966,1.6901191849288737e-05,0.3041868209838867,1181.412347466953
2026-09-28T11:49:39,967,1.6897347174163784e-05,0.3222188353538513,1180.9127328584361
2026-09-28T11:50:03,968,1.689350249903883e-05,0.25613951683044434,1181.0601208760968
2026-09-28T11:50:27,969,1.6889657823913882e-05,0.35898444056510925,1181.1714073240655
2026-09-28T11:51:21,970,1.688581314878893e-05,0.2414693832397461,1181.0218483940603
2026-09-28T11:51:36,971,1.6881968473663976e-05,0.3043229281902313,1181.1608569733305
2026-09-28T11:52:29,972,1.6878123798539027e-05,0.2923014760017395,1181.0451043858136
2026-09-28T11:52:49,973,1.6874279123414074e-05,0.3289649188518524,1181.1126250194027
2026-09-28T11:53:06,974,1.687043444828912e-05,0.2641761302947998,1181.3042102523173
2026-09-28T11:53:24,975,1.6866589773164168e-05,0.22772002220153809,1181.463944194049
2026-09-28T11:53:40,976,1.686274509803922e-05,0.2309761345386505,1181.6307133866358
2026-09-28T11:54:00,977,1.6858900422914266e-05,0.2760307788848877,1181.6402978093072
2026-09-28T11:54:47,978,1.6855055747789313e-05,0.30779939889907837,1181.5542892200463
2026-09-28T11:55:33,979,1.685121107266436e-05,0.29775261878967285,1181.5066987522264
2026-09-28T11:56:05,980,1.6847366397539407e-05,0.4401319921016693,1181.5284479893885
2026-09-28T11:56:22,981,1.6843521722414458e-05,0.2985217273235321,1181.7067287535233
2026-09-28T11:56:39,982,1.6839677047289505e-05,0.22735151648521423,1181.8484424039113
2026-09-28T11:57:38,983,1.6835832372164552e-05,0.41580069065093994,1181.4476378104835
2026-09-28T11:57:52,984,1.6831987697039603e-05,0.22294452786445618,1181.5965114879543
2026-09-28T11:58:08,985,1.682814302191465e-05,0.29867231845855713,1181.666865923814
2026-09-28T11:58:57,986,1.6824298346789697e-05,0.27510619163513184,1181.3712743492001
2026-09-28T11:59:34,987,1.6820453671664744e-05,0.3371739983558655,1181.3849980359398
2026-09-28T12:00:22,988,1.6816608996539795e-05,0.3349693715572357,1181.249958676286
2026-09-28T12:00:49,989,1.6812764321414842e-05,0.28328752517700195,1181.2883508554517
2026-09-28T12:01:08,990,1.680891964628989e-05,0.22073078155517578,1181.441710677851
2026-09-28T12:02:23,991,1.680507497116494e-05,0.3358728289604187,1180.9091544820744
2026-09-28T12:02:39,992,1.6801230296039987e-05,0.343066930770874,1181.0116351397191
2026-09-28T12:02:59,993,1.6797385620915034e-05,0.2930656969547272,1181.1691069470546
2026-09-28T12:03:59,994,1.679354094579008e-05,0.31803393363952637,1180.8119455702288
2026-09-28T12:04:26,995,1.678969627066513e-05,0.2897609770298004,1180.9479406188102
2026-09-28T12:05:14,996,1.678585159554018e-05,0.31681549549102783,1180.8127376721075
2026-09-28T12:05:30,997,1.6782006920415226e-05,0.20958347618579865,1180.9323741352666
2026-09-28T12:06:18,998,1.6778162245290276e-05,0.33002617955207825,1180.8898121011764
2026-09-28T12:06:54,999,1.677431757016532e-05,0.34769147634506226,1180.9180061099048
2026-09-28T12:07:44,1000,1.677047289504037e-05,0.24214154481887817,1180.6629096984755
2026-09-28T12:08:06,1001,1.676662821991542e-05,0.23584075272083282,1180.7132569436524
2026-09-28T12:08:27,1002,1.6762783544790465e-05,0.36210834980010986,1180.7995983239532
2026-09-28T12:09:13,1003,1.6758938869665516e-05,0.3267940878868103,1180.5159397571183
2026-09-28T12:09:31,1004,1.6755094194540563e-05,0.26645132899284363,1180.67411156026
2026-09-28T12:10:15,1005,1.675124951941561e-05,0.3014568090438843,1180.4720284386747
2026-09-28T12:10:36,1006,1.6747404844290657e-05,0.2240726351737976,1180.5719387112804
2026-09-28T12:10:54,1007,1.6743560169165708e-05,0.26870182156562805,1180.6811260072727
2026-09-28T12:11:17,1008,1.6739715494040755e-05,0.27969890832901,1180.8214390714782
2026-09-28T12:12:06,1009,1.6735870818915802e-05,0.2754720449447632,1180.5802896781788
2026-09-28T12:12:22,1010,1.6732026143790852e-05,0.29546600580215454,1180.7294571273014
2026-09-28T12:13:12,1011,1.67281814686659e-05,0.3306421637535095,1180.5140736266942
2026-09-28T12:13:48,1012,1.6724336793540947e-05,0.3193244934082031,1180.3343783934465
2026-09-28T12:14:12,1013,1.6720492118415997e-05,0.282188355922699,1180.433420240581
2026-09-28T12:14:24,1014,1.6716647443291044e-05,0.23271702229976654,1180.523416297334
2026-09-28T12:14:48,1015,1.671280276816609e-05,0.23599638044834137,1180.5707432592385
2026-09-28T12:15:23,1016,1.670895809304114e-05,0.24436718225479126,1180.4870461913436
2026-09-28T12:15:58,1017,1.670511341791619e-05,0.32155388593673706,1180.4626913060015
2026-09-28T12:16:17,1018,1.6701268742791233e-05,0.22392863035202026,1180.5540821005495
2026-09-28T12:16:37,1019,1.6697424067666283e-05,0.20517635345458984,1180.706397294665
2026-09-28T12:16:51,1020,1.6693579392541334e-05,0.3086095452308655,1180.8149117231674
2026-09-28T12:17:24,1021,1.6689734717416378e-05,0.2254248410463333,1180.8915760610214
2026-09-28T12:17:46,1022,1.668589004229143e-05,0.3002639412879944,1180.9677116684193
2026-09-28T12:17:58,1023,1.6682045367166475e-05,0.2848021686077118,1181.0101323005376
2026-09-28T12:18:39,1024,1.6678200692041523e-05,0.30722904205322266,1180.987623801263
2026-09-28T12:19:04,1025,1.6674356016916573e-05,0.2540293335914612,1181.063127801334
2026-09-28T12:19:55,1026,1.667051134179162e-05,0.35543620586395264,1180.8591827839475
2026-09-28T12:20:29,1027,1.6666666666666667e-05,0.23347049951553345,1180.8354435002152
2026-09-28T12:21:33,1028,1.6662821991541715e-05,0.2946862578392029,1180.4793104842588
2026-09-28T12:21:45,1029,1.6658977316416765e-05,0.1878076195716858,1180.5817180015256
2026-09-28T12:22:06,1030,1.6655132641291812e-05,0.339432030916214,1180.7200127219662
2026-09-28T12:22:18,1031,1.665128796616686e-05,0.3054652214050293,1180.8289924968574
2026-09-28T12:22:42,1032,1.664744329104191e-05,0.3100493550300598,1180.8567973483923
2026-09-28T12:22:59,1033,1.6643598615916957e-05,0.32963693141937256,1180.952749003383
2026-09-28T12:23:12,1034,1.6639753940792004e-05,0.2416616529226303,1181.077240020263
2026-09-28T12:24:06,1035,1.663590926566705e-05,0.3130248486995697,1180.816585502931
2026-09-28T12:24:17,1036,1.6632064590542102e-05,0.21510010957717896,1180.9277975301925
2026-09-28T12:24:44,1037,1.662821991541715e-05,0.3269239664077759,1180.9600580903661
2026-09-28T12:24:53,1038,1.6624375240292196e-05,0.2903645634651184,1181.020454049532
2026-09-28T12:25:15,1039,1.6620530565167247e-05,0.3017321228981018,1181.1111396704275
2026-09-28T12:25:35,1040,1.661668589004229e-05,0.36322903633117676,1181.1946403139113
2026-09-28T12:26:16,1041,1.661284121491734e-05,0.31993821263313293,1181.1743636755625
2026-09-28T12:26:43,1042,1.6608996539792388e-05,0.2741195261478424,1181.1900459731696
2026-09-28T12:27:10,1043,1.6605151864667435e-05,0.263215571641922,1181.2779257466968
2026-09-28T12:27:39,1044,1.6601307189542486e-05,0.3448566198348999,1181.3614963404561
2026-09-28T12:27:51,1045,1.6597462514417533e-05,0.25049975514411926,1181.4660088471612
2026-09-28T12:28:17,1046,1.659361783929258e-05,0.26936691999435425,1181.5168778069005
2026-09-28T12:28:34,1047,1.6589773164167627e-05,0.25680914521217346,1181.6480217109256
2026-09-28T12:29:04,1048,1.6585928489042678e-05,0.3435007333755493,1181.6951058404782
2026-09-28T12:29:25,1049,1.6582083813917725e-05,0.2757503092288971,1181.8257278401313
2026-09-28T12:30:07,1050,1.6578239138792772e-05,0.281044602394104,1181.7089186960327
2026-09-28T12:30:41,1051,1.6574394463667823e-05,0.29576003551483154,1181.71656861795
2026-09-28T12:31:23,1052,1.657054978854287e-05,0.26548418402671814,1181.7252107430136
2026-09-28T12:31:48,1053,1.6566705113417917e-05,0.4599931836128235,1181.8334521719223
2026-09-28T12:32:12,1054,1.6562860438292964e-05,0.2299475371837616,1181.864850032352
2026-09-28T12:32:36,1055,1.6559015763168015e-05,0.23953202366828918,1181.9611443979697
2026-09-28T12:33:13,1056,1.6555171088043062e-05,0.30105698108673096,1181.9262660864715
2026-09-28T12:33:32,1057,1.655132641291811e-05,0.22685062885284424,1182.0788034549614
2026-09-28T12:34:14,1058,1.654748173779316e-05,0.28847736120224,1182.1189219436455
2026-09-28T12:34:28,1059,1.6543637062668207e-05,0.24735122919082642,1182.1946722148457
2026-09-28T12:35:13,1060,1.6539792387543254e-05,0.3677687644958496,1181.9858775452954
2026-09-28T12:35:59,1061,1.65359477124183e-05,0.2445463389158249,1181.7170740779488
2026-09-28T12:36:17,1062,1.653210303729335e-05,0.2878052592277527,1181.8584794052124
2026-09-28T12:37:03,1063,1.65282583621684e-05,0.2942323088645935,1181.825583944971
2026-09-28T12:37:48,1064,1.6524413687043446e-05,0.2498924434185028,1181.5353204572016
2026-09-28T12:38:35,1065,1.6520569011918493e-05,0.29784852266311646,1181.2187838059367
2026-09-28T12:38:53,1066,1.651672433679354e-05,0.17786851525306702,1181.386135644503
2026-09-28T12:39:15,1067,1.651287966166859e-05,0.22299057245254517,1181.4845932924188
2026-09-28T12:40:03,1068,1.6509034986543638e-05,0.28630441427230835,1181.3244017011525
2026-09-28T12:40:14,1069,1.6505190311418685e-05,0.2731778025627136,1181.4045126929245
2026-09-28T12:40:35,1070,1.6501345636293736e-05,0.28786900639533997,1181.4941499650863
2026-09-28T12:40:51,1071,1.6497500961168783e-05,0.2977019250392914,1181.6168079403456
2026-09-28T12:41:39,1072,1.649365628604383e-05,0.2961176335811615,1181.416661650478
2026-09-28T12:42:01,1073,1.6489811610918877e-05,0.22382239997386932,1181.5593584465607
2026-09-28T12:42:23,1074,1.6485966935793928e-05,0.2542159855365753,1181.6510540801225
2026-09-28T12:42:35,1075,1.6482122260668975e-05,0.30029839277267456,1181.749416665992
2026-09-28T12:42:48,1076,1.6478277585544022e-05,0.24472522735595703,1181.881283033814
2026-09-28T12:43:31,1077,1.6474432910419072e-05,0.291824609041214,1181.712815927232
2026-09-28T12:44:25,1078,1.647058823529412e-05,0.3086327910423279,1181.48663787275
2026-09-28T12:45:44,1079,1.6466743560169167e-05,0.4133945107460022,1180.8729464985513
2026-09-28T12:46:31,1080,1.6462898885044217e-05,0.26530173420906067,1180.6517430008707
2026-09-28T12:47:01,1081,1.6459054209919264e-05,0.2598498463630676,1180.7213669668163
2026-09-28T12:47:53,1082,1.645520953479431e-05,0.2556403875350952,1180.5905969662351
2026-09-28T12:48:24,1083,1.645136485966936e-05,0.30565816164016724,1180.6306837952525
2026-09-28T12:48:39,1084,1.644752018454441e-05,0.19803361594676971,1180.71185115462
2026-09-28T12:48:54,1085,1.6443675509419453e-05,0.2701873481273651,1180.8520290338747
2026-09-28T12:49:07,1086,1.6439830834294504e-05,0.3086203932762146,1180.957317167558
2026-09-28T12:49:35,1087,1.6435986159169554e-05,0.22554540634155273,1181.0373902563665
2026-09-28T12:49:53,1088,1.6432141484044598e-05,0.2967100739479065,1181.1188523641201
2026-09-28T12:50:39,1089,1.642829680891965e-05,0.24961258471012115,1180.8581144844711
2026-09-28T12:50:57,1090,1.6424452133794696e-05,0.27253469824790955,1181.0199143803463
2026-09-28T12:51:22,1091,1.6420607458669743e-05,0.28792622685432434,1181.1101917304154
2026-09-28T12:52:02,1092,1.6416762783544793e-05,0.26621347665786743,1181.0945677708946
2026-09-28T12:52:14,1093,1.641291810841984e-05,0.2616475820541382,1181.2077254053884
2026-09-28T12:52:55,1094,1.6409073433294888e-05,0.2915598452091217,1181.1934021527995
2026-09-28T12:53:45,1095,1.6405228758169935e-05,0.3125384449958801,1180.9547679068535
2026-09-28T12:54:02,1096,1.6401384083044985e-05,0.28855323791503906,1181.0465024428183
2026-09-28T12:54:26,1097,1.6397539407920032e-05,0.2849375903606415,1181.120086078645
2026-09-28T12:55:12,1098,1.639369473279508e-05,0.302147775888443,1181.0602747609785
2026-09-28T12:55:44,1099,1.638985005767013e-05,0.3677856922149658,1181.0547081726077
2026-09-28T12:56:07,1100,1.6386005382545177e-05,0.29138121008872986,1181.1475925498942
2026-09-28T12:56:34,1101,1.6382160707420224e-05,0.25901728868484497,1181.139061830355
2026-09-28T12:56:50,1102,1.637831603229527e-05,0.28536146879196167,1181.2884067442308
2026-09-28T12:57:05,1103,1.6374471357170322e-05,0.3276830017566681,1181.4272109399376
2026-09-28T12:57:25,1104,1.6370626682045366e-05,0.24163377285003662,1181.5330345437308
2026-09-28T12:58:09,1105,1.6366782006920416e-05,0.3047008514404297,1181.4900632305398
2026-09-28T12:58:27,1106,1.6362937331795467e-05,0.2818397283554077,1181.613669386975
2026-09-28T12:58:44,1107,1.635909265667051e-05,0.26693135499954224,1181.664281207732
2026-09-28T12:59:12,1108,1.635524798154556e-05,0.3026217222213745,1181.6961536350573
2026-09-28T12:59:26,1109,1.635140330642061e-05,0.27267223596572876,1181.7927904335384
2026-09-28T12:59:49,1110,1.6347558631295656e-05,0.29288947582244873,1181.8768468551289
2026-09-28T13:00:24,1111,1.6343713956170706e-05,0.2661537826061249,1181.911836894478
2026-09-28T13:00:42,1112,1.6339869281045753e-05,0.31598150730133057,1182.046192160882
2026-09-28T13:01:25,1113,1.63360246059208e-05,0.31293532252311707,1181.908405558612
2026-09-28T13:01:39,1114,1.6332179930795848e-05,0.26772916316986084,1182.0298684739869
2026-09-28T13:02:36,1115,1.6328335255670898e-05,0.28276538848876953,1181.7923971980772
2026-09-28T13:02:54,1116,1.6324490580545945e-05,0.2975980043411255,1181.8342114833329
2026-09-28T13:03:05,1117,1.6320645905420992e-05,0.2722761034965515,1181.9395619660922
2026-09-28T13:03:35,1118,1.6316801230296043e-05,0.2834785580635071,1181.8928941257655
2026-09-28T13:03:49,1119,1.631295655517109e-05,0.25664761662483215,1182.0147146183044
2026-09-28T13:04:29,1120,1.6309111880046137e-05,0.3258707523345947,1181.9694957732643
2026-09-28T13:05:07,1121,1.6305267204921184e-05,0.27708035707473755,1181.9755426004383
2026-09-28T13:05:24,1122,1.6301422529796235e-05,0.30293071269989014,1182.0467704278774
2026-09-28T13:05:38,1123,1.6297577854671282e-05,0.30095434188842773,1182.1501717611034
2026-09-28T13:06:33,1124,1.629373317954633e-05,0.24101518094539642,1182.033952461752
2026-09-28T13:06:58,1125,1.628988850442138e-05,0.3075060248374939,1182.094745188993
2026-09-28T13:07:42,1126,1.6286043829296423e-05,0.3595074415206909,1181.8366457805826
2026-09-28T13:08:15,1127,1.6282199154171474e-05,0.23857146501541138,1181.8698662675195
2026-09-28T13:08:46,1128,1.627835447904652e-05,0.3416973352432251,1181.8835980368267
2026-09-28T13:09:33,1129,1.627450980392157e-05,0.2962328791618347,1181.6495340510437
2026-09-28T13:10:09,1130,1.627066512879662e-05,0.27238696813583374,1181.5113093289135
2026-09-28T13:10:56,1131,1.6266820453671666e-05,0.340822696685791,1181.4079240833473
2026-09-28T13:12:04,1132,1.6262975778546713e-05,0.2961048185825348,1181.0795169514802
2026-09-28T13:12:21,1133,1.625913110342176e-05,0.2667732536792755,1181.1808985078155
2026-09-28T13:12:49,1134,1.625528642829681e-05,0.24181857705116272,1181.2597559641315
2026-09-28T13:13:04,1135,1.6251441753171858e-05,0.22377094626426697,1181.3936828353364
2026-09-28T13:13:36,1136,1.6247597078046905e-05,0.26955991983413696,1181.3799163738604
2026-09-28T13:13:46,1137,1.6243752402921956e-05,0.2513074576854706,1181.4411764081428
2026-09-28T13:14:10,1138,1.6239907727797003e-05,0.32495051622390747,1181.4852622391577
2026-09-28T13:15:10,1139,1.623606305267205e-05,0.347737193107605,1181.2317764160903
2026-09-28T13:15:55,1140,1.6232218377547097e-05,0.28588080406188965,1181.0992423308587
2026-09-28T13:16:32,1141,1.6228373702422148e-05,0.30236759781837463,1181.049327460549
2026-09-28T13:16:58,1142,1.6224529027297195e-05,0.3117794990539551,1181.100134811589
2026-09-28T13:17:20,1143,1.6220684352172242e-05,0.3704330325126648,1181.1970402088439
2026-09-28T13:17:34,1144,1.6216839677047293e-05,0.2417192906141281,1181.3039253302677
2026-09-28T13:18:08,1145,1.621299500192234e-05,0.2975963354110718,1181.3170512073677
2026-09-28T13:18:21,1146,1.6209150326797387e-05,0.1824236363172531,1181.4246980320454
2026-09-28T13:18:41,1147,1.6205305651672437e-05,0.334807813167572,1181.5549216826173
2026-09-28T13:18:59,1148,1.6201460976547485e-05,0.23688049614429474,1181.6505702751886
2026-09-28T13:19:48,1149,1.619761630142253e-05,0.3271607756614685,1181.4179548716402
2026-09-28T13:20:02,1150,1.619377162629758e-05,0.23284468054771423,1181.5265157456686
2026-09-28T13:20:34,1151,1.6189926951172626e-05,0.3000045418739319,1181.5067330949173
2026-09-28T13:21:04,1152,1.6186082276047673e-05,0.32101547718048096,1181.5428618793023
2026-09-28T13:21:51,1153,1.6182237600922724e-05,0.25485721230506897,1181.314545958597
2026-09-28T13:22:33,1154,1.617839292579777e-05,0.28726765513420105,1181.2065303153533
2026-09-28T13:23:03,1155,1.6174548250672818e-05,0.28353554010391235,1181.2056571642263
2026-09-28T13:23:38,1156,1.617070357554787e-05,0.3209165334701538,1181.0739466487628
2026-09-28T13:23:57,1157,1.6166858900422916e-05,0.2677374482154846,1181.1450794731138
2026-09-28T13:24:26,1158,1.6163014225297963e-05,0.2696682810783386,1181.2369867749687
2026-09-28T13:24:46,1159,1.6159169550173013e-05,0.2651677131652832,1181.327728178842
2026-09-28T13:25:15,1160,1.615532487504806e-05,0.3418881297111511,1181.3931788317345
2026-09-28T13:25:48,1161,1.6151480199923108e-05,0.24832405149936676,1181.4385097570996
2026-09-28T13:26:13,1162,1.6147635524798155e-05,0.33419135212898254,1181.4862316805572
2026-09-28T13:26:25,1163,1.6143790849673205e-05,0.2354094386100769,1181.589456657184
2026-09-28T13:27:05,1164,1.6139946174548252e-05,0.39314770698547363,1181.6158666358685
2026-09-28T13:27:37,1165,1.61361014994233e-05,0.2948901653289795,1181.6563804774785
2026-09-28T13:28:45,1166,1.613225682429835e-05,0.30584660172462463,1181.3796500534474
2026-09-28T13:29:16,1167,1.6128412149173397e-05,0.34400051832199097,1181.354193846653
2026-09-28T13:29:50,1168,1.6124567474048444e-05,0.27293962240219116,1181.3660274463773
2026-09-28T13:30:23,1169,1.612072279892349e-05,0.2584564983844757,1181.3529047241786
2026-09-28T13:30:44,1170,1.6116878123798542e-05,0.2807392477989197,1181.386492162059
2026-09-28T13:30:58,1171,1.6113033448673586e-05,0.2857288718223572,1181.4803401898646
2026-09-28T13:31:11,1172,1.6109188773548636e-05,0.23641350865364075,1181.5904366800605
2026-09-28T13:31:52,1173,1.6105344098423684e-05,0.3921092748641968,1181.5694486905609
2026-09-28T13:32:46,1174,1.610149942329873e-05,0.25269314646720886,1181.3412081469737
2026-09-28T13:33:19,1175,1.609765474817378e-05,0.25360018014907837,1181.2939999743692
2026-09-28T13:33:44,1176,1.609381007304883e-05,0.25654929876327515,1181.3834205346604
2026-09-28T13:34:31,1177,1.6089965397923876e-05,0.24294736981391907,1181.166456111631
2026-09-28T13:34:54,1178,1.6086120722798926e-05,0.2308306097984314,1181.2767628216968
2026-09-28T13:35:18,1179,1.6082276047673973e-05,0.3034180700778961,1181.3548707928494
2026-09-28T13:36:25,1180,1.607843137254902e-05,0.30928581953048706,1180.9541035820914
2026-09-28T13:36:44,1181,1.6074586697424068e-05,0.2551468312740326,1181.0627658895453
2026-09-28T13:37:01,1182,1.6070742022299118e-05,0.26707831025123596,1181.1709073446414
2026-09-28T13:37:30,1183,1.6066897347174165e-05,0.3069862127304077,1181.1874948707423
2026-09-28T13:38:12,1184,1.6063052672049212e-05,0.28268444538116455,1181.038081237599
2026-09-28T13:38:27,1185,1.6059207996924263e-05,0.2317965030670166,1181.1636659136798
2026-09-28T13:38:40,1186,1.605536332179931e-05,0.2437119334936142,1181.2808722413738
2026-09-28T13:38:54,1187,1.6051518646674357e-05,0.26218274235725403,1181.3955812164245
2026-09-28T13:39:12,1188,1.6047673971549404e-05,0.22938188910484314,1181.5486938718916
2026-09-28T13:39:39,1189,1.6043829296424455e-05,0.31707942485809326,1181.629447246445
2026-09-28T13:40:01,1190,1.6039984621299502e-05,0.33027079701423645,1181.7201520020624
2026-09-28T13:40:15,1191,1.603613994617455e-05,0.2519645690917969,1181.8251950305767
2026-09-28T13:41:12,1192,1.60322952710496e-05,0.28211602568626404,1181.6907266889702
2026-09-28T13:41:22,1193,1.6028450595924644e-05,0.28609365224838257,1181.7549375806589
2026-09-28T13:42:26,1194,1.6024605920799694e-05,0.2948591709136963,1181.4603369773758
2026-09-28T13:42:57,1195,1.602076124567474e-05,0.28123584389686584,1181.5500410755583
2026-09-28T13:43:39,1196,1.601691657054979e-05,0.31786078214645386,1181.5350192169951
2026-09-28T13:44:20,1197,1.601307189542484e-05,0.3096134662628174,1181.4144962133803
2026-09-28T13:44:53,1198,1.6009227220299886e-05,0.2336861491203308,1181.4699283584048
2026-09-28T13:45:25,1199,1.6005382545174933e-05,0.2538035809993744,1181.4517515516095
2026-09-28T13:45:44,1200,1.600153787004998e-05,0.27467095851898193,1181.5678646021297
2026-09-28T13:46:11,1201,1.599769319492503e-05,0.38532114028930664,1181.6697106107986
2026-09-28T13:46:29,1202,1.5993848519800078e-05,0.2543398141860962,1181.8017157918277
2026-09-28T13:47:18,1203,1.5990003844675125e-05,0.3034904897212982,1181.6342072253776
2026-09-28T13:47:43,1204,1.5986159169550176e-05,0.23175983130931854,1181.7259703164716
2026-09-28T13:48:11,1205,1.5982314494425223e-05,0.3082038164138794,1181.813345825995
2026-09-28T13:49:03,1206,1.597846981930027e-05,0.22173424065113068,1181.522271814628
2026-09-28T13:49:15,1207,1.5974625144175317e-05,0.1944718062877655,1181.6232256977282
2026-09-28T13:49:49,1208,1.5970780469050368e-05,0.3125154376029968,1181.6028167650531
2026-09-28T13:50:16,1209,1.5966935793925415e-05,0.2600841522216797,1181.6566124445578
2026-09-28T13:50:33,1210,1.5963091118800462e-05,0.3004898130893707,1181.7498259100896
2026-09-28T13:51:03,1211,1.5959246443675513e-05,0.30140551924705505,1181.831585171132
2026-09-28T13:51:37,1212,1.5955401768550556e-05,0.24833939969539642,1181.795056908081
2026-09-28T13:53:00,1213,1.5951557093425607e-05,0.37632542848587036,1181.260408505
2026-09-28T13:53:20,1214,1.5947712418300657e-05,0.2672945261001587,1181.3408520224473
2026-09-28T13:53:52,1215,1.59438677431757e-05,0.2846893072128296,1181.3897524768174
2026-09-28T13:54:21,1216,1.5940023068050752e-05,0.3496432304382324,1181.442301325898
2026-09-28T13:55:08,1217,1.59361783929258e-05,0.27967721223831177,1181.342859343571
2026-09-28T13:55:32,1218,1.5932333717800846e-05,0.20922257006168365,1181.434692777771
2026-09-28T13:56:26,1219,1.5928489042675893e-05,0.32172393798828125,1181.177709370984
2026-09-28T13:56:41,1220,1.5924644367550944e-05,0.2230920046567917,1181.3008697485723
2026-09-28T13:57:04,1221,1.592079969242599e-05,0.31472083926200867,1181.3359696086493
2026-09-28T13:57:16,1222,1.5916955017301038e-05,0.23528316617012024,1181.4346695882914
2026-09-28T13:57:56,1223,1.591311034217609e-05,0.26346510648727417,1181.449875282121
2026-09-28T13:58:34,1224,1.5909265667051136e-05,0.34013602137565613,1181.4009098992394
2026-09-28T13:59:03,1225,1.5905420991926183e-05,0.21537744998931885,1181.4246278446267
2026-09-28T13:59:26,1226,1.5901576316801233e-05,0.26843172311782837,1181.487179413098
2026-09-28T14:00:00,1227,1.589773164167628e-05,0.2824684977531433,1181.4117134119667
2026-09-28T14:00:18,1228,1.5893886966551328e-05,0.30181142687797546,1181.506308824412
2026-09-28T14:00:37,1229,1.5890042291426375e-05,0.20010197162628174,1181.6187059649542
2026-09-28T14:00:51,1230,1.5886197616301425e-05,0.21685539186000824,1181.72614784722
2026-09-28T14:01:11,1231,1.5882352941176473e-05,0.2718616724014282,1181.861040634184
2026-09-28T14:01:51,1232,1.587850826605152e-05,0.3502468466758728,1181.8568272431532
2026-09-28T14:02:21,1233,1.587466359092657e-05,0.3045075237751007,1181.9198797737158
2026-09-28T14:02:41,1234,1.5870818915801614e-05,0.4110241234302521,1182.0114227361396
2026-09-28T14:02:57,1235,1.5866974240676665e-05,0.29951176047325134,1182.1505643351802
2026-09-28T14:03:32,1236,1.5863129565551712e-05,0.2458534985780716,1182.1398907356584
2026-09-28T14:03:41,1237,1.585928489042676e-05,0.22387923300266266,1182.188136682282
2026-09-28T14:03:57,1238,1.5855440215301806e-05,0.26035192608833313,1182.2760616858313
2026-09-28T14:04:27,1239,1.5851595540176857e-05,0.25334519147872925,1182.3624951780812
2026-09-28T14:05:19,1240,1.5847750865051904e-05,0.2993682622909546,1182.1206414833325
2026-09-28T14:05:33,1241,1.584390618992695e-05,0.2989102303981781,1182.2377921176399
2026-09-28T14:05:56,1242,1.5840061514802e-05,0.26965516805648804,1182.2874018323328
2026-09-28T14:07:14,1243,1.583621683967705e-05,0.19726315140724182,1181.8268042383927
2026-09-28T14:07:56,1244,1.5832372164552096e-05,0.31173041462898254,1181.7112745007885
2026-09-28T14:08:14,1245,1.5828527489427146e-05,0.2014557421207428,1181.7953294049812
2026-09-28T14:09:32,1246,1.5824682814302193e-05,0.4047495722770691,1181.3860321999941
2026-09-28T14:09:54,1247,1.582083813917724e-05,0.2090955674648285,1181.469825861405
2026-09-28T14:10:29,1248,1.5816993464052288e-05,0.3186034560203552,1181.4610716470702
2026-09-28T14:10:45,1249,1.5813148788927338e-05,0.2816469669342041,1181.569888125588
2026-09-28T14:10:58,1250,1.5809304113802385e-05,0.2963716685771942,1181.6727381795984
2026-09-28T14:11:11,1251,1.5805459438677433e-05,0.26243066787719727,1181.7772176287071
2026-09-28T14:11:34,1252,1.5801614763552483e-05,0.30439770221710205,1181.8966338482949
2026-09-28T14:11:55,1253,1.579777008842753e-05,0.2249627709388733,1181.9764151528755
2026-09-28T14:12:29,1254,1.5793925413302577e-05,0.32742464542388916,1182.0425925212967
2026-09-28T14:12:41,1255,1.5790080738177625e-05,0.18758052587509155,1182.1418085781925
2026-09-28T14:13:06,1256,1.5786236063052675e-05,0.3101668953895569,1182.2157186702711
2026-09-28T14:14:09,1257,1.5782391387927722e-05,0.33744996786117554,1181.8593057127428
2026-09-28T14:14:29,1258,1.577854671280277e-05,0.22574299573898315,1181.9580400454138
2026-09-28T14:14:45,1259,1.5774702037677817e-05,0.2355082482099533,1182.0376310602887
2026-09-28T14:15:34,1260,1.5770857362552864e-05,0.38128432631492615,1181.9866737976388
2026-09-28T14:15:53,1261,1.5767012687427914e-05,0.2720063626766205,1182.116870671209
2026-09-28T14:16:26,1262,1.576316801230296e-05,0.29929327964782715,1182.1577275807683
2026-09-28T14:17:06,1263,1.575932333717801e-05,0.2806359827518463,1182.1084021774348
2026-09-28T14:17:35,1264,1.575547866205306e-05,0.27033647894859314,1182.1761971927126
2026-09-28T14:18:10,1265,1.5751633986928106e-05,0.24845536053180695,1182.1931770344954
2026-09-28T14:18:59,1266,1.5747789311803153e-05,0.3290269076824188,1181.9884630893728
2026-09-28T14:19:23,1267,1.57439446366782e-05,0.32612353563308716,1182.032640959353
2026-09-28T14:19:49,1268,1.574009996155325e-05,0.6054221391677856,1182.050477788312
2026-09-28T14:20:05,1269,1.5736255286428298e-05,0.1859188675880432,1182.1433324292004
2026-09-28T14:20:19,1270,1.5732410611303345e-05,0.2535806894302368,1182.2578545391232
2026-09-28T14:20:43,1271,1.5728565936178396e-05,0.26995790004730225,1182.3090870375813
2026-09-28T14:20:57,1272,1.5724721261053443e-05,0.3091338872909546,1182.4188807095315
2026-09-28T14:21:17,1273,1.572087658592849e-05,0.2726425528526306,1182.4970674259005
2026-09-28T14:21:33,1274,1.5717031910803537e-05,0.22681830823421478,1182.6017771449647
2026-09-28T14:22:04,1275,1.5713187235678588e-05,0.27515387535095215,1182.5923301155156
2026-09-28T14:22:21,1276,1.5709342560553635e-05,0.21919773519039154,1182.6527177713954
2026-09-28T14:23:13,1277,1.5705497885428682e-05,0.29767340421676636,1182.545686613178
2026-09-28T14:24:33,1278,1.5701653210303733e-05,0.33886635303497314,1182.0000229522784
2026-09-28T14:25:23,1279,1.5697808535178776e-05,0.28422287106513977,1181.7826795284877
2026-09-28T14:25:53,1280,1.5693963860053827e-05,0.40409913659095764,1181.8001010987878
2026-09-28T14:27:09,1281,1.5690119184928878e-05,0.34159618616104126,1181.3983476850676
2026-09-28T14:28:10,1282,1.568627450980392e-05,0.3415507674217224,1181.1210279322406
2026-09-28T14:28:57,1283,1.5682429834678972e-05,0.3076682984828949,1180.936669519593
2026-09-28T14:29:24,1284,1.567858515955402e-05,0.304874449968338,1180.9984953629319
2026-09-28T14:29:42,1285,1.5674740484429066e-05,0.22101929783821106,1181.1089211563599
2026-09-28T14:30:01,1286,1.5670895809304113e-05,0.30274853110313416,1181.2194460239589
2026-09-28T14:30:15,1287,1.5667051134179164e-05,0.27892005443573,1181.3320291650464
2026-09-28T14:30:36,1288,1.566320645905421e-05,0.27444273233413696,1181.4452042951946
2026-09-28T14:31:09,1289,1.5659361783929258e-05,0.23638653755187988,1181.4370391173973
2026-09-28T14:31:29,1290,1.565551710880431e-05,0.2312246710062027,1181.5106397667626
2026-09-28T14:31:46,1291,1.5651672433679356e-05,0.21615996956825256,1181.6179869964799
2026-09-28T14:31:58,1292,1.5647827758554403e-05,0.2779296040534973,1181.7088476482163
2026-09-28T14:32:56,1293,1.5643983083429454e-05,0.25132715702056885,1181.477987483985
2026-09-28T14:33:16,1294,1.56401384083045e-05,0.2804562747478485,1181.553918040879
2026-09-28T14:34:01,1295,1.5636293733179548e-05,0.3132086992263794,1181.5778431952149
2026-09-28T14:34:45,1296,1.5632449058054595e-05,0.2627403736114502,1181.327785554749
2026-09-28T14:35:23,1297,1.5628604382929646e-05,0.31141015887260437,1181.2823980169967
2026-09-28T14:36:20,1298,1.562475970780469e-05,0.37285301089286804,1181.0957178029655
2026-09-28T14:36:42,1299,1.562091503267974e-05,0.2626187205314636,1181.1708095592578
2026-09-28T14:37:05,1300,1.561707035755479e-05,0.29532456398010254,1181.278541549004
2026-09-28T14:37:47,1301,1.5613225682429834e-05,0.28815868496894836,1181.2744897442133
2026-09-28T14:38:46,1302,1.5609381007304885e-05,0.3301160931587219,1181.0755015486905
2026-09-28T14:39:02,1303,1.5605536332179932e-05,0.2389485388994217,1181.2116608331717
2026-09-28T14:39:21,1304,1.560169165705498e-05,0.28899723291397095,1181.275504303837
2026-09-28T14:40:18,1305,1.5597846981930026e-05,0.22670899331569672,1181.011047195165
2026-09-28T14:40:43,1306,1.5594002306805077e-05,0.251198947429657,1180.987804126944
2026-09-28T14:40:57,1307,1.5590157631680124e-05,0.2747226357460022,1181.0938787225214
2026-09-28T14:41:08,1308,1.558631295655517e-05,0.25852876901626587,1181.1727473945787
2026-09-28T14:42:08,1309,1.558246828143022e-05,0.32851165533065796,1180.9901737700202
2026-09-28T14:43:21,1310,1.557862360630527e-05,0.3313620686531067,1180.6585380832007
2026-09-28T14:43:41,1311,1.5574778931180316e-05,0.2582715153694153,1180.7776153725572
2026-09-28T14:43:59,1312,1.5570934256055366e-05,0.2990407347679138,1180.8695392961497
2026-09-28T14:44:47,1313,1.5567089580930413e-05,0.3128972053527832,1180.6699699290798
2026-09-28T14:45:20,1314,1.556324490580546e-05,0.30542176961898804,1180.6955477284002
2026-09-28T14:45:48,1315,1.5559400230680508e-05,0.29943516850471497,1180.7051942407854
2026-09-28T14:46:06,1316,1.555555555555556e-05,0.2694643437862396,1180.7919996486094
2026-09-28T14:46:18,1317,1.5551710880430605e-05,0.2817569375038147,1180.8602394753834
2026-09-28T14:46:29,1318,1.5547866205305653e-05,0.24866773188114166,1180.9366829354976
2026-09-28T14:46:43,1319,1.5544021530180703e-05,0.2616612911224365,1181.0328246047372
2026-09-28T14:47:05,1320,1.5540176855055747e-05,0.2860817313194275,1181.106420755736
2026-09-28T14:47:58,1321,1.5536332179930797e-05,0.2239932119846344,1180.8953725031663
2026-09-28T14:48:39,1322,1.5532487504805845e-05,0.3223789930343628,1180.7985573503297
2026-09-28T14:48:57,1323,1.5528642829680892e-05,0.23670244216918945,1180.8636332714786
2026-09-28T14:49:15,1324,1.5524798154555942e-05,0.2557443380355835,1180.8985402584265
2026-09-28T14:49:36,1325,1.552095347943099e-05,0.20592261850833893,1180.9817804663967
2026-09-28T14:50:01,1326,1.5517108804306037e-05,0.3531351089477539,1181.0654085155406
2026-09-28T14:50:38,1327,1.5513264129181084e-05,0.2584429979324341,1180.9736112211792
2026-09-28T14:50:49,1328,1.5509419454056134e-05,0.25061309337615967,1181.0624469827505
2026-09-28T14:51:01,1329,1.550557477893118e-05,0.24829751253128052,1181.1503303625304
2026-09-28T14:51:50,1330,1.550173010380623e-05,0.3476359248161316,1180.963025387617
2026-09-28T14:52:14,1331,1.549788542868128e-05,0.2718733549118042,1181.0619556737959
2026-09-28T14:52:28,1332,1.5494040753556326e-05,0.3020605444908142,1181.1538749056049
2026-09-28T14:53:13,1333,1.5490196078431373e-05,0.346434086561203,1181.096668182355
2026-09-28T14:53:38,1334,1.548635140330642e-05,0.2396329790353775,1181.1931297553724
2026-09-28T14:54:22,1335,1.548250672818147e-05,0.35213667154312134,1180.947023664738
2026-09-28T14:55:15,1336,1.5478662053056518e-05,0.2671965956687927,1180.73172372418
2026-09-28T14:55:50,1337,1.5474817377931565e-05,0.32357946038246155,1180.700297023635
2026-09-28T14:56:15,1338,1.5470972702806616e-05,0.3139045238494873,1180.7579095001477
2026-09-28T14:56:42,1339,1.5467128027681663e-05,0.26462531089782715,1180.8357941031522
2026-09-28T14:57:06,1340,1.546328335255671e-05,0.2153647541999817,1180.9114887393248
2026-09-28T14:57:29,1341,1.5459438677431757e-05,0.26883840560913086,1180.993703423774
2026-09-28T14:58:09,1342,1.5455594002306808e-05,0.3319186568260193,1180.8919243352636
2026-09-28T14:58:20,1343,1.5451749327181855e-05,0.20985254645347595,1180.9689273866643
2026-09-28T14:58:49,1344,1.5447904652056902e-05,0.2567424178123474,1181.0435773781799
2026-09-28T14:59:21,1345,1.544405997693195e-05,0.23051691055297852,1181.0214520208913
2026-09-28T14:59:45,1346,1.5440215301806997e-05,0.2973024249076843,1181.120912276811
2026-09-28T15:00:06,1347,1.5436370626682047e-05,0.2595994472503662,1181.2167019688188
2026-09-28T15:00:36,1348,1.5432525951557094e-05,0.25374165177345276,1181.2673250104408
2026-09-28T15:01:02,1349,1.542868127643214e-05,0.27928972244262695,1181.2950098672025
2026-09-28T15:01:41,1350,1.5424836601307192e-05,0.4054334759712219,1181.2587989843898
2026-09-28T15:02:03,1351,1.542099192618224e-05,0.32842230796813965,1181.3686176954454
2026-09-28T15:02:49,1352,1.5417147251057286e-05,0.2817753553390503,1181.3206238119824
2026-09-28T15:03:05,1353,1.5413302575932333e-05,0.278023362159729,1181.3898493961738
2026-09-28T15:03:23,1354,1.5409457900807384e-05,0.28441542387008667,1181.4695497513128
2026-09-28T15:04:11,1355,1.540561322568243e-05,0.2733516991138458,1181.2832645413587
2026-09-28T15:04:41,1356,1.5401768550557478e-05,0.28315219283103943,1181.3682293186214
2026-09-28T15:05:00,1357,1.539792387543253e-05,0.6512554883956909,1181.442950722682
2026-09-28T15:05:17,1358,1.5394079200307576e-05,0.2386629581451416,1181.5335198219568
2026-09-28T15:05:39,1359,1.5390234525182623e-05,0.23674122989177704,1181.6243674666223
2026-09-28T15:06:03,1360,1.5386389850057674e-05,0.29724159836769104,1181.6703251936988
2026-09-28T15:06:20,1361,1.538254517493272e-05,0.4500744044780731,1181.7779063281048
2026-09-28T15:06:37,1362,1.5378700499807768e-05,0.3184624910354614,1181.8681308581195
2026-09-28T15:06:55,1363,1.5374855824682815e-05,0.30687180161476135,1181.9566573707325
2026-09-28T15:07:42,1364,1.5371011149557866e-05,0.3308052718639374,1181.8684422913952
2026-09-28T15:08:32,1365,1.536716647443291e-05,0.3796084523200989,1181.6904799364813
2026-09-28T15:08:44,1366,1.536332179930796e-05,0.220315620303154,1181.7729934646493
2026-09-28T15:09:07,1367,1.5359477124183007e-05,0.30240172147750854,1181.8340249951857
2026-09-28T15:09:18,1368,1.5355632449058054e-05,0.28514212369918823,1181.9079468447194
2026-09-28T15:09:50,1369,1.5351787773933105e-05,0.30232125520706177,1181.882784107443
2026-09-28T15:10:15,1370,1.5347943098808152e-05,0.25279152393341064,1181.9623899980986
2026-09-28T15:10:30,1371,1.53440984236832e-05,0.23521414399147034,1182.0733212708058
2026-09-28T15:11:00,1372,1.5340253748558246e-05,0.2663770318031311,1182.1470240061474
2026-09-28T15:11:44,1373,1.5336409073433297e-05,0.3054227828979492,1181.9343686234197
2026-09-28T15:12:06,1374,1.5332564398308344e-05,0.3004567623138428,1182.0475812985762
2026-09-28T15:12:31,1375,1.532871972318339e-05,0.2831774353981018,1182.1183704334767
2026-09-28T15:12:44,1376,1.532487504805844e-05,0.31111812591552734,1182.2037203511697
2026-09-28T15:12:56,1377,1.532103037293349e-05,0.2830427587032318,1182.2912852909037
2026-09-28T15:13:07,1378,1.5317185697808536e-05,0.24185685813426971,1182.3602616954443
2026-09-28T15:13:39,1379,1.5313341022683586e-05,0.2411055564880371,1182.3118277089604
2026-09-28T15:14:26,1380,1.5309496347558634e-05,0.3891390562057495,1182.2807156859526
2026-09-28T15:14:39,1381,1.530565167243368e-05,0.23602008819580078,1182.377219520621
2026-09-28T15:14:50,1382,1.5301806997308728e-05,0.23887652158737183,1182.449224204612
2026-09-28T15:15:05,1383,1.529796232218378e-05,0.30045467615127563,1182.5638917762049
2026-09-28T15:15:34,1384,1.5294117647058822e-05,0.24441704154014587,1182.5923262427652
2026-09-28T15:16:03,1385,1.5290272971933873e-05,0.2255544811487198,1182.5947632824848
2026-09-28T15:16:16,1386,1.5286428296808923e-05,0.23050367832183838,1182.6866237696083
2026-09-28T15:16:31,1387,1.5282583621683967e-05,0.24780337512493134,1182.778260741159
2026-09-28T15:17:23,1388,1.5278738946559018e-05,0.29567980766296387,1182.6044585107386
2026-09-28T15:17:41,1389,1.5274894271434065e-05,0.24483326077461243,1182.6811974250331
2026-09-28T15:18:21,1390,1.5271049596309112e-05,0.33491459488868713,1182.6463990934665
2026-09-28T15:18:38,1391,1.5267204921184162e-05,0.2177257537841797,1182.753619915192
2026-09-28T15:19:54,1392,1.526336024605921e-05,0.3099452555179596,1182.3992074997043
2026-09-28T15:20:21,1393,1.5259515570934257e-05,0.3020446002483368,1182.491393468444
2026-09-28T15:20:37,1394,1.5255670895809306e-05,0.2669931948184967,1182.5756656456097
2026-09-28T15:20:51,1395,1.5251826220684354e-05,0.26064878702163696,1182.66740339332
2026-09-28T15:21:08,1396,1.52479815455594e-05,0.3207443952560425,1182.778662686425
2026-09-28T15:21:32,1397,1.5244136870434449e-05,0.25180715322494507,1182.7809568670693
2026-09-28T15:21:45,1398,1.52402921953095e-05,0.2805248498916626,1182.870725081747
2026-09-28T15:21:55,1399,1.5236447520184545e-05,0.24717608094215393,1182.9346787626669
2026-09-28T15:22:16,1400,1.5232602845059594e-05,0.33570587635040283,1183.0610118539032
2026-09-28T15:22:35,1401,1.522875816993464e-05,0.2984395921230316,1183.1440374682945
2026-09-28T15:22:59,1402,1.522491349480969e-05,0.23748885095119476,1183.2216325629395
2026-09-28T15:23:32,1403,1.5221068819684738e-05,0.19942617416381836,1183.1845035161514
2026-09-28T15:23:51,1404,1.5217224144559786e-05,0.322792112827301,1183.2876042475023
2026-09-28T15:24:22,1405,1.5213379469434834e-05,0.22521673142910004,1183.332862216052
2026-09-28T15:24:34,1406,1.5209534794309882e-05,0.30160996317863464,1183.4141254262734
2026-09-28T15:24:59,1407,1.520569011918493e-05,0.32446959614753723,1183.454568605145
2026-09-28T15:25:31,1408,1.5201845444059978e-05,0.29255610704421997,1183.523133160426
2026-09-28T15:26:25,1409,1.5198000768935026e-05,0.3062507212162018,1183.3338110243901
2026-09-28T15:26:43,1410,1.5194156093810075e-05,0.312722772359848,1183.4272947833258
2026-09-28T15:26:55,1411,1.5190311418685122e-05,0.2989223897457123,1183.5128514781504
2026-09-28T15:27:19,1412,1.5186466743560171e-05,0.38802647590637207,1183.584029918382
2026-09-28T15:27:42,1413,1.5182622068435218e-05,0.29443010687828064,1183.6850814835661
2026-09-28T15:27:53,1414,1.5178777393310267e-05,0.2658749222755432,1183.7580931050632
2026-09-28T15:28:32,1415,1.5174932718185316e-05,0.26944753527641296,1183.662657479856
2026-09-28T15:28:52,1416,1.5171088043060363e-05,0.2867449223995209,1183.7414186988055
2026-09-28T15:29:26,1417,1.5167243367935412e-05,0.28343769907951355,1183.7224053492212
2026-09-28T15:29:36,1418,1.5163398692810458e-05,0.23222658038139343,1183.7804690988355
2026-09-28T15:30:05,1419,1.5159554017685506e-05,0.24003265798091888,1183.8215865540085
2026-09-28T15:30:22,1420,1.5155709342560554e-05,0.24247804284095764,1183.9342869580198
2026-09-28T15:30:44,1421,1.5151864667435602e-05,0.29915958642959595,1184.0471513406214
2026-09-28T15:31:53,1422,1.5148019992310651e-05,0.3686368465423584,1183.8181745486506
2026-09-28T15:32:07,1423,1.5144175317185698e-05,0.20978552103042603,1183.8928745248304
2026-09-28T15:32:48,1424,1.5140330642060747e-05,0.30775541067123413,1183.9081316405993
2026-09-28T15:33:09,1425,1.5136485966935794e-05,0.2920917868614197,1184.0157435305478
2026-09-28T15:34:00,1426,1.5132641291810843e-05,0.2874562740325928,1183.8969318862014
2026-09-28T15:34:17,1427,1.5128796616685892e-05,0.27967411279678345,1183.9952796932996
2026-09-28T15:34:35,1428,1.512495194156094e-05,0.2655487656593323,1184.1002167780102
2026-09-28T15:34:49,1429,1.5121107266435988e-05,0.3247682452201843,1184.2015725720555
2026-09-28T15:35:43,1430,1.5117262591311035e-05,0.2383197695016861,1184.0053899525499
2026-09-28T15:35:58,1431,1.5113417916186084e-05,0.26497194170951843,1184.0637308290286
2026-09-28T15:36:36,1432,1.5109573241061131e-05,0.33504214882850647,1184.087530398009
2026-09-28T15:36:50,1433,1.510572856593618e-05,0.26542603969573975,1184.1808747344028
2026-09-28T15:37:24,1434,1.5101883890811229e-05,0.24931097030639648,1184.1708361233082
2026-09-28T15:37:39,1435,1.5098039215686276e-05,0.2569076120853424,1184.2666079907742
2026-09-28T15:38:02,1436,1.5094194540561325e-05,0.27554023265838623,1184.343299271575
2026-09-28T15:38:16,1437,1.509034986543637e-05,0.2220262587070465,1184.4516915219613
2026-09-28T15:38:44,1438,1.5086505190311421e-05,0.26203158497810364,1184.4497227598647
2026-09-28T15:39:10,1439,1.5082660515186466e-05,0.26994723081588745,1184.4646058826427
2026-09-28T15:39:24,1440,1.5078815840061515e-05,0.23190051317214966,1184.5680688416553
2026-09-28T15:39:48,1441,1.5074971164936566e-05,0.3011264503002167,1184.6459262154233
2026-09-28T15:40:45,1442,1.5071126489811611e-05,0.29160624742507935,1184.4941726780798
2026-09-28T15:41:43,1443,1.506728181468666e-05,0.2833828330039978,1184.3331555994657
2026-09-28T15:42:51,1444,1.5063437139561707e-05,0.31014877557754517,1184.0695659319813
2026-09-28T15:43:14,1445,1.5059592464436756e-05,0.26907169818878174,1184.139687672756
2026-09-28T15:44:01,1446,1.5055747789311805e-05,0.3678133487701416,1183.938940812723
2026-09-28T15:44:41,1447,1.5051903114186852e-05,0.34208181500434875,1183.8770930833477
2026-09-28T15:45:42,1448,1.50480584390619e-05,0.36927342414855957,1183.646206426794
2026-09-28T15:47:06,1449,1.5044213763936948e-05,0.2619224786758423,1183.2431088764597
2026-09-28T15:47:36,1450,1.5040369088811997e-05,0.29723119735717773,1183.2381257464863
2026-09-28T15:48:13,1451,1.5036524413687044e-05,0.33304697275161743,1183.2152144983984
2026-09-28T15:48:31,1452,1.5032679738562093e-05,0.24413307011127472,1183.3037711921172
2026-09-28T15:48:49,1453,1.5028835063437142e-05,0.29706400632858276,1183.407100596162
2026-09-28T15:49:22,1454,1.5024990388312189e-05,0.3341013789176941,1183.4091849519361
2026-09-28T15:49:49,1455,1.5021145713187238e-05,0.2617085576057434,1183.4601609581125
2026-09-28T15:50:01,1456,1.5017301038062285e-05,0.2910991311073303,1183.5419737052891
2026-09-28T15:50:45,1457,1.5013456362937334e-05,0.28658008575439453,1183.4903541596166
2026-09-28T15:51:19,1458,1.5009611687812383e-05,0.3237113952636719,1183.5192451533437
2026-09-28T15:52:06,1459,1.500576701268743e-05,0.3062998354434967,1183.3829730294794
2026-09-28T15:52:16,1460,1.5001922337562478e-05,0.23731836676597595,1183.4485152841123
2026-09-28T15:52:37,1461,1.4998077662437524e-05,0.3015383183956146,1183.5379482929231
2026-09-28T15:53:08,1462,1.4994232987312573e-05,0.26767903566360474,1183.5075186428576
2026-09-28T15:53:29,1463,1.499038831218762e-05,0.20649635791778564,1183.5529744819105
2026-09-28T15:53:58,1464,1.4986543637062669e-05,0.4337681531906128,1183.5889383336885
2026-09-28T15:54:14,1465,1.4982698961937718e-05,0.30044642090797424,1183.6716488489487
2026-09-28T15:54:25,1466,1.4978854286812765e-05,0.20462030172348022,1183.7288562169451
2026-09-28T15:55:08,1467,1.4975009611687814e-05,0.28738999366760254,1183.6888596534893
2026-09-28T15:55:38,1468,1.497116493656286e-05,0.25290000438690186,1183.7252257683288
2026-09-28T15:56:24,1469,1.496732026143791e-05,0.35560640692710876,1183.5263038795567
2026-09-28T15:56:42,1470,1.4963475586312958e-05,0.24705366790294647,1183.601195590119
2026-09-28T15:57:16,1471,1.4959630911188006e-05,0.3337564766407013,1183.6244426393157
2026-09-28T15:58:06,1472,1.4955786236063054e-05,0.31408289074897766,1183.4324819013812
2026-09-28T15:58:20,1473,1.4951941560938102e-05,0.24450764060020447,1183.4961914285702
2026-09-28T15:58:37,1474,1.494809688581315e-05,0.30160221457481384,1183.5588014054545
2026-09-28T16:00:11,1475,1.4944252210688198e-05,0.321334570646286,1183.1164706485474
2026-09-28T16:01:09,1476,1.4940407535563246e-05,0.2533453106880188,1182.8801070025193
2026-09-28T16:01:46,1477,1.4936562860438295e-05,0.3910965323448181,1182.8928998018444
2026-09-28T16:02:10,1478,1.4932718185313342e-05,0.2553207278251648,1182.9460932888471
2026-09-28T16:02:50,1479,1.4928873510188391e-05,0.34701991081237793,1182.8549933919999
2026-09-28T16:03:17,1480,1.4925028835063437e-05,0.29996436834335327,1182.9414576995327
2026-09-28T16:03:45,1481,1.4921184159938487e-05,0.2837928235530853,1183.0218099080423
2026-09-28T16:04:21,1482,1.4917339484813536e-05,0.3109668493270874,1182.973824464953
2026-09-28T16:04:34,1483,1.4913494809688582e-05,0.29118818044662476,1183.064873294045
2026-09-28T16:04:53,1484,1.4909650134563632e-05,0.2543291747570038,1183.1528773304901
2026-09-28T16:05:43,1485,1.4905805459438678e-05,0.33834582567214966,1182.9147454104748
2026-09-28T16:05:59,1486,1.4901960784313726e-05,0.2201501429080963,1183.0302789643881
2026-09-28T16:06:15,1487,1.4898116109188774e-05,0.23585598170757294,1183.1370195958018
2026-09-28T16:06:43,1488,1.4894271434063822e-05,0.22435657680034637,1183.221406598852
2026-09-28T16:06:58,1489,1.4890426758938871e-05,0.23966416716575623,1183.2811366565381
2026-09-28T16:07:23,1490,1.4886582083813918e-05,0.30027854442596436,1183.3535403428345
2026-09-28T16:07:44,1491,1.4882737408688967e-05,0.2584075331687927,1183.4449118053012
2026-09-28T16:08:00,1492,1.4878892733564014e-05,0.21948957443237305,1183.526796950012
2026-09-28T16:08:14,1493,1.4875048058439063e-05,0.29768598079681396,1183.5818493301372
2026-09-28T16:08:33,1494,1.487120338331411e-05,0.18864893913269043,1183.650739491577
2026-09-28T16:09:26,1495,1.486735870818916e-05,0.41658368706703186,1183.5289438067498
2026-09-28T16:09:43,1496,1.4863514033064208e-05,0.21862651407718658,1183.6017936971054
2026-09-28T16:10:57,1497,1.4859669357939255e-05,0.3496577739715576,1183.1891000957157
2026-09-28T16:11:55,1498,1.4855824682814304e-05,0.3905944228172302,1182.997317999355
2026-09-28T16:12:35,1499,1.4851980007689351e-05,0.2935790419578552,1183.0335286841835
2026-09-28T16:12:52,1500,1.48481353325644e-05,0.22610580921173096,1183.1284923234284
2026-09-28T16:13:16,1501,1.4844290657439449e-05,0.2777974307537079,1183.1429335884918
2026-09-28T16:13:38,1502,1.4840445982314496e-05,0.34039542078971863,1183.2406588146578
2026-09-28T16:13:50,1503,1.4836601307189545e-05,0.33773118257522583,1183.3117420089527
2026-09-28T16:14:18,1504,1.483275663206459e-05,0.26862382888793945,1183.403315352698
2026-09-28T16:14:30,1505,1.482891195693964e-05,0.3512004613876343,1183.485206279288
2026-09-28T16:14:51,1506,1.4825067281814686e-05,0.2504395544528961,1183.5775284303209
2026-09-28T16:15:38,1507,1.4821222606689735e-05,0.32985901832580566,1183.408885879914
2026-09-28T16:16:03,1508,1.4817377931564784e-05,0.19580674171447754,1183.5032736351695
2026-09-28T16:17:21,1509,1.4813533256439831e-05,0.29980599880218506,1183.1297375118627
2026-09-28T16:17:49,1510,1.480968858131488e-05,0.30628490447998047,1183.1974340749334
2026-09-28T16:18:49,1511,1.4805843906189927e-05,0.3360709547996521,1182.9674381982738
2026-09-28T16:19:22,1512,1.4801999231064976e-05,0.3438844084739685,1183.008791966941
2026-09-28T16:19:47,1513,1.4798154555940025e-05,0.30989870429039,1183.0935272291288
2026-09-28T16:20:02,1514,1.4794309880815072e-05,0.20007622241973877,1183.154493845844
2026-09-28T16:20:11,1515,1.4790465205690121e-05,0.18264010548591614,1183.2020044624269
2026-09-28T16:20:41,1516,1.4786620530565168e-05,0.2976759672164917,1183.2601279501941
2026-09-28T16:21:39,1517,1.4782775855440217e-05,0.344030499458313,1183.0944618816056
2026-09-28T16:22:00,1518,1.4778931180315264e-05,0.28297311067581177,1183.1421586664865
2026-09-28T16:22:50,1519,1.4775086505190313e-05,0.23952795565128326,1182.9784369192441
2026-09-28T16:23:54,1520,1.4771241830065362e-05,0.34022676944732666,1182.7684853229748
2026-09-28T16:24:07,1521,1.4767397154940409e-05,0.27071645855903625,1182.8541671164003
2026-09-28T16:24:58,1522,1.4763552479815458e-05,0.24253031611442566,1182.6500385593647
2026-09-28T16:25:18,1523,1.4759707804690503e-05,0.26148080825805664,1182.7114882345525
2026-09-28T16:26:08,1524,1.4755863129565554e-05,0.34274280071258545,1182.647623826007
2026-09-28T16:26:28,1525,1.4752018454440603e-05,0.2900974154472351,1182.7191005001878
2026-09-28T16:27:16,1526,1.4748173779315648e-05,0.25695741176605225,1182.637531674891
2026-09-28T16:27:44,1527,1.4744329104190697e-05,0.21542926132678986,1182.7121546575988
2026-09-28T16:28:31,1528,1.4740484429065744e-05,0.3239980936050415,1182.6413035780183
2026-09-28T16:29:32,1529,1.4736639753940793e-05,0.2915828227996826,1182.4607134352293
2026-09-28T16:30:26,1530,1.473279507881584e-05,0.30344170331954956,1182.2798437018155
2026-09-28T16:30:42,1531,1.4728950403690889e-05,0.23028424382209778,1182.3436262511373
2026-09-28T16:31:27,1532,1.4725105728565938e-05,0.2635529041290283,1182.1511259441886
2026-09-28T16:32:13,1533,1.4721261053440985e-05,0.2514394223690033,1182.0725219062822
2026-09-28T16:32:45,1534,1.4717416378316034e-05,0.3219464421272278,1182.1415927394737
2026-09-28T16:33:32,1535,1.4713571703191081e-05,0.29927822947502136,1182.0234320199754
2026-09-28T16:33:44,1536,1.470972702806613e-05,0.23630748689174652,1182.1018368948944
2026-09-28T16:34:07,1537,1.4705882352941179e-05,0.28036996722221375,1182.1845820888157
2026-09-28T16:34:54,1538,1.4702037677816226e-05,0.29323810338974,1182.0171894829346
2026-09-28T16:35:16,1539,1.4698193002691275e-05,0.323383629322052,1182.1108904015928
2026-09-28T16:35:36,1540,1.4694348327566322e-05,0.2527552843093872,1182.1704772814974
2026-09-28T16:35:50,1541,1.469050365244137e-05,0.28978967666625977,1182.2465330861185
2026-09-28T16:36:28,1542,1.4686658977316418e-05,0.255514532327652,1182.2461771234507
2026-09-28T16:37:03,1543,1.4682814302191467e-05,0.2860296368598938,1182.2594745696776
2026-09-28T16:37:26,1544,1.4678969627066515e-05,0.21802690625190735,1182.3593455520218
2026-09-28T16:38:05,1545,1.4675124951941563e-05,0.2503557503223419,1182.3314261254648
2026-09-28T16:38:30,1546,1.4671280276816611e-05,0.3010939359664917,1182.3703772765996
2026-09-28T16:38:56,1547,1.4667435601691657e-05,0.29723891615867615,1182.4310771071068
2026-09-28T16:39:22,1548,1.4663590926566706e-05,0.34995001554489136,1182.5196437042646
2026-09-28T16:39:47,1549,1.4659746251441756e-05,0.34989309310913086,1182.5980870849164
2026-09-28T16:40:02,1550,1.4655901576316802e-05,0.22909750044345856,1182.658274066336
2026-09-28T16:40:22,1551,1.465205690119185e-05,0.2444155514240265,1182.7287553475553
2026-09-28T16:40:35,1552,1.4648212226066898e-05,0.23536120355129242,1182.811384177381
2026-09-28T16:40:58,1553,1.4644367550941947e-05,0.45732519030570984,1182.8834821453595
2026-09-28T16:41:45,1554,1.4640522875816994e-05,0.34031763672828674,1182.8616793991678
2026-09-28T16:43:05,1555,1.4636678200692043e-05,0.28380000591278076,1182.539937335928
2026-09-28T16:43:17,1556,1.4632833525567091e-05,0.22235555946826935,1182.6083899969613
2026-09-28T16:43:34,1557,1.4628988850442139e-05,0.23599520325660706,1182.67824018134
2026-09-28T16:44:14,1558,1.4625144175317187e-05,0.24746744334697723,1182.630203662168
2026-09-28T16:45:01,1559,1.4621299500192235e-05,0.31350815296173096,1182.5434388059969
2026-09-28T16:45:16,1560,1.4617454825067283e-05,0.25639063119888306,1182.6372114092835
2026-09-28T16:46:03,1561,1.461361014994233e-05,0.3122186064720154,1182.4784616850156
2026-09-28T16:46:27,1562,1.460976547481738e-05,0.23705238103866577,1182.52756265215
2026-09-28T16:46:39,1563,1.4605920799692428e-05,0.22401921451091766,1182.5860121550234
2026-09-28T16:47:11,1564,1.4602076124567475e-05,0.26472920179367065,1182.596290248055
2026-09-28T16:47:37,1565,1.4598231449442524e-05,0.2670210003852844,1182.6005908519364
2026-09-28T16:47:52,1566,1.459438677431757e-05,0.23208755254745483,1182.694850953011
2026-09-28T16:48:05,1567,1.459054209919262e-05,0.17299631237983704,1182.7373475701158
2026-09-28T16:48:28,1568,1.4586697424067669e-05,0.19088943302631378,1182.7319635351193
2026-09-28T16:48:59,1569,1.4582852748942715e-05,0.2955693304538727,1182.7145163848572
2026-09-28T16:49:22,1570,1.4579008073817763e-05,0.21030095219612122,1182.7781771043876
2026-09-28T16:49:46,1571,1.457516339869281e-05,0.28634873032569885,1182.8340566209279
2026-09-28T16:50:20,1572,1.457131872356786e-05,0.2104213535785675,1182.885959230948
2026-09-28T16:50:42,1573,1.4567474048442906e-05,0.22546184062957764,1182.9442645787183
2026-09-28T16:51:02,1574,1.4563629373317955e-05,0.27613943815231323,1183.0358645640993
2026-09-28T16:51:43,1575,1.4559784698193004e-05,0.3190799355506897,1183.0573314348808
2026-09-28T16:51:51,1576,1.4555940023068051e-05,0.22098559141159058,1183.0886630450227
2026-09-28T16:52:28,1577,1.45520953479431e-05,0.34657448530197144,1183.1008933607036
2026-09-28T16:52:48,1578,1.4548250672818147e-05,0.28604596853256226,1183.1942014606332
2026-09-28T16:53:09,1579,1.4544405997693196e-05,0.2747849225997925,1183.2694312002639
2026-09-28T16:53:40,1580,1.4540561322568245e-05,0.2742127478122711,1183.2753601288557
2026-09-28T16:54:33,1581,1.4536716647443292e-05,0.29957255721092224,1183.1579031392655
2026-09-28T16:55:19,1582,1.4532871972318341e-05,0.34433573484420776,1183.1085876800512
2026-09-28T16:55:47,1583,1.4529027297193388e-05,0.2592753767967224,1183.1311491939775
2026-09-28T16:56:22,1584,1.4525182622068437e-05,0.2721920311450958,1183.1444656681483
2026-09-28T16:56:54,1585,1.4521337946943484e-05,0.3459872603416443,1183.1812414505098
2026-09-28T16:57:25,1586,1.4517493271818533e-05,0.2889305055141449,1183.1661686243258
2026-09-28T16:57:37,1587,1.4513648596693582e-05,0.2670578956604004,1183.2508201305623
2026-09-28T16:58:30,1588,1.4509803921568629e-05,0.2107684314250946,1183.1185029336355
2026-09-28T16:58:58,1589,1.4505959246443678e-05,0.44100961089134216,1183.1569210003654
2026-09-28T16:59:10,1590,1.4502114571318723e-05,0.21606364846229553,1183.2250831237027
2026-09-28T16:59:40,1591,1.4498269896193772e-05,0.2589532732963562,1183.2412955883349
2026-09-28T17:00:22,1592,1.4494425221068823e-05,0.28550225496292114,1183.2382709518558
2026-09-28T17:01:03,1593,1.4490580545943868e-05,0.29209834337234497,1183.2038772727694
2026-09-28T17:01:22,1594,1.4486735870818917e-05,0.1926397830247879,1183.2823647948014
2026-09-28T17:01:36,1595,1.4482891195693964e-05,0.255569189786911,1183.338518543237
2026-09-28T17:02:26,1596,1.4479046520569013e-05,0.2223328799009323,1183.1901685236392
2026-09-28T17:02:58,1597,1.447520184544406e-05,0.2490563690662384,1183.1425768720053
2026-09-28T17:03:31,1598,1.4471357170319109e-05,0.20969191193580627,1183.1063374653863
2026-09-28T17:03:42,1599,1.4467512495194158e-05,0.27179062366485596,1183.1549929311163
2026-09-28T17:04:02,1600,1.4463667820069205e-05,0.294620156288147,1183.258568483355
2026-09-28T17:04:37,1601,1.4459823144944254e-05,0.29218822717666626,1183.2635880917858
2026-09-28T17:05:23,1602,1.4455978469819301e-05,0.3581688404083252,1183.1958530941347
2026-09-28T17:05:42,1603,1.445213379469435e-05,0.18275506794452667,1183.2770309970156
2026-09-28T17:05:57,1604,1.4448289119569399e-05,0.30459755659103394,1183.3711393876379
2026-09-28T17:06:20,1605,1.4444444444444446e-05,0.2668020725250244,1183.4619433908613
2026-09-28T17:06:40,1606,1.4440599769319495e-05,0.26261377334594727,1183.5583104162715
2026-09-28T17:06:59,1607,1.4436755094194542e-05,0.22724437713623047,1183.628077310303
2026-09-28T17:07:15,1608,1.443291041906959e-05,0.26921409368515015,1183.6791981562117
2026-09-28T17:07:41,1609,1.4429065743944636e-05,0.3212069272994995,1183.7494564722879
2026-09-28T17:07:58,1610,1.4425221068819687e-05,0.26287841796875,1183.859879274001
2026-09-28T17:08:10,1611,1.4421376393694735e-05,0.23591235280036926,1183.9272362589063
2026-09-28T17:08:26,1612,1.4417531718569781e-05,0.2133658081293106,1184.0132567600945
2026-09-28T17:09:06,1613,1.441368704344483e-05,0.2819232940673828,1183.9810266360942
2026-09-28T17:09:26,1614,1.4409842368319877e-05,0.3033560812473297,1184.0009216989877
2026-09-28T17:09:37,1615,1.4405997693194926e-05,0.24506592750549316,1184.062176432106
2026-09-28T17:09:48,1616,1.4402153018069975e-05,0.2473307102918625,1184.1213543037372
2026-09-28T17:10:24,1617,1.4398308342945022e-05,0.34594929218292236,1184.1116525303585
2026-09-28T17:11:16,1618,1.439446366782007e-05,0.3835541307926178,1184.0109864363287
2026-09-28T17:11:35,1619,1.4390618992695118e-05,0.29085755348205566,1184.1117939588696
2026-09-28T17:12:28,1620,1.4386774317570167e-05,0.38237541913986206,1183.9675455607305
2026-09-28T17:13:24,1621,1.4382929642445214e-05,0.3104201853275299,1183.8112570053395
2026-09-28T17:13:56,1622,1.4379084967320263e-05,0.2956092953681946,1183.8366581310684
2026-09-28T17:14:31,1623,1.4375240292195311e-05,0.2611970007419586,1183.894883371241
2026-09-28T17:14:42,1624,1.4371395617070359e-05,0.21695317327976227,1183.9484456110963
2026-09-28T17:15:04,1625,1.4367550941945407e-05,0.26919761300086975,1184.0210126724103
2026-09-28T17:16:32,1626,1.4363706266820455e-05,0.409054696559906,1183.618167715705
2026-09-28T17:17:26,1627,1.4359861591695503e-05,0.41312187910079956,1183.5465179657617
2026-09-28T17:18:13,1628,1.435601691657055e-05,0.295263409614563,1183.3575049417195
2026-09-28T17:18:43,1629,1.43521722414456e-05,0.27214276790618896,1183.4037342207987
2026-09-28T17:18:54,1630,1.4348327566320648e-05,0.27701327204704285,1183.4722329882577
2026-09-28T17:19:23,1631,1.4344482891195694e-05,0.26409363746643066,1183.523483636039
2026-09-28T17:19:33,1632,1.4340638216070744e-05,0.22835633158683777,1183.5798081914475
2026-09-28T17:20:10,1633,1.433679354094579e-05,0.22685787081718445,1183.516376046342
2026-09-28T17:20:27,1634,1.4332948865820839e-05,0.26884961128234863,1183.5962000601023
2026-09-28T17:21:18,1635,1.4329104190695889e-05,0.2948223650455475,1183.4310548986837
2026-09-28T17:21:38,1636,1.4325259515570935e-05,0.22155416011810303,1183.508794709213
2026-09-28T17:22:04,1637,1.4321414840445983e-05,0.24922774732112885,1183.526553461305
2026-09-28T17:22:19,1638,1.431757016532103e-05,0.25442731380462646,1183.6093809354015
2026-09-28T17:23:13,1639,1.431372549019608e-05,0.2250925749540329,1183.5051357932937
2026-09-28T17:23:25,1640,1.4309880815071127e-05,0.22945532202720642,1183.5736614387924
2026-09-28T17:23:54,1641,1.4306036139946175e-05,0.20623454451560974,1183.5805233881304
2026-09-28T17:24:37,1642,1.4302191464821224e-05,0.2960774898529053,1183.5271878622327
2026-09-28T17:24:56,1643,1.4298346789696271e-05,0.2208070158958435,1183.625532554055
2026-09-28T17:25:15,1644,1.429450211457132e-05,0.2590612769126892,1183.7089366108883
2026-09-28T17:26:00,1645,1.4290657439446367e-05,0.2498769909143448,1183.6476155172077
2026-09-28T17:26:12,1646,1.4286812764321416e-05,0.2004721760749817,1183.7131326547387
2026-09-28T17:26:32,1647,1.4282968089196465e-05,0.31398651003837585,1183.761542272274
2026-09-28T17:26:47,1648,1.4279123414071512e-05,0.30454903841018677,1183.8508113387486
2026-09-28T17:27:01,1649,1.4275278738946561e-05,0.23679649829864502,1183.9117228618054
2026-09-28T17:27:57,1650,1.4271434063821608e-05,0.28315216302871704,1183.7342876058706
2026-09-28T17:28:55,1651,1.4267589388696657e-05,0.31653207540512085,1183.571181166845
2026-09-28T17:29:06,1652,1.4263744713571703e-05,0.22800803184509277,1183.625470884108
2026-09-28T17:29:26,1653,1.4259900038446753e-05,0.2505797743797302,1183.6838493789844
2026-09-28T17:29:35,1654,1.4256055363321802e-05,0.21990519762039185,1183.7189933098523
2026-09-28T17:29:48,1655,1.4252210688196847e-05,0.17604906857013702,1183.7904128295334
2026-09-28T17:30:28,1656,1.4248366013071896e-05,0.30230605602264404,1183.7380257277748
2026-09-28T17:31:22,1657,1.4244521337946943e-05,0.3626185655593872,1183.5673803018858
2026-09-28T17:31:41,1658,1.4240676662821992e-05,0.243943989276886,1183.6366348578506
2026-09-28T17:32:02,1659,1.4236831987697041e-05,0.31332826614379883,1183.7443401423725
2026-09-28T17:32:50,1660,1.4232987312572088e-05,0.4949563443660736,1183.5993954417181
2026-09-28T17:33:08,1661,1.4229142637447137e-05,0.21758705377578735,1183.7021256437274
2026-09-28T17:34:05,1662,1.4225297962322184e-05,0.3553112745285034,1183.5484169079718
2026-09-28T17:34:24,1663,1.4221453287197233e-05,0.2504304349422455,1183.6156590907958
2026-09-28T17:34:45,1664,1.421760861207228e-05,0.2999367415904999,1183.6831752504331
2026-09-28T17:34:59,1665,1.4213763936947329e-05,0.2402697056531906,1183.7365035108176
2026-09-28T17:35:23,1666,1.4209919261822378e-05,0.2666785418987274,1183.7890568728424
2026-09-28T17:36:10,1667,1.4206074586697425e-05,0.29352015256881714,1183.6431104157941
2026-09-28T17:36:35,1668,1.4202229911572474e-05,0.2700742483139038,1183.6876356489656
2026-09-28T17:37:27,1669,1.4198385236447521e-05,0.2759528160095215,1183.5306682755718
2026-09-28T17:37:43,1670,1.419454056132257e-05,0.25464266538619995,1183.6327430666431
2026-09-28T17:38:10,1671,1.4190695886197619e-05,0.282084584236145,1183.648718199916
2026-09-28T17:38:36,1672,1.4186851211072666e-05,0.22416788339614868,1183.7118972240896
2026-09-28T17:38:51,1673,1.4183006535947715e-05,0.23972059786319733,1183.805953566136
2026-09-28T17:39:39,1674,1.417916186082276e-05,0.31896594166755676,1183.657813877261
2026-09-28T17:39:52,1675,1.417531718569781e-05,0.23607484996318817,1183.7368890779696
2026-09-28T17:40:08,1676,1.4171472510572856e-05,0.34208494424819946,1183.8052127154842
2026-09-28T17:40:50,1677,1.4167627835447905e-05,0.25187307596206665,1183.743437794274
2026-09-28T17:41:05,1678,1.4163783160322956e-05,0.24179300665855408,1183.809815897849
2026-09-28T17:41:39,1679,1.4159938485198001e-05,0.30136632919311523,1183.8080400427873
2026-09-28T17:42:01,1680,1.415609381007305e-05,0.2606620192527771,1183.8564350767363
2026-09-28T17:42:12,1681,1.4152249134948097e-05,0.2307712584733963,1183.9281840121614
2026-09-28T17:42:40,1682,1.4148404459823146e-05,0.268119752407074,1183.9919401150787
2026-09-28T17:43:00,1683,1.4144559784698195e-05,0.2294718325138092,1184.079424663485
2026-09-28T17:43:33,1684,1.4140715109573242e-05,0.2585802376270294,1184.1247468246745
2026-09-28T17:43:57,1685,1.413687043444829e-05,0.21497459709644318,1184.1873006537967
2026-09-28T17:44:21,1686,1.4133025759323338e-05,0.2573837339878082,1184.2136835837948
2026-09-28T17:45:08,1687,1.4129181084198387e-05,0.3531639575958252,1184.0339900353113
2026-09-28T17:46:03,1688,1.4125336409073434e-05,0.34467536211013794,1183.8640650096434
2026-09-28T17:46:26,1689,1.4121491733948483e-05,0.31464552879333496,1183.952764706422
2026-09-28T17:47:04,1690,1.4117647058823532e-05,0.2805998623371124,1183.9792805068341
2026-09-28T17:47:16,1691,1.4113802383698579e-05,0.23800353705883026,1184.0579024229883
2026-09-28T17:48:46,1692,1.4109957708573628e-05,0.3181722164154053,1183.683507149603
2026-09-28T17:48:59,1693,1.4106113033448675e-05,0.23448151350021362,1183.7588792897209
2026-09-28T17:49:37,1694,1.4102268358323724e-05,0.2567790746688843,1183.714778244979
2026-09-28T17:50:25,1695,1.4098423683198769e-05,0.3089156746864319,1183.5677542710707
2026-09-28T17:51:02,1696,1.409457900807382e-05,0.26766228675842285,1183.5557613966766
2026-09-28T17:52:05,1697,1.4090734332948868e-05,0.31849080324172974,1183.3844481258527
2026-09-28T17:52:26,1698,1.4086889657823914e-05,0.22752222418785095,1183.43215529933
2026-09-28T17:52:51,1699,1.4083044982698963e-05,0.3227570652961731,1183.4886237983917
2026-09-28T17:53:11,1700,1.407920030757401e-05,0.256681889295578,1183.5585136854984
2026-09-28T17:53:33,1701,1.4075355632449059e-05,0.25079545378685,1183.6357888144132
2026-09-28T17:54:33,1702,1.4071510957324108e-05,0.2537757158279419,1183.4788750873715
2026-09-28T17:54:57,1703,1.4067666282199155e-05,0.2879054546356201,1183.5008115202843
2026-09-28T17:55:32,1704,1.4063821607074204e-05,0.29383933544158936,1183.5416269085492
2026-09-28T17:56:21,1705,1.405997693194925e-05,0.2695588171482086,1183.418509897811
2026-09-28T17:56:56,1706,1.40561322568243e-05,0.2776419520378113,1183.3477983391717
2026-09-28T17:57:12,1707,1.4052287581699347e-05,0.25863829255104065,1183.4559007088571
2026-09-28T17:57:41,1708,1.4048442906574396e-05,0.26396557688713074,1183.5043692138036
2026-09-28T17:57:53,1709,1.4044598231449444e-05,0.21402673423290253,1183.5739467532778
2026-09-28T17:58:08,1710,1.4040753556324492e-05,0.25316134095191956,1183.6487918421885
2026-09-28T17:58:22,1711,1.403690888119954e-05,0.20194678008556366,1183.726908945027
2026-09-28T17:58:34,1712,1.4033064206074588e-05,0.2850234806537628,1183.7963981619794
2026-09-28T17:59:38,1713,1.4029219530949636e-05,0.3622578978538513,1183.5824302116991
2026-09-28T18:00:26,1714,1.4025374855824685e-05,0.3566843867301941,1183.4419766806707
2026-09-28T18:00:50,1715,1.4021530180699732e-05,0.2449432909488678,1183.5123611684617
2026-09-28T18:01:31,1716,1.4017685505574781e-05,0.28816235065460205,1183.5121311325918
2026-09-28T18:01:43,1717,1.4013840830449827e-05,0.273784875869751,1183.5749072137967
2026-09-28T18:02:18,1718,1.4009996155324877e-05,0.2585693597793579,1183.5677648191272
2026-09-28T18:02:36,1719,1.4006151480199923e-05,0.3011265695095062,1183.6080278192646
2026-09-28T18:03:31,1720,1.4002306805074971e-05,0.29763415455818176,1183.46525660904
2026-09-28T18:03:47,1721,1.399846212995002e-05,0.29769593477249146,1183.536232059024
2026-09-28T18:04:33,1722,1.3994617454825067e-05,0.2652946412563324,1183.4737195628595
2026-09-28T18:04:48,1723,1.3990772779700116e-05,0.27803051471710205,1183.5534894031684
2026-09-28T18:04:59,1724,1.3986928104575163e-05,0.2609274983406067,1183.6090338236756
2026-09-28T18:05:42,1725,1.3983083429450212e-05,0.2630015015602112,1183.4758321728377
2026-09-28T18:06:01,1726,1.3979238754325261e-05,0.42458367347717285,1183.5296431886372
2026-09-28T18:06:32,1727,1.3975394079200308e-05,0.30022090673446655,1183.4344939609114
2026-09-28T18:07:13,1728,1.3971549404075357e-05,0.3214179277420044,1183.4142602979011
2026-09-28T18:07:37,1729,1.3967704728950404e-05,0.2294224500656128,1183.505224276059
2026-09-28T18:08:04,1730,1.3963860053825453e-05,0.24979937076568604,1183.5500391484502
2026-09-28T18:08:32,1731,1.39600153787005e-05,0.3153185248374939,1183.6127161314726
2026-09-28T18:09:20,1732,1.395617070357555e-05,0.2891259789466858,1183.4663026737862
2026-09-28T18:10:06,1733,1.3952326028450598e-05,0.28483232855796814,1183.3019882344001
2026-09-28T18:10:23,1734,1.3948481353325645e-05,0.273786336183548,1183.3484484061762
2026-09-28T18:11:00,1735,1.3944636678200694e-05,0.3028464913368225,1183.3318296133086
2026-09-28T18:11:29,1736,1.3940792003075741e-05,0.3231925666332245,1183.3845581888397
2026-09-28T18:11:49,1737,1.393694732795079e-05,0.29164671897888184,1183.4480402535783
2026-09-28T18:12:50,1738,1.3933102652825839e-05,0.2506001889705658,1183.2424784573898
2026-09-28T18:13:08,1739,1.3929257977700886e-05,0.24862393736839294,1183.310599135165
2026-09-28T18:14:02,1740,1.3925413302575935e-05,0.34302425384521484,1183.1651500560076
2026-09-28T18:14:41,1741,1.392156862745098e-05,0.293555349111557,1183.0949085444297
2026-09-28T18:15:01,1742,1.3917723952326029e-05,0.23330488801002502,1183.19450582822
2026-09-28T18:15:10,1743,1.3913879277201076e-05,0.20473672449588776,1183.227885955431
2026-09-28T18:15:23,1744,1.3910034602076125e-05,0.35345155000686646,1183.300449279346
2026-09-28T18:15:57,1745,1.3906189926951174e-05,0.256661593914032,1183.3355068379872
2026-09-28T18:16:18,1746,1.3902345251826221e-05,0.2860952615737915,1183.3807014358022
2026-09-28T18:16:43,1747,1.389850057670127e-05,0.21251234412193298,1183.4178412764884
2026-09-28T18:16:58,1748,1.3894655901576317e-05,0.26613330841064453,1183.5000548964224
2026-09-28T18:17:21,1749,1.3890811226451366e-05,0.27133864164352417,1183.5361363728996
2026-09-28T18:17:31,1750,1.3886966551326415e-05,0.30934590101242065,1183.583127229281
2026-09-28T18:18:14,1751,1.3883121876201462e-05,0.2652842402458191,1183.518328865269
2026-09-28T18:18:30,1752,1.387927720107651e-05,0.22503933310508728,1183.6124541663385
2026-09-28T18:18:46,1753,1.3875432525951558e-05,0.2548443675041199,1183.6908901545958
2026-09-28T18:19:07,1754,1.3871587850826607e-05,0.2067417949438095,1183.7553538922675
2026-09-28T18:20:15,1755,1.3867743175701654e-05,0.35280802845954895,1183.487557117603
2026-09-28T18:20:38,1756,1.3863898500576703e-05,0.3247688412666321,1183.545546182274
2026-09-28T18:21:09,1757,1.3860053825451752e-05,0.25627535581588745,1183.5751183709053
2026-09-28T18:22:05,1758,1.3856209150326799e-05,0.3260643482208252,1183.4220420836202
2026-09-28T18:22:42,1759,1.3852364475201848e-05,0.2723979651927948,1183.3486523340705
2026-09-28T18:22:58,1760,1.3848519800076893e-05,0.23547080159187317,1183.4105815653127
2026-09-28T18:23:11,1761,1.3844675124951944e-05,0.22291624546051025,1183.4795225369646
2026-09-28T18:23:38,1762,1.3840830449826989e-05,0.2380639910697937,1183.533712510236
2026-09-28T18:24:02,1763,1.3836985774702038e-05,0.3127948045730591,1183.5906604634947
2026-09-28T18:25:04,1764,1.3833141099577087e-05,0.2890926003456116,1183.42720962898
2026-09-28T18:25:25,1765,1.3829296424452134e-05,0.25648772716522217,1183.5096742401918
2026-09-28T18:25:40,1766,1.3825451749327183e-05,0.24665722250938416,1183.5995894287462
2026-09-28T18:26:22,1767,1.382160707420223e-05,0.329824835062027,1183.5975929272934
2026-09-28T18:27:12,1768,1.3817762399077279e-05,0.21250185370445251,1183.4411983537689
2026-09-28T18:27:51,1769,1.3813917723952328e-05,0.19778984785079956,1183.4195895691744
2026-09-28T18:28:15,1770,1.3810073048827375e-05,0.2757588326931,1183.4964981498388
2026-09-28T18:28:26,1771,1.3806228373702424e-05,0.2447589486837387,1183.5521131174232
2026-09-28T18:28:55,1772,1.380238369857747e-05,0.2611461877822876,1183.5464381838037
2026-09-28T18:29:23,1773,1.379853902345252e-05,0.30700570344924927,1183.6192796655366
2026-09-28T18:30:23,1774,1.3794694348327567e-05,0.29223132133483887,1183.4740788410013
2026-09-28T18:31:12,1775,1.3790849673202616e-05,0.24125802516937256,1183.3223541911639
2026-09-28T18:31:33,1776,1.3787004998077664e-05,0.3069173991680145,1183.377123733103
2026-09-28T18:31:44,1777,1.3783160322952712e-05,0.2824621796607971,1183.4363855408285
2026-09-28T18:31:55,1778,1.377931564782776e-05,0.20616602897644043,1183.4861437815769
2026-09-28T18:32:05,1779,1.3775470972702808e-05,0.25870388746261597,1183.5358006206695
2026-09-28T18:32:42,1780,1.3771626297577856e-05,0.2716217041015625,1183.5215286583707
2026-09-28T18:33:18,1781,1.3767781622452905e-05,0.25096553564071655,1183.5127962810752
2026-09-28T18:33:35,1782,1.3763936947327952e-05,0.30840250849723816,1183.5560625110606
2026-09-28T18:34:45,1783,1.3760092272203001e-05,0.3625127375125885,1183.3088944328024
2026-09-28T18:35:43,1784,1.3756247597078047e-05,0.2920078933238983,1183.160612126334
2026-09-28T18:36:16,1785,1.3752402921953096e-05,0.23352865874767303,1183.1922638985257
2026-09-28T18:36:34,1786,1.3748558246828143e-05,0.23648305237293243,1183.271566927147
2026-09-28T18:36:55,1787,1.3744713571703192e-05,0.259895920753479,1183.344223345785
2026-09-28T18:37:38,1788,1.374086889657824e-05,0.2983514368534088,1183.3134867604724
2026-09-28T18:38:14,1789,1.3737024221453288e-05,0.32995718717575073,1183.3276681871148
2026-09-28T18:38:29,1790,1.3733179546328336e-05,0.2723853588104248,1183.3878894286947
2026-09-28T18:38:42,1791,1.3729334871203384e-05,0.2873638868331909,1183.4290780868873
2026-09-28T18:39:41,1792,1.3725490196078432e-05,0.3059796690940857,1183.2531295344952
2026-09-28T18:40:03,1793,1.3721645520953481e-05,0.28565412759780884,1183.3231701576226
2026-09-28T18:40:16,1794,1.3717800845828528e-05,0.25406473875045776,1183.4023011037227
2026-09-28T18:40:44,1795,1.3713956170703577e-05,0.20275437831878662,1183.4425094180103
2026-09-28T18:40:56,1796,1.3710111495578624e-05,0.23471267521381378,1183.5047403685514
2026-09-28T18:41:36,1797,1.3706266820453673e-05,0.3776662349700928,1183.524080577091
2026-09-28T18:42:31,1798,1.370242214532872e-05,0.35183778405189514,1183.3809042883015
2026-09-28T18:42:46,1799,1.369857747020377e-05,0.17164194583892822,1183.4615914265082
2026-09-28T18:43:01,1800,1.3694732795078818e-05,0.2675246000289917,1183.5428686640944
2026-09-28T18:43:53,1801,1.3690888119953865e-05,0.2730470299720764,1183.3777874105128
2026-09-28T18:44:15,1802,1.3687043444828914e-05,0.32563644647598267,1183.441603477235
2026-09-28T18:44:37,1803,1.368319876970396e-05,0.24563561379909515,1183.4844073482757
2026-09-28T18:45:05,1804,1.367935409457901e-05,0.23911677300930023,1183.5339017717652
2026-09-28T18:45:20,1805,1.3675509419454059e-05,0.26944923400878906,1183.622904088449
2026-09-28T18:45:34,1806,1.3671664744329104e-05,0.21538160741329193,1183.698384904886
2026-09-28T18:45:59,1807,1.3667820069204153e-05,0.28794366121292114,1183.7472033925112
2026-09-28T18:46:11,1808,1.36639753940792e-05,0.24262656271457672,1183.8220387771212
2026-09-28T18:47:12,1809,1.366013071895425e-05,0.28730398416519165,1183.6628562893377
2026-09-28T18:47:44,1810,1.3656286043829296e-05,0.21371902525424957,1183.6974015970516
2026-09-28T18:48:16,1811,1.3652441368704345e-05,0.2522240877151489,1183.665691304383
2026-09-28T18:49:13,1812,1.3648596693579394e-05,0.2951737940311432,1183.5186979281536
2026-09-28T18:49:50,1813,1.3644752018454441e-05,0.23247691988945007,1183.473841542018
2026-09-28T18:50:03,1814,1.364090734332949e-05,0.2117256224155426,1183.5496920468306
2026-09-28T18:50:33,1815,1.3637062668204537e-05,0.3288676142692566,1183.5154082849685
2026-09-28T18:50:54,1816,1.3633217993079586e-05,0.25652748346328735,1183.5781574184484
2026-09-28T18:51:30,1817,1.3629373317954635e-05,0.2921125292778015,1183.5627546347532
2026-09-28T18:51:49,1818,1.3625528642829682e-05,0.2190515547990799,1183.647012618402
2026-09-28T18:52:13,1819,1.3621683967704731e-05,0.23614656925201416,1183.6699616540398
2026-09-28T18:52:39,1820,1.3617839292579778e-05,0.2664199471473694,1183.734324253963
2026-09-28T18:52:51,1821,1.3613994617454827e-05,0.2537534236907959,1183.7979976009792
2026-09-28T18:53:24,1822,1.3610149942329874e-05,0.26445284485816956,1183.8320997899443
2026-09-28T18:53:52,1823,1.3606305267204923e-05,0.34746354818344116,1183.8841479256555
2026-09-28T18:54:08,1824,1.3602460592079972e-05,0.22751733660697937,1183.9749797898646
2026-09-28T18:54:57,1825,1.3598615916955017e-05,0.19592803716659546,1183.840257924912
2026-09-28T18:55:33,1826,1.3594771241830068e-05,0.2743442952632904,1183.8877417146696
2026-09-28T18:56:21,1827,1.3590926566705113e-05,0.31428438425064087,1183.7652277811476
2026-09-28T18:56:32,1828,1.3587081891580162e-05,0.2650783956050873,1183.823672646352
2026-09-28T18:56:47,1829,1.358323721645521e-05,0.21825145184993744,1183.8675786335966
2026-09-28T18:57:02,1830,1.3579392541330258e-05,0.2483518272638321,1183.9514225466658
2026-09-28T18:57:30,1831,1.3575547866205307e-05,0.25904127955436707,1184.0031139034395
2026-09-28T18:57:56,1832,1.3571703191080354e-05,0.31600186228752136,1184.0617450227362
2026-09-28T18:58:14,1833,1.3567858515955403e-05,0.22699803113937378,1184.103025430806
2026-09-28T18:58:30,1834,1.356401384083045e-05,0.24899879097938538,1184.201021020983
2026-09-28T18:58:46,1835,1.3560169165705499e-05,0.30318933725357056,1184.2781069117493
2026-09-28T18:58:59,1836,1.3556324490580548e-05,0.26304128766059875,1184.348182999004
2026-09-28T18:59:21,1837,1.3552479815455595e-05,0.25859129428863525,1184.40845197812
2026-09-28T18:59:33,1838,1.3548635140330644e-05,0.3128092288970947,1184.4618765878847
2026-09-28T19:00:10,1839,1.3544790465205691e-05,0.23734250664710999,1184.4784298366963
2026-09-28T19:00:29,1840,1.354094579008074e-05,0.26494866609573364,1184.5180925338857
2026-09-28T19:01:34,1841,1.3537101114955787e-05,0.30252546072006226,1184.3461677815894
2026-09-28T19:01:58,1842,1.3533256439830836e-05,0.31046706438064575,1184.4153524289395
2026-09-28T19:02:14,1843,1.3529411764705885e-05,0.24765783548355103,1184.4865381016718
2026-09-28T19:02:55,1844,1.3525567089580932e-05,0.272334486246109,1184.425768460697
2026-09-28T19:03:12,1845,1.352172241445598e-05,0.24463064968585968,1184.5054723312703
2026-09-28T19:04:18,1846,1.3517877739331026e-05,0.41367438435554504,1184.3049677672082
2026-09-28T19:04:43,1847,1.3514033064206077e-05,0.2863430678844452,1184.3683475563353
2026-09-28T19:05:17,1848,1.3510188389081125e-05,0.2659001648426056,1184.3415370032606
2026-09-28T19:05:34,1849,1.3506343713956171e-05,0.26492446660995483,1184.4062983950566
2026-09-28T19:06:41,1850,1.350249903883122e-05,0.3030956983566284,1184.210087962405
2026-09-28T19:07:08,1851,1.3498654363706267e-05,0.29901984333992004,1184.237864614115
2026-09-28T19:07:48,1852,1.3494809688581316e-05,0.2191794514656067,1184.17110333068
2026-09-28T19:08:18,1853,1.3490965013456363e-05,0.2468717396259308,1184.2140175629593
2026-09-28T19:08:35,1854,1.3487120338331412e-05,0.21352145075798035,1184.2535152778612
2026-09-28T19:09:00,1855,1.348327566320646e-05,0.24338769912719727,1184.268698453733
2026-09-28T19:09:47,1856,1.3479430988081508e-05,0.3186529874801636,1184.1299451809057
2026-09-28T19:10:02,1857,1.3475586312956557e-05,0.27267932891845703,1184.2122522626948
2026-09-28T19:10:14,1858,1.3471741637831604e-05,0.23376646637916565,1184.273144540599
2026-09-28T19:11:09,1859,1.3467896962706653e-05,0.22072282433509827,1184.0847771978517
2026-09-28T19:11:34,1860,1.3464052287581701e-05,0.2692185342311859,1184.1484042206278
2026-09-28T19:11:56,1861,1.3460207612456749e-05,0.2536405920982361,1184.2054404037947
2026-09-28T19:12:16,1862,1.3456362937331797e-05,0.20296211540699005,1184.2917026914924
2026-09-28T19:12:54,1863,1.3452518262206845e-05,0.3681589961051941,1184.2771676703471
2026-09-28T19:13:09,1864,1.3448673587081893e-05,0.19644173979759216,1184.3270054808825
2026-09-28T19:13:56,1865,1.344482891195694e-05,0.3581836223602295,1184.2792091147087
2026-09-28T19:14:12,1866,1.344098423683199e-05,0.2663884162902832,1184.3456983125789
2026-09-28T19:14:37,1867,1.3437139561707038e-05,0.2583034932613373,1184.4251848915826
2026-09-28T19:15:31,1868,1.3433294886582084e-05,0.26828959584236145,1184.3122263400194
2026-09-28T19:15:53,1869,1.3429450211457134e-05,0.2790227234363556,1184.3870416907312
2026-09-28T19:16:23,1870,1.342560553633218e-05,0.28860747814178467,1184.383174101642
2026-09-28T19:16:46,1871,1.3421760861207228e-05,0.2716575860977173,1184.418653350768
2026-09-28T19:17:15,1872,1.3417916186082279e-05,0.28064852952957153,1184.463457385614
2026-09-28T19:17:52,1873,1.3414071510957324e-05,0.3085422217845917,1184.477441242283
2026-09-28T19:18:32,1874,1.3410226835832373e-05,0.3279044032096863,1184.3451776880856
2026-09-28T19:18:52,1875,1.340638216070742e-05,0.23508910834789276,1184.4167984646356
2026-09-28T19:19:29,1876,1.340253748558247e-05,0.2837654650211334,1184.4395602086418
2026-09-28T19:19:49,1877,1.3398692810457516e-05,0.30048781633377075,1184.489864647015
2026-09-28T19:20:51,1878,1.3394848135332565e-05,0.23812367022037506,1184.3416798631688
2026-09-28T19:21:15,1879,1.3391003460207614e-05,0.29501956701278687,1184.4240342144826
2026-09-28T19:21:42,1880,1.3387158785082661e-05,0.20551151037216187,1184.4665157168401
2026-09-28T19:22:20,1881,1.338331410995771e-05,0.2887883186340332,1184.436600032627
2026-09-28T19:22:52,1882,1.3379469434832757e-05,0.298809289932251,1184.4516539181425
2026-09-28T19:23:55,1883,1.3375624759707806e-05,0.26995062828063965,1184.3101238647569
2026-09-28T19:24:16,1884,1.3371780084582855e-05,0.2528539001941681,1184.4000898899917
2026-09-28T19:24:39,1885,1.3367935409457902e-05,0.34320390224456787,1184.468878928822
2026-09-28T19:25:29,1886,1.3364090734332951e-05,0.36416739225387573,1184.3346635786017
2026-09-28T19:25:57,1887,1.3360246059207998e-05,0.25329530239105225,1184.370922810575
2026-09-28T19:26:30,1888,1.3356401384083047e-05,0.32111912965774536,1184.4221037642985
2026-09-28T19:26:44,1889,1.3352556708958092e-05,0.232093945145607,1184.5028451083142
2026-09-28T19:26:57,1890,1.3348712033833143e-05,0.2589043974876404,1184.564001947727
2026-09-28T19:28:05,1891,1.3344867358708192e-05,0.34520381689071655,1184.3421328671789
2026-09-28T19:28:27,1892,1.3341022683583237e-05,0.3117997944355011,1184.381407452772
2026-09-28T19:29:44,1893,1.3337178008458286e-05,0.2910049855709076,1184.163852768012
2026-09-28T19:30:09,1894,1.3333333333333333e-05,0.2409546971321106,1184.232711246922
2026-09-28T19:30:43,1895,1.3329488658208382e-05,0.29231855273246765,1184.2317578195307
2026-09-28T19:31:05,1896,1.332564398308343e-05,0.3276451528072357,1184.2975475123496
2026-09-28T19:31:28,1897,1.3321799307958478e-05,0.22541798651218414,1184.3348581810103
2026-09-28T19:33:07,1898,1.3317954632833527e-05,0.2767503261566162,1183.9306770087567
2026-09-28T19:33:36,1899,1.3314109957708574e-05,0.2334797978401184,1183.9708522468156
2026-09-28T19:34:01,1900,1.3310265282583623e-05,0.2794276475906372,1184.0316554408773
2026-09-28T19:34:13,1901,1.330642060745867e-05,0.21080170571804047,1184.0872471060634
2026-09-28T19:34:31,1902,1.3302575932333719e-05,0.2864096462726593,1184.1672239483373
2026-09-28T19:34:52,1903,1.3298731257208768e-05,0.29179224371910095,1184.1992978165285
2026-09-28T19:35:21,1904,1.3294886582083815e-05,0.35422569513320923,1184.2492528157231
2026-09-28T19:35:55,1905,1.3291041906958864e-05,0.2640092968940735,1184.2773729380276
2026-09-28T19:36:47,1906,1.3287197231833911e-05,0.330713152885437,1184.1663641811067
2026-09-28T19:37:31,1907,1.328335255670896e-05,0.3135950565338135,1184.004281758012
2026-09-28T19:37:52,1908,1.3279507881584007e-05,0.23920202255249023,1184.0336509172298
2026-09-28T19:38:05,1909,1.3275663206459056e-05,0.25668618083000183,1184.0875102576506
2026-09-28T19:39:01,1910,1.3271818531334105e-05,0.3243565261363983,1183.9992140964275
2026-09-28T19:39:41,1911,1.326797385620915e-05,0.31774666905403137,1184.0225469699687
2026-09-28T19:39:56,1912,1.32641291810842e-05,0.21366316080093384,1184.0665509472224
2026-09-28T19:40:57,1913,1.3260284505959246e-05,0.3112286925315857,1183.90169761525
2026-09-28T19:41:13,1914,1.3256439830834295e-05,0.2853299379348755,1183.9710646377746
2026-09-28T19:41:29,1915,1.3252595155709344e-05,0.2628512382507324,1184.002014157607
2026-09-28T19:42:23,1916,1.3248750480584391e-05,0.28443285822868347,1183.882152430984
2026-09-28T19:42:56,1917,1.324490580545944e-05,0.24243231117725372,1183.8669012639757
2026-09-28T19:43:13,1918,1.3241061130334487e-05,0.24524126946926117,1183.9621770809101
2026-09-28T19:43:39,1919,1.3237216455209536e-05,0.27770379185676575,1184.0355622256957
2026-09-28T19:43:56,1920,1.3233371780084583e-05,0.2090243250131607,1184.1101208076943
2026-09-28T19:44:06,1921,1.3229527104959632e-05,0.2793927788734436,1184.1519309956798
2026-09-28T19:44:32,1922,1.322568242983468e-05,0.22670292854309082,1184.1501648651642
2026-09-28T19:44:50,1923,1.3221837754709728e-05,0.25108957290649414,1184.2225752712286
2026-09-28T19:45:16,1924,1.3217993079584777e-05,0.2864130139350891,1184.2088185523226
2026-09-28T19:46:00,1925,1.3214148404459824e-05,0.35574501752853394,1184.2279055436068
2026-09-28T19:46:25,1926,1.3210303729334873e-05,0.2592102885246277,1184.2891147611476
2026-09-28T19:46:59,1927,1.3206459054209921e-05,0.22507578134536743,1184.2696446780335
2026-09-28T19:47:48,1928,1.3202614379084969e-05,0.24971547722816467,1184.1408851136243
2026-09-28T19:48:01,1929,1.3198769703960017e-05,0.2170107364654541,1184.1788051173125
2026-09-28T19:48:38,1930,1.3194925028835065e-05,0.26479572057724,1184.1531490089267
2026-09-28T19:49:00,1931,1.3191080353710113e-05,0.28744786977767944,1184.2182256773885
2026-09-28T19:49:37,1932,1.3187235678585159e-05,0.3069256544113159,1184.1834918156019
2026-09-28T19:49:54,1933,1.318339100346021e-05,0.32478228211402893,1184.244167702114
2026-09-28T19:50:25,1934,1.3179546328335258e-05,0.2717880606651306,1184.2655909664984
2026-09-28T19:51:16,1935,1.3175701653210304e-05,0.2975558042526245,1184.1415473025324
2026-09-28T19:51:49,1936,1.3171856978085353e-05,0.2667433023452759,1184.164610443862
2026-09-28T19:52:11,1937,1.31680123029604e-05,0.42121052742004395,1184.2391113541432
2026-09-28T19:52:28,1938,1.3164167627835449e-05,0.290410578250885,1184.29583027016
2026-09-28T19:52:41,1939,1.3160322952710497e-05,0.22768542170524597,1184.35532941118
2026-09-28T19:52:53,1940,1.3156478277585545e-05,0.21004340052604675,1184.4161496023062
2026-09-28T19:53:09,1941,1.3152633602460593e-05,0.2280883938074112,1184.4934060827125
2026-09-28T19:53:46,1942,1.314878892733564e-05,0.29507625102996826,1184.4731556170093
2026-09-28T19:54:03,1943,1.314494425221069e-05,0.24403399229049683,1184.5351293402698
2026-09-28T19:54:18,1944,1.3141099577085737e-05,0.3064684569835663,1184.5922232292971
2026-09-28T19:54:55,1945,1.3137254901960785e-05,0.30594179034233093,1184.5909915797185
2026-09-28T19:55:14,1946,1.3133410226835834e-05,0.3033938407897949,1184.6728418875343
2026-09-28T19:55:51,1947,1.3129565551710881e-05,0.34129929542541504,1184.674412077428
2026-09-28T19:56:59,1948,1.312572087658593e-05,0.2549705505371094,1184.474149291296
2026-09-28T19:57:26,1949,1.3121876201460977e-05,0.35328561067581177,1184.52901415277
2026-09-28T19:58:05,1950,1.3118031526336026e-05,0.2556830644607544,1184.5336518059428
2026-09-28T19:58:20,1951,1.3114186851211075e-05,0.27469107508659363,1184.6107051297568
2026-09-28T19:58:43,1952,1.3110342176086122e-05,0.2170984447002411,1184.645626586773
2026-09-28T19:58:59,1953,1.3106497500961171e-05,0.3182332515716553,1184.735546127128
2026-09-28T19:59:15,1954,1.3102652825836217e-05,0.33055245876312256,1184.811754367182
2026-09-28T19:59:44,1955,1.3098808150711267e-05,0.2542484998703003,1184.8612466328264
2026-09-28T20:00:01,1956,1.3094963475586313e-05,0.2490263283252716,1184.9022452824365
2026-09-28T20:00:22,1957,1.3091118800461361e-05,0.3233402669429779,1184.9446236488027
2026-09-28T20:00:54,1958,1.308727412533641e-05,0.3222287595272064,1184.957068009266
2026-09-28T20:01:18,1959,1.3083429450211457e-05,0.29443901777267456,1185.0061941685651
2026-09-28T20:02:02,1960,1.3079584775086506e-05,0.29812824726104736,1184.9304929233224
2026-09-28T20:02:49,1961,1.3075740099961553e-05,0.2533832788467407,1184.8741772164544
2026-09-28T20:03:31,1962,1.3071895424836602e-05,0.2938613295555115,1184.7393439042635
2026-09-28T20:03:47,1963,1.306805074971165e-05,0.2551600933074951,1184.7960455138834
2026-09-28T20:04:31,1964,1.3064206074586698e-05,0.22831754386425018,1184.7365617478888
2026-09-28T20:04:53,1965,1.3060361399461747e-05,0.23214977979660034,1184.7899639465415
2026-09-28T20:05:11,1966,1.3056516724336794e-05,0.21355749666690826,1184.841526670439
2026-09-28T20:05:39,1967,1.3052672049211843e-05,0.27139517664909363,1184.8771833219232
2026-09-28T20:05:59,1968,1.304882737408689e-05,0.2365221083164215,1184.8963659543708
2026-09-28T20:06:23,1969,1.3044982698961939e-05,0.22473832964897156,1184.9055701035202
2026-09-28T20:07:09,1970,1.3041138023836988e-05,0.28122764825820923,1184.9085420096524
2026-09-28T20:07:33,1971,1.3037293348712035e-05,0.2950749397277832,1184.9675796778436
2026-09-28T20:08:39,1972,1.3033448673587084e-05,0.3128810524940491,1184.7677366600287
2026-09-28T20:09:06,1973,1.3029603998462131e-05,0.3010868430137634,1184.8106484118207
2026-09-28T20:09:38,1974,1.302575932333718e-05,0.2610410451889038,1184.8101584736312
2026-09-28T20:09:48,1975,1.3021914648212225e-05,0.27634763717651367,1184.8453016346323
2026-09-28T20:10:12,1976,1.3018069973087274e-05,0.26034513115882874,1184.896684123833
2026-09-28T20:10:22,1977,1.3014225297962325e-05,0.22996608912944794,1184.9379997328624
2026-09-28T20:10:57,1978,1.301038062283737e-05,0.38127371668815613,1184.931544433226
2026-09-28T20:11:13,1979,1.3006535947712419e-05,0.24003241956233978,1184.9728399476467
2026-09-28T20:11:33,1980,1.3002691272587466e-05,0.21983227133750916,1185.0106488646445
2026-09-28T20:12:11,1981,1.2998846597462515e-05,0.3332643210887909,1184.964574537453
2026-09-28T20:12:29,1982,1.2995001922337564e-05,0.22305938601493835,1185.0468996964796
2026-09-28T20:12:41,1983,1.2991157247212611e-05,0.30918824672698975,1185.1086991950544
2026-09-28T20:13:15,1984,1.298731257208766e-05,0.304546594619751,1185.1349918756098
2026-09-28T20:14:00,1985,1.2983467896962707e-05,0.283660352230072,1185.1292332994608
2026-09-28T20:14:21,1986,1.2979623221837756e-05,0.26014745235443115,1185.2059942162416
2026-09-28T20:14:43,1987,1.2975778546712803e-05,0.25831979513168335,1185.2706066934563
2026-09-28T20:15:24,1988,1.2971933871587852e-05,0.33915579319000244,1185.2629426417782
2026-09-28T20:15:38,1989,1.29680891964629e-05,0.26618972420692444,1185.3478696053328
2026-09-28T20:15:49,1990,1.2964244521337948e-05,0.25424471497535706,1185.3993553144762
2026-09-28T20:16:10,1991,1.2960399846212997e-05,0.2795310616493225,1185.4506900738556
2026-09-28T20:16:29,1992,1.2956555171088044e-05,0.1840745359659195,1185.5040060038202
2026-09-28T20:16:46,1993,1.2952710495963093e-05,0.23528647422790527,1185.5776385435215
2026-09-28T20:17:00,1994,1.2948865820838142e-05,0.32302969694137573,1185.6585172943367
2026-09-28T20:17:24,1995,1.2945021145713189e-05,0.29906171560287476,1185.729616924853
2026-09-28T20:18:24,1996,1.2941176470588238e-05,0.37122440338134766,1185.590223336946
2026-09-28T20:19:10,1997,1.2937331795463283e-05,0.24842597544193268,1185.4649879177275
2026-09-28T20:19:39,1998,1.2933487120338334e-05,0.2194555103778839,1185.4923787231526
2026-09-28T20:20:19,1999,1.2929642445213379e-05,0.3339913785457611,1185.4962276997344
2026-09-28T20:20:40,2000,1.2925797770088428e-05,0.30222541093826294,1185.5539940385345
2026-09-28T20:20:57,2001,1.2921953094963477e-05,0.2708832025527954,1185.6388582390646
2026-09-28T20:21:11,2002,1.2918108419838524e-05,0.21455810964107513,1185.7010768814755
2026-09-28T20:21:37,2003,1.2914263744713573e-05,0.24747611582279205,1185.6771420190908
2026-09-28T20:22:13,2004,1.291041906958862e-05,0.23825699090957642,1185.654720711856
2026-09-28T20:22:30,2005,1.2906574394463669e-05,0.2516137957572937,1185.7152082849918
2026-09-28T20:22:41,2006,1.2902729719338718e-05,0.2696723937988281,1185.7668685981632
2026-09-28T20:23:12,2007,1.2898885044213765e-05,0.25907862186431885,1185.7920305707632
2026-09-28T20:23:55,2008,1.2895040369088814e-05,0.2699090838432312,1185.7003003851953
2026-09-28T20:24:15,2009,1.289119569396386e-05,0.22380834817886353,1185.7805986593416
2026-09-28T20:24:57,2010,1.288735101883891e-05,0.25002941489219666,1185.7756860489023
2026-09-28T20:25:32,2011,1.2883506343713957e-05,0.28795504570007324,1185.7138716031463
2026-09-28T20:26:19,2012,1.2879661668589006e-05,0.2762908339500427,1185.5902073036182
2026-09-28T20:26:56,2013,1.2875816993464054e-05,0.30497828125953674,1185.5678816575203
2026-09-28T20:27:28,2014,1.2871972318339102e-05,0.23650503158569336,1185.5978535569573
2026-09-28T20:27:53,2015,1.286812764321415e-05,0.31811124086380005,1185.6276734796704
2026-09-28T20:28:28,2016,1.2864282968089198e-05,0.2187443971633911,1185.6437394213829
2026-09-28T20:28:44,2017,1.2860438292964246e-05,0.20438484847545624,1185.7071406459888
2026-09-28T20:28:56,2018,1.2856593617839295e-05,0.24493102729320526,1185.7656760604448
2026-09-28T20:29:18,2019,1.285274894271434e-05,0.274249404668808,1185.8121638852115
2026-09-28T20:29:32,2020,1.2848904267589391e-05,0.23695340752601624,1185.8878593331867
2026-09-28T20:29:43,2021,1.2845059592464437e-05,0.2452179193496704,1185.9373524078155
2026-09-28T20:30:03,2022,1.2841214917339485e-05,0.21666394174098969,1185.9860048478533
2026-09-28T20:30:15,2023,1.2837370242214533e-05,0.15437427163124084,1186.0430736569272
2026-09-28T20:31:31,2024,1.2833525567089581e-05,0.28627127408981323,1185.7145817633216
2026-09-28T20:32:02,2025,1.282968089196463e-05,0.2516920864582062,1185.6940858121643
2026-09-28T20:32:30,2026,1.2825836216839677e-05,0.27276307344436646,1185.7337504745526
2026-09-28T20:33:34,2027,1.2821991541714726e-05,0.3067386746406555,1185.622085161526
2026-09-28T20:34:07,2028,1.2818146866589773e-05,0.28013160824775696,1185.6231276399926
2026-09-28T20:34:22,2029,1.2814302191464822e-05,0.261807918548584,1185.6747496447356
2026-09-28T20:34:44,2030,1.281045751633987e-05,0.25237220525741577,1185.7350733304188
2026-09-28T20:35:00,2031,1.2806612841214918e-05,0.23313556611537933,1185.7878686205704
2026-09-28T20:35:23,2032,1.2802768166089967e-05,0.22974839806556702,1185.836002362317
2026-09-28T20:35:45,2033,1.2798923490965014e-05,0.24001139402389526,1185.911457809787
2026-09-28T20:35:57,2034,1.2795078815840063e-05,0.2135506570339203,1185.9768029327497
2026-09-28T20:36:15,2035,1.279123414071511e-05,0.23928357660770416,1186.0511957796637
2026-09-28T20:36:46,2036,1.278738946559016e-05,0.3206983208656311,1186.1018892276354
2026-09-28T20:37:05,2037,1.2783544790465208e-05,0.3240484595298767,1186.1651344718616
2026-09-28T20:37:38,2038,1.2779700115340255e-05,0.24740570783615112,1186.1803532257702
2026-09-28T20:37:50,2039,1.2775855440215304e-05,0.1917288601398468,1186.2234737778008
2026-09-28T20:38:16,2040,1.277201076509035e-05,0.2587149143218994,1186.2684790192436
2026-09-28T20:38:28,2041,1.27681660899654e-05,0.22606155276298523,1186.3285264190176
2026-09-28T20:38:47,2042,1.2764321414840445e-05,0.24036523699760437,1186.3944238630288
2026-09-28T20:39:21,2043,1.2760476739715494e-05,0.24638459086418152,1186.4087131148067
2026-09-28T20:40:09,2044,1.2756632064590543e-05,0.29766780138015747,1186.2829518117826
2026-09-28T20:41:09,2045,1.275278738946559e-05,0.3274964988231659,1186.1374486424331
2026-09-28T20:41:36,2046,1.2748942714340639e-05,0.26673126220703125,1186.145673114544
2026-09-28T20:42:16,2047,1.2745098039215686e-05,0.2666046619415283,1186.1386797408184
2026-09-28T20:42:36,2048,1.2741253364090735e-05,0.2529122829437256,1186.2085443839178
2026-09-28T20:43:14,2049,1.2737408688965784e-05,0.26347169280052185,1186.1887712441217
2026-09-28T20:43:43,2050,1.2733564013840831e-05,0.2917918562889099,1186.212765343801
2026-09-28T20:44:04,2051,1.272971933871588e-05,0.2894112765789032,1186.2831089786955
2026-09-28T20:44:44,2052,1.2725874663590927e-05,0.3287549912929535,1186.2883371774376
2026-09-28T20:45:02,2053,1.2722029988465976e-05,0.21786648035049438,1186.353730449085
2026-09-28T20:45:16,2054,1.2718185313341023e-05,0.21573859453201294,1186.3972481161186
2026-09-28T20:46:11,2055,1.2714340638216072e-05,0.2609885632991791,1186.2275550158124
2026-09-28T20:47:16,2056,1.271049596309112e-05,0.4136567711830139,1186.0891964455523
2026-09-28T20:47:52,2057,1.2706651287966168e-05,0.288666307926178,1186.0922034928335
2026-09-28T20:48:08,2058,1.2702806612841217e-05,0.2410658895969391,1186.1470379230605
2026-09-28T20:48:31,2059,1.2698961937716264e-05,0.22577475011348724,1186.1853996747186
2026-09-28T20:49:02,2060,1.2695117262591313e-05,0.22385743260383606,1186.1747940771313
2026-09-28T20:49:43,2061,1.2691272587466362e-05,0.29604434967041016,1186.1736606006846
2026-09-28T20:50:30,2062,1.2687427912341407e-05,0.18829277157783508,1186.0407259626322
2026-09-28T20:50:53,2063,1.2683583237216458e-05,0.29923364520072937,1186.093824600187
2026-09-28T20:51:16,2064,1.2679738562091503e-05,0.2183474600315094,1186.1230865361786
2026-09-28T20:51:47,2065,1.2675893886966552e-05,0.3526051640510559,1186.1428521728255
2026-09-28T20:52:17,2066,1.2672049211841599e-05,0.27516746520996094,1186.1687558226388
2026-09-28T20:52:38,2067,1.2668204536716648e-05,0.258628249168396,1186.2443649307872
2026-09-28T20:52:57,2068,1.2664359861591697e-05,0.1928117573261261,1186.3083926113204
2026-09-28T20:53:12,2069,1.2660515186466744e-05,0.20367993414402008,1186.3651914358434
2026-09-28T20:53:36,2070,1.2656670511341793e-05,0.2725478410720825,1186.4108086798044
2026-09-28T20:54:11,2071,1.265282583621684e-05,0.2832690477371216,1186.4279762674682
2026-09-28T20:54:45,2072,1.2648981161091889e-05,0.27884650230407715,1186.415616053401
2026-09-28T20:54:55,2073,1.2645136485966938e-05,0.23839250206947327,1186.4567798483936
2026-09-28T20:55:33,2074,1.2641291810841985e-05,0.27848830819129944,1186.4439335957302
2026-09-28T20:56:06,2075,1.2637447135717034e-05,0.2824704647064209,1186.4743873490816
2026-09-28T20:56:20,2076,1.263360246059208e-05,0.23259784281253815,1186.5358294332293
2026-09-28T20:56:41,2077,1.262975778546713e-05,0.3268511891365051,1186.5891034257886
2026-09-28T20:57:06,2078,1.2625913110342177e-05,0.26566100120544434,1186.618421197274
2026-09-28T20:57:37,2079,1.2622068435217226e-05,0.26514026522636414,1186.6165892407719
2026-09-28T20:58:10,2080,1.2618223760092274e-05,0.22009694576263428,1186.6656451875854
2026-09-28T20:58:28,2081,1.2614379084967322e-05,0.2503538727760315,1186.7242773182588
2026-09-28T20:58:58,2082,1.261053440984237e-05,0.24055787920951843,1186.7306927406005
2026-09-28T20:59:45,2083,1.2606689734717416e-05,0.24314308166503906,1186.617936230275
2026-09-28T21:00:34,2084,1.2602845059592466e-05,0.28229379653930664,1186.531866953377
2026-09-28T21:01:14,2085,1.2599000384467515e-05,0.26917028427124023,1186.493630295486
2026-09-28T21:01:38,2086,1.259515570934256e-05,0.26205378770828247,1186.5253809802687
2026-09-28T21:01:54,2087,1.259131103421761e-05,0.2712160348892212,1186.6046362261495
2026-09-28T21:02:20,2088,1.2587466359092657e-05,0.3116655945777893,1186.6157864471418
2026-09-28T21:02:35,2089,1.2583621683967706e-05,0.23269596695899963,1186.6865008936495
2026-09-28T21:03:36,2090,1.2579777008842753e-05,0.27523791790008545,1186.5354915971188
2026-09-28T21:03:49,2091,1.2575932333717802e-05,0.2529883086681366,1186.6032332267077
2026-09-28T21:04:06,2092,1.257208765859285e-05,0.23039720952510834,1186.6706788201593
2026-09-28T21:04:28,2093,1.2568242983467898e-05,0.2759999930858612,1186.7336427688713
2026-09-28T21:04:55,2094,1.2564398308342946e-05,0.2825540006160736,1186.7628237946742
2026-09-28T21:05:06,2095,1.2560553633217994e-05,0.2444196343421936,1186.8137456929608
2026-09-28T21:05:43,2096,1.2556708958093042e-05,0.23530864715576172,1186.7665414583053
2026-09-28T21:06:17,2097,1.255286428296809e-05,0.20206230878829956,1186.6980447467913
2026-09-28T21:06:36,2098,1.2549019607843138e-05,0.2190587818622589,1186.7353472965685
2026-09-28T21:07:37,2099,1.2545174932718187e-05,0.3344939351081848,1186.5768672423228
2026-09-28T21:08:38,2100,1.2541330257593234e-05,0.2715764343738556,1186.411289671494
2026-09-28T21:09:05,2101,1.2537485582468283e-05,0.34940406680107117,1186.4447535965244
2026-09-28T21:09:26,2102,1.253364090734333e-05,0.261759877204895,1186.5028282399637
2026-09-28T21:10:06,2103,1.252979623221838e-05,0.2602516710758209,1186.4402863882774
2026-09-28T21:10:25,2104,1.2525951557093428e-05,0.25247228145599365,1186.511587613954
2026-09-28T21:11:24,2105,1.2522106881968474e-05,0.2292659729719162,1186.3951140478814
2026-09-28T21:11:52,2106,1.2518262206843524e-05,0.2641736567020416,1186.4028593242044
2026-09-28T21:12:32,2107,1.251441753171857e-05,0.27425503730773926,1186.36544479378
2026-09-28T21:13:22,2108,1.2510572856593618e-05,0.31612569093704224,1186.2258615041721
2026-09-28T21:14:04,2109,1.2506728181468666e-05,0.32669752836227417,1186.1942503936127
2026-09-28T21:14:20,2110,1.2502883506343714e-05,0.25675103068351746,1186.2526614973171
2026-09-28T21:14:38,2111,1.2499038831218763e-05,0.27813661098480225,1186.283401236738
2026-09-28T21:14:52,2112,1.249519415609381e-05,0.23503929376602173,1186.3196504901368
2026-09-28T21:15:22,2113,1.249134948096886e-05,0.34235844016075134,1186.3512708110845
2026-09-28T21:16:16,2114,1.2487504805843906e-05,0.3425533175468445,1186.2613418768397
2026-09-28T21:16:37,2115,1.2483660130718955e-05,0.30174654722213745,1186.3221751289386
2026-09-28T21:16:50,2116,1.2479815455594004e-05,0.2976331114768982,1186.36809332481
2026-09-28T21:17:10,2117,1.2475970780469051e-05,0.26520419120788574,1186.441456640377
2026-09-28T21:17:44,2118,1.24721261053441e-05,0.3620944023132324,1186.4357963464006
2026-09-28T21:18:07,2119,1.2468281430219147e-05,0.19569391012191772,1186.4759711561605
2026-09-28T21:18:53,2120,1.2464436755094196e-05,0.2927311062812805,1186.4444457653487
2026-09-28T21:19:16,2121,1.2460592079969243e-05,0.2844032645225525,1186.5082206252084
2026-09-28T21:19:38,2122,1.2456747404844292e-05,0.2310740351676941,1186.5765621495063
2026-09-28T21:19:58,2123,1.2452902729719341e-05,0.22241629660129547,1186.65178069568
2026-09-28T21:20:15,2124,1.2449058054594388e-05,0.31597980856895447,1186.70835310184
2026-09-28T21:20:31,2125,1.2445213379469437e-05,0.3404541313648224,1186.7507124142194
2026-09-28T21:20:43,2126,1.2441368704344482e-05,0.21574164927005768,1186.8050045300943
2026-09-28T21:21:14,2127,1.2437524029219533e-05,0.2956072688102722,1186.8330827665498
2026-09-28T21:21:45,2128,1.2433679354094582e-05,0.24480418860912323,1186.802664787678
2026-09-28T21:22:06,2129,1.2429834678969627e-05,0.28185153007507324,1186.8340359886136
2026-09-28T21:22:55,2130,1.2425990003844676e-05,0.23016667366027832,1186.7030970705703
2026-09-28T21:23:17,2131,1.2422145328719723e-05,0.23066025972366333,1186.6897520103314
2026-09-28T21:23:39,2132,1.2418300653594772e-05,0.24533633887767792,1186.7278866150937
2026-09-28T21:23:56,2133,1.241445597846982e-05,0.31458020210266113,1186.8104936938853
2026-09-28T21:24:17,2134,1.2410611303344868e-05,0.19538965821266174,1186.8769509575714
2026-09-28T21:24:40,2135,1.2406766628219917e-05,0.2663364112377167,1186.9388277508738
2026-09-28T21:25:23,2136,1.2402921953094964e-05,0.18986940383911133,1186.8330753772811
2026-09-28T21:25:37,2137,1.2399077277970013e-05,0.23396047949790955,1186.886651527712
2026-09-28T21:25:51,2138,1.239523260284506e-05,0.25037020444869995,1186.9571674532308
2026-09-28T21:26:42,2139,1.2391387927720109e-05,0.30563491582870483,1186.8003496190129
2026-09-28T21:26:55,2140,1.2387543252595158e-05,0.26049208641052246,1186.8701745046951
2026-09-28T21:27:24,2141,1.2383698577470205e-05,0.18607598543167114,1186.8742159478177
2026-09-28T21:27:40,2142,1.2379853902345254e-05,0.20769858360290527,1186.9588187094541
2026-09-28T21:28:04,2143,1.2376009227220301e-05,0.27620697021484375,1186.9998844630727
2026-09-28T21:28:59,2144,1.237216455209535e-05,0.30798524618148804,1186.8882058486568
2026-09-28T21:29:19,2145,1.2368319876970397e-05,0.24067893624305725,1186.9411001450273
2026-09-28T21:29:40,2146,1.2364475201845446e-05,0.23758456110954285,1187.0016766815434
2026-09-28T21:30:42,2147,1.2360630526720495e-05,0.33854246139526367,1186.875087100498
2026-09-28T21:31:24,2148,1.235678585159554e-05,0.29769575595855713,1186.813354610456
2026-09-28T21:32:18,2149,1.235294117647059e-05,0.2703436017036438,1186.7013008027423
2026-09-28T21:32:43,2150,1.2349096501345636e-05,0.31679514050483704,1186.7267397265916
2026-09-28T21:33:03,2151,1.2345251826220685e-05,0.23151269555091858,1186.7572641328888
2026-09-28T21:33:39,2152,1.2341407151095734e-05,0.3143271207809448,1186.7884831364581
2026-09-28T21:33:53,2153,1.233756247597078e-05,0.28548645973205566,1186.8613475102588
2026-09-28T21:34:23,2154,1.233371780084583e-05,0.26723799109458923,1186.8965316168233
2026-09-28T21:34:59,2155,1.2329873125720877e-05,0.22158017754554749,1186.8569523708188
2026-09-28T21:35:14,2156,1.2326028450595926e-05,0.19841405749320984,1186.9110832001622
2026-09-28T21:35:23,2157,1.2322183775470973e-05,0.21049003303050995,1186.9382765639336
2026-09-28T21:35:48,2158,1.2318339100346022e-05,0.2572344243526459,1186.9914432984685
2026-09-28T21:36:03,2159,1.231449442522107e-05,0.2454286813735962,1187.050398538771
2026-09-28T21:36:43,2160,1.2310649750096118e-05,0.2956589460372925,1187.0534892257099
2026-09-28T21:36:59,2161,1.2306805074971167e-05,0.34256497025489807,1187.101523661387
2026-09-28T21:37:23,2162,1.2302960399846214e-05,0.22361984848976135,1187.1687470448317
2026-09-28T21:38:24,2163,1.2299115724721263e-05,0.2394532710313797,1186.991797903423
2026-09-28T21:39:19,2164,1.229527104959631e-05,0.2688153386116028,1186.8742744803915
2026-09-28T21:39:49,2165,1.2291426374471359e-05,0.2735790014266968,1186.9257010230203
2026-09-28T21:40:46,2166,1.2287581699346407e-05,0.31740355491638184,1186.7690650147715
2026-09-28T21:41:31,2167,1.2283737024221455e-05,0.32929104566574097,1186.7438162411117
2026-09-28T21:42:37,2168,1.2279892349096503e-05,0.354164183139801,1186.5512186291871
2026-09-28T21:42:55,2169,1.2276047673971549e-05,0.2430208921432495,1186.6080810195233
2026-09-28T21:43:06,2170,1.2272202998846598e-05,0.21607401967048645,1186.6546678169411
2026-09-28T21:43:27,2171,1.2268358323721648e-05,0.36763840913772583,1186.6978522500726
2026-09-28T21:44:14,2172,1.2264513648596694e-05,0.2843100428581238,1186.5867502456715
2026-09-28T21:44:36,2173,1.2260668973471742e-05,0.26797929406166077,1186.636890850144
2026-09-28T21:44:48,2174,1.225682429834679e-05,0.20325922966003418,1186.6922128855242
2026-09-28T21:46:11,2175,1.2252979623221838e-05,0.3691350817680359,1186.3881900143901
2026-09-28T21:46:50,2176,1.2249134948096886e-05,0.26380014419555664,1186.4037878728795
2026-09-28T21:47:09,2177,1.2245290272971934e-05,0.28374314308166504,1186.4523879167937
2026-09-28T21:47:26,2178,1.2241445597846983e-05,0.2659485638141632,1186.5078757608323
2026-09-28T21:47:33,2179,1.223760092272203e-05,0.19476157426834106,1186.5205849266545
2026-09-28T21:47:50,2180,1.223375624759708e-05,0.2639305293560028,1186.5577456727929
2026-09-28T21:48:09,2181,1.2229911572472126e-05,0.20274876058101654,1186.624882390351
2026-09-28T21:48:58,2182,1.2226066897347175e-05,0.29776880145072937,1186.5941086583425
2026-09-28T21:49:16,2183,1.2222222222222224e-05,0.19695164263248444,1186.6467260780123
2026-09-28T21:49:55,2184,1.2218377547097271e-05,0.28648990392684937,1186.6015718489045
2026-09-28T21:50:16,2185,1.221453287197232e-05,0.2890024483203888,1186.6525075156671
2026-09-28T21:50:30,2186,1.2210688196847367e-05,0.34193655848503113,1186.7167474049477
2026-09-28T21:51:09,2187,1.2206843521722416e-05,0.21525998413562775,1186.730393025802
2026-09-28T21:51:23,2188,1.2202998846597463e-05,0.2260551154613495,1186.798898206875
2026-09-28T21:52:35,2189,1.2199154171472512e-05,0.3949702978134155,1186.6196965053903
2026-09-28T21:53:25,2190,1.2195309496347561e-05,0.2961944341659546,1186.5042175080705
2026-09-28T21:53:56,2191,1.2191464821222606e-05,0.30031687021255493,1186.5395344564865
2026-09-28T21:54:11,2192,1.2187620146097657e-05,0.24532970786094666,1186.5846538793487
2026-09-28T21:54:40,2193,1.2183775470972702e-05,0.2572382390499115,1186.6237949031167
2026-09-28T21:55:14,2194,1.2179930795847751e-05,0.23896855115890503,1186.6376544857542
2026-09-28T21:55:26,2195,1.21760861207228e-05,0.29245832562446594,1186.692426904497
2026-09-28T21:55:37,2196,1.2172241445597847e-05,0.26740533113479614,1186.7353627189952
2026-09-28T21:55:49,2197,1.2168396770472896e-05,0.2628343105316162,1186.7957664724388
2026-09-28T21:56:08,2198,1.2164552095347943e-05,0.3346959352493286,1186.8488980350814
2026-09-28T21:56:29,2199,1.2160707420222992e-05,0.266642689704895,1186.9102294683755
2026-09-28T21:57:01,2200,1.215686274509804e-05,0.2617965042591095,1186.9034000798367
2026-09-28T21:57:28,2201,1.2153018069973088e-05,0.31561794877052307,1186.9260221435648
2026-09-28T21:57:48,2202,1.2149173394848137e-05,0.2740423083305359,1186.987103833404
2026-09-28T21:58:43,2203,1.2145328719723184e-05,0.2905454933643341,1186.8733771789484
2026-09-28T21:59:27,2204,1.2141484044598233e-05,0.24044209718704224,1186.86610915388
2026-09-28T21:59:49,2205,1.213763936947328e-05,0.3027566075325012,1186.8918907514349
2026-09-28T22:00:30,2206,1.2133794694348329e-05,0.2974153757095337,1186.8091129080954
2026-09-28T22:00:46,2207,1.2129950019223378e-05,0.16170361638069153,1186.8515103939967
2026-09-28T22:01:35,2208,1.2126105344098425e-05,0.30075445771217346,1186.7387909772724
2026-09-28T22:02:06,2209,1.2122260668973474e-05,0.22610844671726227,1186.789111778462
2026-09-28T22:02:18,2210,1.2118415993848521e-05,0.23357555270195007,1186.8441937769846
2026-09-28T22:02:47,2211,1.211457131872357e-05,0.258016973733902,1186.875542266808
2026-09-28T22:03:32,2212,1.2110726643598615e-05,0.2773464024066925,1186.800178124408
2026-09-28T22:03:46,2213,1.2106881968473664e-05,0.22707782685756683,1186.8599395426486
2026-09-28T22:04:09,2214,1.2103037293348715e-05,0.22308042645454407,1186.9174645038622
2026-09-28T22:04:23,2215,1.209919261822376e-05,0.22707203030586243,1186.9726492905206
2026-09-28T22:04:51,2216,1.2095347943098809e-05,0.31975841522216797,1186.9370592803255
2026-09-28T22:05:26,2217,1.2091503267973856e-05,0.27469342947006226,1186.9236819310797
2026-09-28T22:05:44,2218,1.2087658592848905e-05,0.28552374243736267,1186.9811216685116
2026-09-28T22:06:30,2219,1.2083813917723954e-05,0.23921357095241547,1186.953469595589
2026-09-28T22:07:01,2220,1.2079969242599001e-05,0.35837167501449585,1186.9777335621193
2026-09-28T22:07:20,2221,1.207612456747405e-05,0.2387753129005432,1187.0130994068397
2026-09-28T22:07:45,2222,1.2072279892349097e-05,0.2714604437351227,1187.0524017464513
2026-09-28T22:08:05,2223,1.2068435217224146e-05,0.3050276041030884,1187.1242639788536
2026-09-28T22:08:21,2224,1.2064590542099193e-05,0.2172994315624237,1187.180493043843
2026-09-28T22:09:00,2225,1.2060745866974242e-05,0.28353846073150635,1187.105306381449
2026-09-28T22:09:14,2226,1.205690119184929e-05,0.21837231516838074,1187.1641915795067
2026-09-28T22:09:46,2227,1.2053056516724338e-05,0.2214486002922058,1187.1957288477695
2026-09-28T22:10:56,2228,1.2049211841599387e-05,0.35677939653396606,1187.0019117296397
2026-09-28T22:11:12,2229,1.2045367166474434e-05,0.2401672601699829,1187.0552832692074
2026-09-28T22:11:31,2230,1.2041522491349483e-05,0.21664200723171234,1187.1073031414346
2026-09-28T22:11:46,2231,1.203767781622453e-05,0.2323613464832306,1187.1787160182637
2026-09-28T22:12:17,2232,1.2033833141099579e-05,0.28039050102233887,1187.2046485668027
2026-09-28T22:12:54,2233,1.2029988465974627e-05,0.22608572244644165,1187.2012340562287
2026-09-28T22:13:15,2234,1.2026143790849673e-05,0.19392071664333344,1187.2755363875847
2026-09-28T22:13:30,2235,1.2022299115724723e-05,0.1906869262456894,1187.3197624245229
2026-09-28T22:13:53,2236,1.2018454440599769e-05,0.31023240089416504,1187.3691339222921
2026-09-28T22:14:08,2237,1.2014609765474818e-05,0.2466069757938385,1187.4058854298155
2026-09-28T22:14:27,2238,1.2010765090349867e-05,0.21163064241409302,1187.4794801662874
2026-09-28T22:14:46,2239,1.2006920415224914e-05,0.239836186170578,1187.5296767921404
2026-09-28T22:15:19,2240,1.2003075740099963e-05,0.2605709433555603,1187.5283188988483
2026-09-28T22:15:30,2241,1.199923106497501e-05,0.22542709112167358,1187.5739861473849
2026-09-28T22:16:21,2242,1.1995386389850059e-05,0.30037617683410645,1187.4617687517186
2026-09-28T22:17:42,2243,1.1991541714725106e-05,0.298850417137146,1187.1762705501394
2026-09-28T22:18:16,2244,1.1987697039600155e-05,0.3377162218093872,1187.1685169300874
2026-09-28T22:18:33,2245,1.1983852364475203e-05,0.21006785333156586,1187.2470901504653
2026-09-28T22:19:00,2246,1.198000768935025e-05,0.29881551861763,1187.2908896021836
2026-09-28T22:19:26,2247,1.19761630142253e-05,0.23226632177829742,1187.342132312473
2026-09-28T22:19:49,2248,1.1972318339100347e-05,0.2714531421661377,1187.3936340279552
2026-09-28T22:20:08,2249,1.1968473663975395e-05,0.2816803455352783,1187.432300483848
2026-09-28T22:20:42,2250,1.1964628988850444e-05,0.3276061713695526,1187.477175594952
2026-09-28T22:21:14,2251,1.1960784313725491e-05,0.3282122313976288,1187.5032314974087
2026-09-28T22:21:32,2252,1.195693963860054e-05,0.248081773519516,1187.5360008569974
2026-09-28T22:21:57,2253,1.1953094963475587e-05,0.3295719027519226,1187.5872224224945
2026-09-28T22:22:10,2254,1.1949250288350636e-05,0.34278836846351624,1187.635427555375
2026-09-28T22:22:29,2255,1.1945405613225682e-05,0.30159297585487366,1187.6930060568648
2026-09-28T22:22:50,2256,1.194156093810073e-05,0.2526118755340576,1187.7549697125194
2026-09-28T22:23:15,2257,1.1937716262975781e-05,0.2914750874042511,1187.7939024892137
2026-09-28T22:23:36,2258,1.1933871587850827e-05,0.2188645899295807,1187.8496974428879
2026-09-28T22:24:00,2259,1.1930026912725875e-05,0.31303513050079346,1187.8808587305223
2026-09-28T22:24:51,2260,1.1926182237600923e-05,0.33411726355552673,1187.7671331988713
2026-09-28T22:25:02,2261,1.1922337562475971e-05,0.1873372346162796,1187.8026218976718
2026-09-28T22:25:17,2262,1.191849288735102e-05,0.23807120323181152,1187.873733520195
2026-09-28T22:26:17,2263,1.1914648212226067e-05,0.28703388571739197,1187.7367236028765
2026-09-28T22:26:30,2264,1.1910803537101116e-05,0.19672036170959473,1187.7947927817688
2026-09-28T22:27:05,2265,1.1906958861976163e-05,0.2324615716934204,1187.8013829210431
2026-09-28T22:27:20,2266,1.1903114186851212e-05,0.21452167630195618,1187.8446591374918
2026-09-28T22:28:05,2267,1.189926951172626e-05,0.22566252946853638,1187.7135840624796
2026-09-28T22:28:26,2268,1.1895424836601308e-05,0.2711469531059265,1187.7489114084372
2026-09-28T22:28:48,2269,1.1891580161476357e-05,0.2342451512813568,1187.8085177809755
2026-09-28T22:29:24,2270,1.1887735486351404e-05,0.2835650146007538,1187.7412653211256
2026-09-28T22:30:08,2271,1.1883890811226453e-05,0.38033923506736755,1187.6728546601903
2026-09-28T22:30:50,2272,1.18800461361015e-05,0.22776956856250763,1187.6157311421496
2026-09-28T22:31:43,2273,1.1876201460976549e-05,0.2807287573814392,1187.4784504940053
2026-09-28T22:32:42,2274,1.1872356785851598e-05,0.2817119359970093,1187.3333719952016
2026-09-28T22:32:55,2275,1.1868512110726645e-05,0.20350046455860138,1187.3915906838179
2026-09-28T22:33:16,2276,1.1864667435601694e-05,0.23642359673976898,1187.4554552119478
2026-09-28T22:33:45,2277,1.186082276047674e-05,0.3302344083786011,1187.480392071097
2026-09-28T22:34:23,2278,1.185697808535179e-05,0.20761345326900482,1187.4167627739457
2026-09-28T22:35:12,2279,1.1853133410226835e-05,0.26915159821510315,1187.2934684922525
2026-09-28T22:35:34,2280,1.1849288735101884e-05,0.23612479865550995,1187.3401208188454
2026-09-28T22:36:20,2281,1.1845444059976933e-05,0.3377326726913452,1187.294140889535
2026-09-28T22:36:47,2282,1.184159938485198e-05,0.19784614443778992,1187.3204838107094
2026-09-28T22:37:07,2283,1.1837754709727029e-05,0.23932763934135437,1187.3592741735351
2026-09-28T22:37:29,2284,1.1833910034602076e-05,0.23200306296348572,1187.4200673659977
2026-09-28T22:37:43,2285,1.1830065359477125e-05,0.23180490732192993,1187.4880735501445
2026-09-28T22:37:57,2286,1.1826220684352174e-05,0.21754029393196106,1187.5549632526875
2026-09-28T22:38:18,2287,1.1822376009227221e-05,0.2882634997367859,1187.611283438719
2026-09-28T22:38:34,2288,1.181853133410227e-05,0.23190565407276154,1187.6841741518756
2026-09-28T22:38:43,2289,1.1814686658977317e-05,0.15751655399799347,1187.7056126474065
2026-09-28T22:39:07,2290,1.1810841983852366e-05,0.1937573403120041,1187.7639245862827
2026-09-28T22:39:24,2291,1.1806997308727413e-05,0.226429283618927,1187.8344448108742
2026-09-28T22:39:48,2292,1.1803152633602462e-05,0.3274451792240143,1187.9097661052608
2026-09-28T22:40:20,2293,1.179930795847751e-05,0.3356398046016693,1187.910871704914
2026-09-28T22:40:55,2294,1.1795463283352558e-05,0.2638663351535797,1187.9410921716387
2026-09-28T22:41:28,2295,1.1791618608227607e-05,0.26747584342956543,1187.9836595941676
2026-09-28T22:41:49,2296,1.1787773933102654e-05,0.27146875858306885,1188.0247445087118
2026-09-28T22:42:03,2297,1.1783929257977703e-05,0.2423095852136612,1188.0938673907117
2026-09-28T22:42:30,2298,1.1780084582852748e-05,0.21209797263145447,1188.127274704736
2026-09-28T22:42:49,2299,1.1776239907727797e-05,0.2178869992494583,1188.1791442199824
2026-09-28T22:43:19,2300,1.1772395232602848e-05,0.30971595644950867,1188.1987686184393
2026-09-28T22:44:04,2301,1.1768550557477893e-05,0.3146398663520813,1188.150299414051
2026-09-28T22:44:29,2302,1.1764705882352942e-05,0.22595852613449097,1188.1808126909327
2026-09-28T22:44:39,2303,1.1760861207227989e-05,0.2104552537202835,1188.216520282323
2026-09-28T22:45:02,2304,1.1757016532103038e-05,0.26732784509658813,1188.2498312122375
2026-09-28T22:45:21,2305,1.1753171856978087e-05,0.21000170707702637,1188.3009102210322
2026-09-28T22:45:36,2306,1.1749327181853134e-05,0.2787502706050873,1188.3660602636032
2026-09-28T22:46:25,2307,1.1745482506728183e-05,0.32570940256118774,1188.2199559421754
2026-09-28T22:46:51,2308,1.174163783160323e-05,0.2954624891281128,1188.2450162656492
2026-09-28T22:47:03,2309,1.1737793156478279e-05,0.23071451485157013,1188.2811917678314
2026-09-28T22:47:18,2310,1.1733948481353326e-05,0.26631760597229004,1188.3237276714426
2026-09-28T22:47:52,2311,1.1730103806228375e-05,0.334522545337677,1188.272898916223
2026-09-28T22:48:39,2312,1.1726259131103424e-05,0.25585058331489563,1188.1627815950553
2026-09-28T22:48:49,2313,1.172241445597847e-05,0.19909901916980743,1188.1930167859439
2026-09-28T22:49:37,2314,1.171856978085352e-05,0.24111853539943695,1188.0903640864205
2026-09-28T22:49:59,2315,1.1714725105728567e-05,0.20686575770378113,1188.142994747914
2026-09-28T22:50:15,2316,1.1710880430603616e-05,0.1862931251525879,1188.1749104449868
2026-09-28T22:51:04,2317,1.1707035755478664e-05,0.30165839195251465,1188.1313724788322
2026-09-28T22:51:35,2318,1.1703191080353712e-05,0.36834895610809326,1188.168009253771
2026-09-28T22:51:46,2319,1.169934640522876e-05,0.24651587009429932,1188.2058360521241
2026-09-28T22:51:57,2320,1.1695501730103806e-05,0.2709507346153259,1188.2509035320254
2026-09-28T22:52:14,2321,1.1691657054978856e-05,0.2812240421772003,1188.3113285195789
2026-09-28T22:52:52,2322,1.1687812379853902e-05,0.21710866689682007,1188.2498711117503
2026-09-28T22:53:50,2323,1.168396770472895e-05,0.2299880087375641,1188.1611379868436
2026-09-28T22:54:41,2324,1.1680123029604e-05,0.29979199171066284,1188.119293517054
2026-09-28T22:55:12,2325,1.1676278354479047e-05,0.2708350419998169,1188.1362454285022
2026-09-28T22:55:37,2326,1.1672433679354095e-05,0.25976184010505676,1188.1938815598462
2026-09-28T22:56:21,2327,1.1668589004229143e-05,0.3087749183177948,1188.1352361681127
2026-09-28T22:57:43,2328,1.1664744329104191e-05,0.348154217004776,1187.8706920941324
2026-09-28T22:57:55,2329,1.166089965397924e-05,0.2463023066520691,1187.921391738603
2026-09-28T22:58:13,2330,1.1657054978854287e-05,0.25378406047821045,1187.9714723692782
2026-09-28T22:58:27,2331,1.1653210303729336e-05,0.2972065806388855,1188.0358636348492
2026-09-28T22:58:42,2332,1.1649365628604383e-05,0.21848534047603607,1188.092635930542
2026-09-28T22:58:56,2333,1.1645520953479432e-05,0.23512110114097595,1188.1553167805744
2026-09-28T23:00:01,2334,1.164167627835448e-05,0.2762434482574463,1188.011448083739
2026-09-28T23:00:22,2335,1.1637831603229528e-05,0.33372798562049866,1188.056902075328
2026-09-28T23:01:03,2336,1.1633986928104577e-05,0.2602512240409851,1188.0133395243352
2026-09-28T23:01:29,2337,1.1630142252979624e-05,0.28616243600845337,1188.0602078906334
2026-09-28T23:01:53,2338,1.1626297577854673e-05,0.35606878995895386,1188.094658253179
2026-09-28T23:02:06,2339,1.162245290272972e-05,0.23276063799858093,1188.146461232638
2026-09-28T23:02:51,2340,1.1618608227604769e-05,0.32210439443588257,1188.0384931050467
2026-09-28T23:03:11,2341,1.1614763552479818e-05,0.2282324880361557,1188.1001862148707
2026-09-28T23:03:30,2342,1.1610918877354863e-05,0.30333802103996277,1188.1677323768122
2026-09-28T23:04:26,2343,1.1607074202229914e-05,0.32642123103141785,1188.0711593360572
2026-09-28T23:04:40,2344,1.160322952710496e-05,0.25672873854637146,1188.129802308248
2026-09-28T23:05:26,2345,1.1599384851980008e-05,0.35358476638793945,1188.048946760748
2026-09-28T23:06:03,2346,1.1595540176855055e-05,0.4830784797668457,1188.0260763722285
2026-09-28T23:06:20,2347,1.1591695501730104e-05,0.24907316267490387,1188.073036206265
2026-09-28T23:06:34,2348,1.1587850826605153e-05,0.23619356751441956,1188.1212274728912
2026-09-28T23:07:14,2349,1.15840061514802e-05,0.3113744854927063,1188.1244331973103
2026-09-28T23:07:50,2350,1.1580161476355249e-05,0.2758365869522095,1188.1316645902048
2026-09-28T23:09:05,2351,1.1576316801230296e-05,0.2733984589576721,1187.9424954878732
2026-09-28T23:09:16,2352,1.1572472126105345e-05,0.17978842556476593,1187.978630923755
2026-09-28T23:09:27,2353,1.1568627450980394e-05,0.18305763602256775,1188.0248078185284
2026-09-28T23:09:56,2354,1.1564782775855441e-05,0.2663220465183258,1188.003710908516
2026-09-28T23:10:22,2355,1.156093810073049e-05,0.2521047592163086,1188.0167687407916
2026-09-28T23:10:51,2356,1.1557093425605537e-05,0.33188846707344055,1188.047055427646
2026-09-28T23:11:33,2357,1.1553248750480586e-05,0.2397451400756836,1188.0066594540788
2026-09-28T23:11:43,2358,1.1549404075355633e-05,0.2593590021133423,1188.0408650941686
2026-09-28T23:11:57,2359,1.1545559400230682e-05,0.20793017745018005,1188.092983230454
2026-09-28T23:12:21,2360,1.154171472510573e-05,0.2795162796974182,1188.142289852664
2026-09-28T23:13:35,2361,1.1537870049980778e-05,0.21727006137371063,1187.891103639397
2026-09-28T23:13:48,2362,1.1534025374855827e-05,0.2119276374578476,1187.9459987819105
2026-09-28T23:14:36,2363,1.1530180699730872e-05,0.2431706339120865,1187.8394162134275
2026-09-28T23:15:10,2364,1.1526336024605921e-05,0.2784893810749054,1187.8479733428292
2026-09-28T23:15:23,2365,1.1522491349480968e-05,0.23363138735294342,1187.892428210025
2026-09-28T23:15:49,2366,1.1518646674356017e-05,0.20281636714935303,1187.9269082998555
2026-09-28T23:16:44,2367,1.1514801999231066e-05,0.36694321036338806,1187.787008356132
2026-09-28T23:17:33,2368,1.1510957324106113e-05,0.27689042687416077,1187.7048564700501
2026-09-28T23:17:50,2369,1.1507112648981162e-05,0.20433133840560913,1187.7248946222376
2026-09-28T23:18:08,2370,1.1503267973856209e-05,0.2891634702682495,1187.8029804831651
2026-09-28T23:18:52,2371,1.1499423298731258e-05,0.3214260935783386,1187.795210926197
2026-09-28T23:19:10,2372,1.1495578623606307e-05,0.2529565691947937,1187.8133812919027
2026-09-28T23:19:39,2373,1.1491733948481354e-05,0.29705870151519775,1187.8519230197387
2026-09-28T23:19:50,2374,1.1487889273356403e-05,0.23121018707752228,1187.8913908363243
2026-09-28T23:20:05,2375,1.148404459823145e-05,0.27093014121055603,1187.9565218219484
2026-09-28T23:20:49,2376,1.1480199923106499e-05,0.25502943992614746,1187.929697563125
2026-09-28T23:21:32,2377,1.1476355247981546e-05,0.19566859304904938,1187.8585558511556
2026-09-28T23:21:54,2378,1.1472510572856595e-05,0.24486616253852844,1187.8853268189343
2026-09-28T23:22:15,2379,1.1468665897731644e-05,0.3044603168964386,1187.9391834841877
2026-09-28T23:22:28,2380,1.146482122260669e-05,0.31504231691360474,1187.9950161751005
2026-09-28T23:22:53,2381,1.146097654748174e-05,0.30003511905670166,1188.0575518774679
2026-09-28T23:23:21,2382,1.1457131872356787e-05,0.2544935345649719,1188.107146655826
2026-09-28T23:23:46,2383,1.1453287197231836e-05,0.2493298053741455,1188.1238002618668
2026-09-28T23:24:11,2384,1.1449442522106884e-05,0.24257001280784607,1188.1628432231105
2026-09-28T23:24:23,2385,1.144559784698193e-05,0.23353374004364014,1188.2130163729698
2026-09-28T23:25:23,2386,1.144175317185698e-05,0.34941017627716064,1188.0858298771013
2026-09-28T23:26:14,2387,1.1437908496732026e-05,0.2909693419933319,1187.9806864385666
2026-09-28T23:26:24,2388,1.1434063821607075e-05,0.19593697786331177,1188.0182085841843
2026-09-28T23:26:41,2389,1.1430219146482122e-05,0.22811876237392426,1188.0682441365423
2026-09-28T23:26:58,2390,1.142637447135717e-05,0.2303229719400406,1188.124457869282
2026-09-28T23:27:25,2391,1.142252979623222e-05,0.26756471395492554,1188.1629557379379
2026-09-28T23:27:40,2392,1.1418685121107267e-05,0.19822221994400024,1188.2077660224156
2026-09-28T23:28:03,2393,1.1414840445982316e-05,0.22033163905143738,1188.2535181402957
2026-09-28T23:28:31,2394,1.1410995770857363e-05,0.2687737047672272,1188.3074472212163
2026-09-28T23:29:02,2395,1.1407151095732412e-05,0.26904261112213135,1188.3447657415988
2026-09-28T23:29:27,2396,1.140330642060746e-05,0.24938464164733887,1188.3941730509796
2026-09-28T23:30:31,2397,1.1399461745482508e-05,0.35219553112983704,1188.2599790566758
2026-09-28T23:30:54,2398,1.1395617070357556e-05,0.20139360427856445,1188.3066147243267
2026-09-28T23:31:43,2399,1.1391772395232604e-05,0.2687699794769287,1188.2570830881077
2026-09-28T23:32:44,2400,1.1387927720107652e-05,0.2607884705066681,1188.1326404017773
2026-09-28T23:33:10,2401,1.13840830449827e-05,0.2501041889190674,1188.188623862755
2026-09-28T23:33:21,2402,1.1380238369857748e-05,0.19503217935562134,1188.2238500851709
2026-09-28T23:34:15,2403,1.1376393694732797e-05,0.32794007658958435,1188.1114325183528
2026-09-28T23:34:35,2404,1.1372549019607844e-05,0.27314293384552,1188.1510164875804
2026-09-28T23:34:58,2405,1.1368704344482893e-05,0.24342834949493408,1188.2092452065583
2026-09-28T23:35:31,2406,1.1364859669357939e-05,0.27690139412879944,1188.2233576596727
2026-09-28T23:35:44,2407,1.1361014994232988e-05,0.17985761165618896,1188.2817803547705
2026-09-28T23:36:10,2408,1.1357170319108038e-05,0.21218542754650116,1188.309976503948
2026-09-28T23:36:47,2409,1.1353325643983084e-05,0.19006571173667908,1188.312676623793
2026-09-28T23:37:43,2410,1.1349480968858132e-05,0.31830310821533203,1188.181419067726
2026-09-28T23:38:25,2411,1.134563629373318e-05,0.3040451407432556,1188.182470355957
2026-09-28T23:38:49,2412,1.1341791618608228e-05,0.2776246666908264,1188.2299437658146
2026-09-28T23:39:43,2413,1.1337946943483276e-05,0.2782193720340729,1188.1347532008504
2026-09-28T23:40:11,2414,1.1334102268358324e-05,0.17793673276901245,1188.1665681284678
2026-09-28T23:41:15,2415,1.1330257593233373e-05,0.31298568844795227,1188.0471885579361
2026-09-28T23:41:29,2416,1.132641291810842e-05,0.24695584177970886,1188.0850475915506
2026-09-28T23:41:42,2417,1.132256824298347e-05,0.19691802561283112,1188.1321073534552
2026-09-28T23:42:39,2418,1.1318723567858516e-05,0.3179411292076111,1188.045265023371
2026-09-28T23:43:02,2419,1.1314878892733565e-05,0.37314072251319885,1188.0890434434248
2026-09-28T23:43:17,2420,1.1311034217608614e-05,0.24193090200424194,1188.139427482079
2026-09-28T23:43:30,2421,1.1307189542483661e-05,0.1972932517528534,1188.1969085147737
2026-09-28T23:43:53,2422,1.130334486735871e-05,0.26487237215042114,1188.235124003448
2026-09-28T23:44:34,2423,1.1299500192233757e-05,0.35841289162635803,1188.2085164543737
2026-09-28T23:44:47,2424,1.1295655517108806e-05,0.18182891607284546,1188.2581634703645
2026-09-28T23:45:36,2425,1.1291810841983853e-05,0.1657569855451584,1188.1629760800083
2026-09-28T23:45:54,2426,1.1287966166858902e-05,0.23481613397598267,1188.2208515331831
2026-09-28T23:46:11,2427,1.1284121491733951e-05,0.27100613713264465,1188.276527506835
2026-09-28T23:46:39,2428,1.1280276816608996e-05,0.26270973682403564,1188.3190059040223
2026-09-28T23:47:01,2429,1.1276432141484047e-05,0.25222301483154297,1188.3692004880913
2026-09-28T23:48:14,2430,1.1272587466359092e-05,0.3525134027004242,1188.1405670139727
2026-09-28T23:48:35,2431,1.1268742791234141e-05,0.25350964069366455,1188.155373132651
2026-09-28T23:48:48,2432,1.1264898116109188e-05,0.1884312927722931,1188.2109033662382
2026-09-28T23:49:05,2433,1.1261053440984237e-05,0.24287399649620056,1188.2752644038821
2026-09-28T23:49:21,2434,1.1257208765859286e-05,0.2677444815635681,1188.3039654612176
2026-09-28T23:50:14,2435,1.1253364090734333e-05,0.37414613366127014,1188.1953584167509
2026-09-28T23:50:27,2436,1.1249519415609382e-05,0.21017345786094666,1188.2513088967116
2026-09-28T23:50:40,2437,1.124567474048443e-05,0.19738970696926117,1188.3071219882377
2026-09-28T23:50:51,2438,1.1241830065359478e-05,0.21428930759429932,1188.3395518082555
2026-09-28T23:51:13,2439,1.1237985390234527e-05,0.23906713724136353,1188.3932657923935
2026-09-28T23:51:30,2440,1.1234140715109574e-05,0.2380865216255188,1188.4353980945236
2026-09-28T23:51:48,2441,1.1230296039984623e-05,0.25772279500961304,1188.4683511161095
2026-09-28T23:53:02,2442,1.122645136485967e-05,0.2888191342353821,1188.243206803388
2026-09-28T23:53:13,2443,1.1222606689734719e-05,0.3444184362888336,1188.259910330521
2026-09-28T23:53:25,2444,1.1218762014609766e-05,0.2991509437561035,1188.3050578463672
2026-09-28T23:53:39,2445,1.1214917339484815e-05,0.2966776192188263,1188.3591177007063
2026-09-28T23:54:38,2446,1.1211072664359864e-05,0.27405309677124023,1188.223722894637
2026-09-28T23:54:50,2447,1.1207227989234911e-05,0.2662532329559326,1188.2636637796134
2026-09-28T23:55:10,2448,1.120338331410996e-05,0.2543138563632965,1188.3204888312885
2026-09-28T23:55:27,2449,1.1199538638985005e-05,0.2039358764886856,1188.372179377669
2026-09-28T23:55:54,2450,1.1195693963860054e-05,0.22754676640033722,1188.4080910493954
2026-09-28T23:56:10,2451,1.1191849288735105e-05,0.21969494223594666,1188.4625770598939
2026-09-28T23:56:38,2452,1.118800461361015e-05,0.204104483127594,1188.4972959137904
2026-09-28T23:56:55,2453,1.1184159938485199e-05,0.1926971673965454,1188.5536292460786
2026-09-28T23:57:22,2454,1.1180315263360246e-05,0.2593873143196106,1188.5559986074788
2026-09-28T23:57:35,2455,1.1176470588235295e-05,0.22951370477676392,1188.6121471602112
2026-09-28T23:58:02,2456,1.1172625913110342e-05,0.2852996587753296,1188.658475585829
2026-09-28T23:58:29,2457,1.116878123798539e-05,0.286896675825119,1188.7011532615868
2026-09-28T23:58:43,2458,1.116493656286044e-05,0.18662431836128235,1188.7595489325336
2026-09-28T23:59:19,2459,1.1161091887735487e-05,0.23534217476844788,1188.7354233930744
2026-09-28T23:59:47,2460,1.1157247212610536e-05,0.2051444798707962,1188.7700041778583
2026-09-29T00:00:11,2461,1.1153402537485583e-05,0.19532239437103271,1188.8133608419985
2026-09-29T00:00:30,2462,1.1149557862360632e-05,0.35677871108055115,1188.8791591494157
2026-09-29T00:01:16,2463,1.114571318723568e-05,0.25449973344802856,1188.7428136318788
2026-09-29T00:01:39,2464,1.1141868512110728e-05,0.1886436492204666,1188.7826060707478
2026-09-29T00:01:49,2465,1.1138023836985777e-05,0.19580078125,1188.8142377965517
2026-09-29T00:02:03,2466,1.1134179161860824e-05,0.2531769275665283,1188.8763389762696
2026-09-29T00:02:21,2467,1.1130334486735873e-05,0.23390136659145355,1188.9378908420892
2026-09-29T00:02:48,2468,1.1126489811610918e-05,0.29406023025512695,1188.9737576949938
2026-09-29T00:03:10,2469,1.1122645136485968e-05,0.2877451181411743,1189.0049338793797
2026-09-29T00:04:07,2470,1.1118800461361017e-05,0.2938961386680603,1188.841862376297
2026-09-29T00:04:20,2471,1.1114955786236063e-05,0.2244248390197754,1188.8987251191108
2026-09-29T00:04:40,2472,1.1111111111111113e-05,0.24278977513313293,1188.962084262971
2026-09-29T00:05:41,2473,1.1107266435986159e-05,0.3036503791809082,1188.7975237749044
2026-09-29T00:06:08,2474,1.1103421760861208e-05,0.31226980686187744,1188.8237744204007
2026-09-29T00:06:39,2475,1.1099577085736256e-05,0.24309268593788147,1188.8702989399844
2026-09-29T00:07:25,2476,1.1095732410611304e-05,0.3081884980201721,1188.8236145331987
2026-09-29T00:07:58,2477,1.1091887735486352e-05,0.2341274917125702,1188.8263417777105
2026-09-29T00:08:16,2478,1.10880430603614e-05,0.3367302715778351,1188.8839701839438
2026-09-29T00:09:01,2479,1.1084198385236448e-05,0.2969020903110504,1188.7718243494487
2026-09-29T00:09:46,2480,1.1080353710111496e-05,0.2263931781053543,1188.642768224644
2026-09-29T00:10:32,2481,1.1076509034986544e-05,0.24936383962631226,1188.528307442008
2026-09-29T00:10:48,2482,1.1072664359861593e-05,0.2530715763568878,1188.5761024302383
2026-09-29T00:11:18,2483,1.106881968473664e-05,0.31184691190719604,1188.6252513703416
2026-09-29T00:11:44,2484,1.106497500961169e-05,0.22927285730838776,1188.6678036945896
2026-09-29T00:12:13,2485,1.1061130334486736e-05,0.26411399245262146,1188.6792078367625
2026-09-29T00:12:49,2486,1.1057285659361785e-05,0.27507010102272034,1188.6646185683096
2026-09-29T00:13:40,2487,1.1053440984236834e-05,0.2731756269931793,1188.5366162395921
2026-09-29T00:14:51,2488,1.1049596309111881e-05,0.37570327520370483,1188.3800323826542
2026-09-29T00:15:06,2489,1.104575163398693e-05,0.2456231713294983,1188.436405994725
2026-09-29T00:15:53,2490,1.1041906958861977e-05,0.2989431619644165,1188.4101356647272
2026-09-29T00:16:13,2491,1.1038062283737026e-05,0.2640177011489868,1188.4506950672094
2026-09-29T00:16:52,2492,1.1034217608612072e-05,0.2978910207748413,1188.4086709090743
2026-09-29T00:17:20,2493,1.103037293348712e-05,0.24643567204475403,1188.412824158911
2026-09-29T00:17:41,2494,1.1026528258362171e-05,0.21538682281970978,1188.4588619487308
2026-09-29T00:18:17,2495,1.1022683583237216e-05,0.2773030698299408,1188.4556920411023
2026-09-29T00:18:43,2496,1.1018838908112265e-05,0.24514514207839966,1188.4901479664193
2026-09-29T00:19:37,2497,1.1014994232987312e-05,0.3275969624519348,1188.3718132684296
2026-09-29T00:19:53,2498,1.1011149557862361e-05,0.2554526627063751,1188.434803273105
2026-09-29T00:20:19,2499,1.1007304882737408e-05,0.24521660804748535,1188.470409369774
2026-09-29T00:20:39,2500,1.1003460207612457e-05,0.25356677174568176,1188.528819349179
2026-09-29T00:20:54,2501,1.0999615532487506e-05,0.3007856011390686,1188.5727092685809
2026-09-29T00:21:06,2502,1.0995770857362553e-05,0.18621307611465454,1188.6232348878586
2026-09-29T00:21:27,2503,1.0991926182237602e-05,0.2633846402168274,1188.6697074657436
2026-09-29T00:21:41,2504,1.098808150711265e-05,0.21380126476287842,1188.7182875716671
2026-09-29T00:22:30,2505,1.0984236831987698e-05,0.29631203413009644,1188.6446909543524
2026-09-29T00:22:44,2506,1.0980392156862747e-05,0.29418396949768066,1188.683503999724
2026-09-29T00:23:07,2507,1.0976547481737794e-05,0.19208519160747528,1188.7128141175988
2026-09-29T00:23:27,2508,1.0972702806612843e-05,0.2616359293460846,1188.7611728095967
2026-09-29T00:23:52,2509,1.096885813148789e-05,0.27221551537513733,1188.8070677281225
2026-09-29T00:24:32,2510,1.0965013456362939e-05,0.2888495624065399,1188.7986575938542
2026-09-29T00:24:44,2511,1.0961168781237984e-05,0.19269472360610962,1188.8443501820302
2026-09-29T00:25:02,2512,1.0957324106113035e-05,0.3104757070541382,1188.8708850255077
2026-09-29T00:25:33,2513,1.0953479430988084e-05,0.20638081431388855,1188.8643347286657
2026-09-29T00:26:19,2514,1.094963475586313e-05,0.22005829215049744,1188.75723763992
2026-09-29T00:26:53,2515,1.094579008073818e-05,0.2540874481201172,1188.782159752102
2026-09-29T00:27:10,2516,1.0941945405613225e-05,0.3254839777946472,1188.8255532031096
2026-09-29T00:27:53,2517,1.0938100730488274e-05,0.41962048411369324,1188.7713955132813
2026-09-29T00:28:17,2518,1.0934256055363323e-05,0.20541295409202576,1188.8320983962922
2026-09-29T00:29:04,2519,1.093041138023837e-05,0.1840173751115799,1188.7458476599038
2026-09-29T00:29:32,2520,1.0926566705113419e-05,0.18468934297561646,1188.7695296770898
2026-09-29T00:30:06,2521,1.0922722029988466e-05,0.21467779576778412,1188.7295823125567
2026-09-29T00:30:28,2522,1.0918877354863515e-05,0.24833962321281433,1188.7791867993544
2026-09-29T00:30:57,2523,1.0915032679738562e-05,0.24769121408462524,1188.8319562328097
2026-09-29T00:31:14,2524,1.0911188004613611e-05,0.2515008747577667,1188.8655489833561
2026-09-29T00:31:40,2525,1.090734332948866e-05,0.3269098401069641,1188.8987620874711
2026-09-29T00:32:36,2526,1.0903498654363707e-05,0.29106128215789795,1188.8327855114399
2026-09-29T00:33:16,2527,1.0899653979238756e-05,0.3005755841732025,1188.8064344254303
2026-09-29T00:33:30,2528,1.0895809304113803e-05,0.2517574429512024,1188.86300223209
2026-09-29T00:34:17,2529,1.0891964628988852e-05,0.2625032067298889,1188.7585856346652
2026-09-29T00:35:01,2530,1.08881199538639e-05,0.2773124873638153,1188.7477128542632
2026-09-29T00:36:03,2531,1.0884275278738948e-05,0.31429997086524963,1188.601437657868
2026-09-29T00:36:22,2532,1.0880430603613997e-05,0.21308916807174683,1188.6476874152386
2026-09-29T00:36:54,2533,1.0876585928489044e-05,0.29419857263565063,1188.6400663093366
2026-09-29T00:37:09,2534,1.0872741253364093e-05,0.21874608099460602,1188.6869660549944
2026-09-29T00:37:35,2535,1.0868896578239138e-05,0.3348039984703064,1188.7362170976496
2026-09-29T00:38:17,2536,1.0865051903114187e-05,0.2746680974960327,1188.7139348379653
2026-09-29T00:39:07,2537,1.0861207227989237e-05,0.38569730520248413,1188.6754955064812
2026-09-29T00:39:25,2538,1.0857362552864283e-05,0.21952179074287415,1188.7445621078493
2026-09-29T00:39:40,2539,1.0853517877739332e-05,0.24172520637512207,1188.8085000233152
2026-09-29T00:39:52,2540,1.0849673202614379e-05,0.289788156747818,1188.8543908055394
2026-09-29T00:41:17,2541,1.0845828527489428e-05,0.30898499488830566,1188.6741607688898
2026-09-29T00:41:38,2542,1.0841983852364477e-05,0.2475830316543579,1188.681544223159
2026-09-29T00:41:54,2543,1.0838139177239524e-05,0.20443037152290344,1188.7457212798492
2026-09-29T00:42:25,2544,1.0834294502114573e-05,0.27603307366371155,1188.7426054180642
2026-09-29T00:43:00,2545,1.083044982698962e-05,0.26356977224349976,1188.7261487289302
2026-09-29T00:44:17,2546,1.0826605151864669e-05,0.3391456604003906,1188.5478985567431
2026-09-29T00:44:33,2547,1.0822760476739716e-05,0.18513496220111847,1188.5987069037362
2026-09-29T00:44:44,2548,1.0818915801614765e-05,0.23111093044281006,1188.6385856324318
2026-09-29T00:45:18,2549,1.0815071126489813e-05,0.2466609627008438,1188.6285011348953
2026-09-29T00:45:52,2550,1.081122645136486e-05,0.3217558264732361,1188.6551470369966
2026-09-29T00:46:09,2551,1.080738177623991e-05,0.2366703599691391,1188.6990824763225
2026-09-29T00:46:23,2552,1.0803537101114957e-05,0.22810229659080505,1188.761848241331
2026-09-29T00:47:07,2553,1.0799692425990005e-05,0.3083767294883728,1188.7367783447728
2026-09-29T00:47:24,2554,1.0795847750865054e-05,0.23925839364528656,1188.796423244839
2026-09-29T00:48:22,2555,1.0792003075740101e-05,0.2464369386434555,1188.6733314180008
2026-09-29T00:48:44,2556,1.078815840061515e-05,0.2758927643299103,1188.720182904304
2026-09-29T00:49:03,2557,1.0784313725490196e-05,0.18308578431606293,1188.7820468440893
2026-09-29T00:49:16,2558,1.0780469050365245e-05,0.1771174818277359,1188.833440646428
2026-09-29T00:49:45,2559,1.0776624375240292e-05,0.28647592663764954,1188.8575281837773
2026-09-29T00:49:56,2560,1.077277970011534e-05,0.18388262391090393,1188.8974343611071
2026-09-29T00:50:27,2561,1.076893502499039e-05,0.26898807287216187,1188.904069242218
2026-09-29T00:50:39,2562,1.0765090349865437e-05,0.25962042808532715,1188.9445361077542
2026-09-29T00:51:46,2563,1.0761245674740485e-05,0.32476091384887695,1188.7563503779186
2026-09-29T00:52:05,2564,1.0757400999615533e-05,0.25952789187431335,1188.7934710856491
2026-09-29T00:52:21,2565,1.0753556324490581e-05,0.2604152262210846,1188.8525608977789
2026-09-29T00:52:38,2566,1.0749711649365629e-05,0.1701861321926117,1188.9092409397754
2026-09-29T00:53:13,2567,1.0745866974240677e-05,0.23103490471839905,1188.9276522281475
2026-09-29T00:53:33,2568,1.0742022299115726e-05,0.22272135317325592,1188.9962566999445
2026-09-29T00:53:53,2569,1.0738177623990773e-05,0.30543744564056396,1189.0377758473032
2026-09-29T00:54:12,2570,1.0734332948865822e-05,0.229472354054451,1189.0799434796324
2026-09-29T00:54:33,2571,1.073048827374087e-05,0.25308334827423096,1189.1151984301998
2026-09-29T00:55:24,2572,1.0726643598615918e-05,0.3311978578567505,1189.0314790505608
2026-09-29T00:55:37,2573,1.0722798923490967e-05,0.2375614494085312,1189.0822174899665
2026-09-29T00:56:15,2574,1.0718954248366014e-05,0.20155465602874756,1189.0472969494112
2026-09-29T00:56:37,2575,1.0715109573241063e-05,0.2875010371208191,1189.0845508432342
2026-09-29T00:57:12,2576,1.071126489811611e-05,0.2425706684589386,1189.0914756456066
2026-09-29T00:57:59,2577,1.0707420222991159e-05,0.25807884335517883,1189.065781437163
2026-09-29T00:58:18,2578,1.0703575547866205e-05,0.19551824033260345,1189.1291319020281
2026-09-29T00:58:47,2579,1.0699730872741253e-05,0.274751752614975,1189.154032680045
2026-09-29T00:59:18,2580,1.0695886197616304e-05,0.1948506087064743,1189.1280113994485
2026-09-29T00:59:49,2581,1.069204152249135e-05,0.2500375211238861,1189.1159368363924
2026-09-29T01:00:45,2582,1.0688196847366398e-05,0.3182840645313263,1188.9946746277233
2026-09-29T01:01:19,2583,1.0684352172241445e-05,0.24580703675746918,1188.9882943551136
2026-09-29T01:02:36,2584,1.0680507497116494e-05,0.3225220739841461,1188.7837799828912
2026-09-29T01:03:01,2585,1.0676662821991543e-05,0.297140896320343,1188.8298437181184
2026-09-29T01:03:22,2586,1.067281814686659e-05,0.26083219051361084,1188.8839861543506
2026-09-29T01:03:53,2587,1.0668973471741639e-05,0.277317076921463,1188.9112329721997
2026-09-29T01:04:07,2588,1.0665128796616686e-05,0.20630279183387756,1188.96938605152
2026-09-29T01:04:33,2589,1.0661284121491735e-05,0.21373683214187622,1188.9575667019194
2026-09-29T01:05:24,2590,1.0657439446366782e-05,0.33546584844589233,1188.8651038441726
2026-09-29T01:05:40,2591,1.0653594771241831e-05,0.18605703115463257,1188.9076474706194
2026-09-29T01:05:59,2592,1.064975009611688e-05,0.29210853576660156,1188.9605902158496
2026-09-29T01:06:17,2593,1.0645905420991927e-05,0.23948052525520325,1188.9968957519734
2026-09-29T01:06:34,2594,1.0642060745866976e-05,0.31223469972610474,1189.0364814491463
2026-09-29T01:06:58,2595,1.0638216070742023e-05,0.2837539613246918,1189.0706408131932
2026-09-29T01:07:54,2596,1.0634371395617072e-05,0.3172856569290161,1188.9667924499906
2026-09-29T01:08:57,2597,1.063052672049212e-05,0.34334948658943176,1188.8509424894562
2026-09-29T01:10:05,2598,1.0626682045367168e-05,0.28226298093795776,1188.6631261637397
2026-09-29T01:10:22,2599,1.0622837370242217e-05,0.2806521952152252,1188.6982384327753
2026-09-29T01:11:09,2600,1.0618992695117262e-05,0.23251014947891235,1188.5914373686803
2026-09-29T01:11:21,2601,1.0615148019992311e-05,0.24725450575351715,1188.6391109631304
2026-09-29T01:11:42,2602,1.0611303344867358e-05,0.19909608364105225,1188.6638896223506
2026-09-29T01:12:19,2603,1.0607458669742407e-05,0.296065092086792,1188.6635197124465
2026-09-29T01:13:07,2604,1.0603613994617456e-05,0.3095424175262451,1188.55006814047
2026-09-29T01:13:38,2605,1.0599769319492503e-05,0.26385900378227234,1188.5780762927302
2026-09-29T01:14:00,2606,1.0595924644367552e-05,0.14402562379837036,1188.5906891171464
2026-09-29T01:14:30,2607,1.0592079969242599e-05,0.26076841354370117,1188.6023033741542
2026-09-29T01:14:53,2608,1.0588235294117648e-05,0.1954525113105774,1188.6189945862543
2026-09-29T01:15:22,2609,1.0584390618992697e-05,0.2624579071998596,1188.6663909290794
2026-09-29T01:16:01,2610,1.0580545943867744e-05,0.24305778741836548,1188.6298936551761
2026-09-29T01:16:31,2611,1.0576701268742793e-05,0.29635512828826904,1188.606663169998
2026-09-29T01:16:48,2612,1.057285659361784e-05,0.20381712913513184,1188.6445566813288
2026-09-29T01:17:07,2613,1.0569011918492889e-05,0.21312215924263,1188.7037021216026
2026-09-29T01:17:31,2614,1.0565167243367936e-05,0.23288461565971375,1188.7490865580073
2026-09-29T01:17:51,2615,1.0561322568242985e-05,0.27291712164878845,1188.813087688165
2026-09-29T01:18:02,2616,1.0557477893118034e-05,0.2670469284057617,1188.8478017657485
2026-09-29T01:18:33,2617,1.055363321799308e-05,0.21488846838474274,1188.8862505276295
2026-09-29T01:18:54,2618,1.054978854286813e-05,0.2494843751192093,1188.94149406233
2026-09-29T01:19:05,2619,1.0545943867743175e-05,0.2173742949962616,1188.9815769269958
2026-09-29T01:19:52,2620,1.0542099192618225e-05,0.20457971096038818,1188.9382420592794
2026-09-29T01:20:06,2621,1.0538254517493274e-05,0.24650858342647552,1188.995504730415
2026-09-29T01:20:31,2622,1.053440984236832e-05,0.2523338794708252,1189.047027687976
2026-09-29T01:20:45,2623,1.053056516724337e-05,0.2306075245141983,1189.0967313649114
2026-09-29T01:21:38,2624,1.0526720492118416e-05,0.24819180369377136,1189.0038077185452
2026-09-29T01:21:58,2625,1.0522875816993465e-05,0.25223416090011597,1189.0604192907265
2026-09-29T01:23:01,2626,1.0519031141868512e-05,0.277025431394577,1188.9173782957535
2026-09-29T01:23:35,2627,1.051518646674356e-05,0.274151086807251,1188.9543673584542
2026-09-29T01:23:55,2628,1.051134179161861e-05,0.21582931280136108,1189.0180216547774
2026-09-29T01:24:17,2629,1.0507497116493657e-05,0.3218761086463928,1189.0608300769554
2026-09-29T01:25:17,2630,1.0503652441368705e-05,0.3041938841342926,1188.9746686201715
2026-09-29T01:25:41,2631,1.0499807766243753e-05,0.19629180431365967,1189.01378777083
2026-09-29T01:26:02,2632,1.0495963091118801e-05,0.2915946841239929,1189.0374400427925
2026-09-29T01:26:14,2633,1.0492118415993849e-05,0.27509623765945435,1189.0794955548204
2026-09-29T01:26:55,2634,1.0488273740868897e-05,0.23712097108364105,1189.0535785317472
2026-09-29T01:27:15,2635,1.0484429065743946e-05,0.23487430810928345,1189.0992646154937
2026-09-29T01:28:03,2636,1.0480584390618993e-05,0.20436152815818787,1189.066490968032
2026-09-29T01:28:25,2637,1.0476739715494042e-05,0.30916130542755127,1189.1147572604089
2026-09-29T01:28:49,2638,1.047289504036909e-05,0.24926337599754333,1189.1660487866643
2026-09-29T01:29:01,2639,1.0469050365244138e-05,0.2510063052177429,1189.206352444917
2026-09-29T01:29:18,2640,1.0465205690119187e-05,0.3235442042350769,1189.2720013399874
2026-09-29T01:30:01,2641,1.0461361014994234e-05,0.35423699021339417,1189.25751246925
2026-09-29T01:30:28,2642,1.0457516339869283e-05,0.3400484621524811,1189.3003370628614
2026-09-29T01:30:44,2643,1.0453671664744329e-05,0.2644963264465332,1189.3345524347258
2026-09-29T01:31:12,2644,1.0449826989619377e-05,0.26515716314315796,1189.3540781146214
2026-09-29T01:31:39,2645,1.0445982314494425e-05,0.2849997282028198,1189.3392501101505
2026-09-29T01:31:56,2646,1.0442137639369473e-05,0.2640892267227173,1189.3922014958418
2026-09-29T01:32:45,2647,1.0438292964244522e-05,0.18145444989204407,1189.2791234968922
2026-09-29T01:33:11,2648,1.043444828911957e-05,0.23312097787857056,1189.3354376465727
2026-09-29T01:33:22,2649,1.0430603613994618e-05,0.22701680660247803,1189.3819277238313
2026-09-29T01:33:40,2650,1.0426758938869665e-05,0.237461119890213,1189.4365591445626
2026-09-29T01:34:02,2651,1.0422914263744714e-05,0.27894604206085205,1189.4677664136323
2026-09-29T01:34:59,2652,1.0419069588619763e-05,0.2703824043273926,1189.3602793264267
2026-09-29T01:35:33,2653,1.041522491349481e-05,0.2711547315120697,1189.3321363294112
2026-09-29T01:36:21,2654,1.0411380238369859e-05,0.29225796461105347,1189.2099138709955
2026-09-29T01:36:39,2655,1.0407535563244906e-05,0.27066338062286377,1189.2496004378902
2026-09-29T01:38:01,2656,1.0403690888119955e-05,0.2585287094116211,1188.996183243774
2026-09-29T01:38:14,2657,1.0399846212995002e-05,0.22368471324443817,1189.0510075808616
2026-09-29T01:38:41,2658,1.0396001537870051e-05,0.2744660973548889,1189.0761993250437
2026-09-29T01:39:30,2659,1.03921568627451e-05,0.21096709370613098,1188.9803927243913
2026-09-29T01:39:51,2660,1.0388312187620147e-05,0.3053344488143921,1189.0431280821665
2026-09-29T01:40:30,2661,1.0384467512495196e-05,0.2892560362815857,1188.997080828721
2026-09-29T01:40:42,2662,1.0380622837370241e-05,0.2366599291563034,1189.0425026342512
2026-09-29T01:41:04,2663,1.0376778162245292e-05,0.1849188208580017,1189.07681297851
2026-09-29T01:41:26,2664,1.037293348712034e-05,0.2013683021068573,1189.112986724286
2026-09-29T01:43:10,2665,1.0369088811995386e-05,0.3345903158187866,1188.80116329045
2026-09-29T01:43:37,2666,1.0365244136870437e-05,0.24723830819129944,1188.8533414361016
2026-09-29T01:44:27,2667,1.0361399461745482e-05,0.3017769157886505,1188.7662306643865
2026-09-29T01:44:40,2668,1.0357554786620531e-05,0.2257698029279709,1188.8070365059039
2026-09-29T01:44:59,2669,1.0353710111495578e-05,0.21742169559001923,1188.858352183552
2026-09-29T01:45:19,2670,1.0349865436370627e-05,0.23219752311706543,1188.9144904232792
2026-09-29T01:45:33,2671,1.0346020761245676e-05,0.25668099522590637,1188.967311235379
2026-09-29T01:45:58,2672,1.0342176086120723e-05,0.30309250950813293,1188.981413248126
2026-09-29T01:46:17,2673,1.0338331410995772e-05,0.25412705540657043,1189.0461429168292
2026-09-29T01:46:40,2674,1.0334486735870819e-05,0.300682932138443,1189.0865301375175
2026-09-29T01:46:57,2675,1.0330642060745868e-05,0.27700769901275635,1189.1270468100122
2026-09-29T01:47:56,2676,1.0326797385620917e-05,0.31027185916900635,1189.0003198685547
2026-09-29T01:48:48,2677,1.0322952710495964e-05,0.3607245087623596,1188.9494019197846
2026-09-29T01:49:05,2678,1.0319108035371013e-05,0.2214687019586563,1188.994378428116
2026-09-29T01:49:21,2679,1.031526336024606e-05,0.30206531286239624,1189.0385358410103
2026-09-29T01:49:31,2680,1.0311418685121109e-05,0.23946437239646912,1189.0699510836369
2026-09-29T01:50:43,2681,1.0307574009996156e-05,0.2753141522407532,1188.9482554345902
2026-09-29T01:51:29,2682,1.0303729334871205e-05,0.2427200824022293,1188.8544434256085
2026-09-29T01:51:41,2683,1.0299884659746254e-05,0.19782547652721405,1188.8973734567855
2026-09-29T01:52:32,2684,1.02960399846213e-05,0.3014882802963257,1188.8550841801668
2026-09-29T01:52:56,2685,1.029219530949635e-05,0.29229050874710083,1188.9112215577934
2026-09-29T01:53:31,2686,1.0288350634371395e-05,0.2417386770248413,1188.9406861625694
2026-09-29T01:53:46,2687,1.0284505959246444e-05,0.21033595502376556,1188.9785066689226
2026-09-29T01:54:23,2688,1.0280661284121494e-05,0.33176881074905396,1188.9733630468397
2026-09-29T01:54:38,2689,1.027681660899654e-05,0.20722919702529907,1189.023409601893
2026-09-29T01:55:15,2690,1.0272971933871589e-05,0.21765831112861633,1188.961220721455
2026-09-29T01:55:43,2691,1.0269127258746636e-05,0.23377925157546997,1189.006968277648
2026-09-29T01:56:21,2692,1.0265282583621685e-05,0.28781265020370483,1189.0116857046246
2026-09-29T01:56:33,2693,1.0261437908496732e-05,0.16948258876800537,1189.049602212045
2026-09-29T01:56:52,2694,1.025759323337178e-05,0.20391155779361725,1189.0978655643826
2026-09-29T01:57:04,2695,1.025374855824683e-05,0.1655060350894928,1189.1441736740062
2026-09-29T01:57:28,2696,1.0249903883121877e-05,0.23740768432617188,1189.1597560981234
2026-09-29T01:58:16,2697,1.0246059207996926e-05,0.24908369779586792,1189.0647106909396
2026-09-29T01:58:48,2698,1.0242214532871973e-05,0.2849343419075012,1189.0706649655317
2026-09-29T01:59:17,2699,1.0238369857747022e-05,0.19496220350265503,1189.069293483088
2026-09-29T01:59:39,2700,1.0234525182622069e-05,0.2204902321100235,1189.1259038002515
2026-09-29T02:00:05,2701,1.0230680507497118e-05,0.232975572347641,1189.170845045418
2026-09-29T02:00:14,2702,1.0226835832372166e-05,0.20387504994869232,1189.188777388443
2026-09-29T02:00:33,2703,1.0222991157247214e-05,0.2257949858903885,1189.2329336467644
2026-09-29T02:01:48,2704,1.0219146482122262e-05,0.36587417125701904,1189.056288436066
2026-09-29T02:02:08,2705,1.0215301806997308e-05,0.2383497804403305,1189.113284233711
2026-09-29T02:02:30,2706,1.0211457131872358e-05,0.24680447578430176,1189.157094304964
2026-09-29T02:03:02,2707,1.0207612456747407e-05,0.3200499415397644,1189.1598895186694
2026-09-29T02:03:39,2708,1.0203767781622453e-05,0.2571754455566406,1189.1309323269056
2026-09-29T02:04:11,2709,1.0199923106497503e-05,0.25289368629455566,1189.1568711574812
2026-09-29T02:04:29,2710,1.0196078431372549e-05,0.2405250370502472,1189.2097348559967
2026-09-29T02:05:20,2711,1.0192233756247598e-05,0.17999707162380219,1189.0939369383968
2026-09-29T02:05:42,2712,1.0188389081122645e-05,0.25121015310287476,1189.150644563632
2026-09-29T02:05:53,2713,1.0184544405997694e-05,0.18903487920761108,1189.1884021611268
2026-09-29T02:06:06,2714,1.0180699730872742e-05,0.2157287895679474,1189.228523528111
2026-09-29T02:06:31,2715,1.017685505574779e-05,0.24556614458560944,1189.2672134639313
2026-09-29T02:06:51,2716,1.0173010380622838e-05,0.17423631250858307,1189.3225077384259
2026-09-29T02:07:14,2717,1.0169165705497886e-05,0.2326025515794754,1189.3706123174507
2026-09-29T02:07:44,2718,1.0165321030372934e-05,0.26489078998565674,1189.4046418074768
2026-09-29T02:08:35,2719,1.0161476355247983e-05,0.31332215666770935,1189.3358636593132
2026-09-29T02:08:56,2720,1.015763168012303e-05,0.22065618634223938,1189.3891970070727
2026-09-29T02:09:15,2721,1.015378700499808e-05,0.18408091366291046,1189.4265239406175
2026-09-29T02:10:11,2722,1.0149942329873126e-05,0.2614697515964508,1189.3012393722754
2026-09-29T02:10:34,2723,1.0146097654748175e-05,0.1899285763502121,1189.3374626926966
2026-09-29T02:11:39,2724,1.0142252979623222e-05,0.24983739852905273,1189.202808836281
2026-09-29T02:12:00,2725,1.0138408304498271e-05,0.25417080521583557,1189.2197577988861
2026-09-29T02:12:16,2726,1.013456362937332e-05,0.2507017254829407,1189.2759105630093
2026-09-29T02:13:02,2727,1.0130718954248367e-05,0.2817891836166382,1189.2024537572288
2026-09-29T02:13:28,2728,1.0126874279123416e-05,0.28510892391204834,1189.209184145019
2026-09-29T02:13:41,2729,1.0123029603998461e-05,0.25515300035476685,1189.2568136046373
2026-09-29T02:14:42,2730,1.011918492887351e-05,0.22976413369178772,1189.1188631298683
2026-09-29T02:15:05,2731,1.0115340253748561e-05,0.19686460494995117,1189.1763934274386
2026-09-29T02:15:25,2732,1.0111495578623606e-05,0.20296230912208557,1189.2207626586487
2026-09-29T02:16:16,2733,1.0107650903498655e-05,0.25073349475860596,1189.1042602381633
2026-09-29T02:16:34,2734,1.0103806228373702e-05,0.21204207837581635,1189.157556375616
2026-09-29T02:16:47,2735,1.0099961553248751e-05,0.20413582026958466,1189.208821760199
2026-09-29T02:17:13,2736,1.0096116878123798e-05,0.23365609347820282,1189.2588144517222
2026-09-29T02:17:27,2737,1.0092272202998847e-05,0.20233815908432007,1189.3107826197047
2026-09-29T02:18:14,2738,1.0088427527873896e-05,0.25410717725753784,1189.2961921946815
2026-09-29T02:18:31,2739,1.0084582852748943e-05,0.21513763070106506,1189.3624873781594
2026-09-29T02:18:49,2740,1.0080738177623992e-05,0.1651114523410797,1189.4085568773492
2026-09-29T02:19:15,2741,1.007689350249904e-05,0.20307083427906036,1189.4086568208488
2026-09-29T02:19:33,2742,1.0073048827374088e-05,0.19651025533676147,1189.441793168045
2026-09-29T02:20:32,2743,1.0069204152249137e-05,0.2433609962463379,1189.3149326573916
2026-09-29T02:21:50,2744,1.0065359477124184e-05,0.3366731107234955,1189.111011036141
2026-09-29T02:22:04,2745,1.0061514801999233e-05,0.19125670194625854,1189.1664047939719
2026-09-29T02:22:37,2746,1.005767012687428e-05,0.18622653186321259,1189.1842565599043
2026-09-29T02:22:55,2747,1.0053825451749329e-05,0.22144894301891327,1189.2390655102702
2026-09-29T02:23:40,2748,1.0049980776624374e-05,0.23093809187412262,1189.1319543751138
2026-09-29T02:24:35,2749,1.0046136101499425e-05,0.20656375586986542,1189.0289774385385
2026-09-29T02:25:21,2750,1.0042291426374474e-05,0.21918590366840363,1188.9381604326356
2026-09-29T02:25:47,2751,1.0038446751249519e-05,0.18866465985774994,1188.9724045496018
2026-09-29T02:26:07,2752,1.0034602076124568e-05,0.24350693821907043,1188.9978667480952
2026-09-29T02:26:26,2753,1.0030757400999615e-05,0.256866991519928,1189.053837359091
2026-09-29T02:26:50,2754,1.0026912725874664e-05,0.20430441200733185,1189.0947034258747
2026-09-29T02:27:24,2755,1.0023068050749713e-05,0.25627705454826355,1189.0804631663098
2026-09-29T02:28:40,2756,1.001922337562476e-05,0.26706230640411377,1188.8581627273918
2026-09-29T02:29:01,2757,1.0015378700499809e-05,0.21800202131271362,1188.9167672660958
2026-09-29T02:30:03,2758,1.0011534025374856e-05,0.22784489393234253,1188.7676026483296
2026-09-29T02:30:33,2759,1.0007689350249905e-05,0.18296471238136292,1188.733599097426
2026-09-29T02:30:46,2760,1.0003844675124952e-05,0.17547819018363953,1188.7840358751357
2026-09-29T02:32:05,2761,1e-05,0.2783340513706207,1188.5247117888396
2026-09-29T02:32:44,2762,9.996155324875048e-06,0.2134772688150406,1188.4978618157265
2026-09-29T02:33:21,2763,9.992310649750097e-06,0.23931023478507996,1188.5219357194858
2026-09-29T02:33:38,2764,9.988465974625144e-06,0.24486388266086578,1188.5742841895246
2026-09-29T02:33:58,2765,9.984621299500193e-06,0.1483343243598938,1188.62913182022
2026-09-29T02:34:17,2766,9.980776624375242e-06,0.19016414880752563,1188.687415523995
2026-09-29T02:35:03,2767,9.976931949250289e-06,0.34887316823005676,1188.6654649656641
2026-09-29T02:35:27,2768,9.973087274125338e-06,0.24490037560462952,1188.7049641571073
2026-09-29T02:36:11,2769,9.969242599000385e-06,0.2776935398578644,1188.6072280851854
2026-09-29T02:36:25,2770,9.965397923875434e-06,0.18279103934764862,1188.6429231913219
2026-09-29T02:36:43,2771,9.961553248750482e-06,0.2953740954399109,1188.6897939236185
2026-09-29T02:37:11,2772,9.95770857362553e-06,0.2741642892360687,1188.709322838114
2026-09-29T02:37:31,2773,9.953863898500577e-06,0.23747888207435608,1188.7475126730865
2026-09-29T02:37:55,2774,9.950019223375626e-06,0.24470257759094238,1188.7719369089275
2026-09-29T02:38:46,2775,9.946174548250673e-06,0.3059448301792145,1188.7269158348734
2026-09-29T02:39:33,2776,9.942329873125722e-06,0.18562793731689453,1188.639978244661
2026-09-29T02:39:56,2777,9.93848519800077e-06,0.21915462613105774,1188.6666798748606
2026-09-29T02:40:05,2778,9.934640522875818e-06,0.23130583763122559,1188.694434291644
2026-09-29T02:40:38,2779,9.930795847750866e-06,0.2945787012577057,1188.718931036308
2026-09-29T02:41:26,2780,9.926951172625914e-06,0.25349652767181396,1188.6854033933373
2026-09-29T02:41:59,2781,9.923106497500962e-06,0.2440759539604187,1188.6705500375754
2026-09-29T02:42:16,2782,9.91926182237601e-06,0.2094453126192093,1188.7243098211059
2026-09-29T02:43:12,2783,9.915417147251058e-06,0.22339333593845367,1188.6196074785455
2026-09-29T02:44:04,2784,9.911572472126106e-06,0.17661559581756592,1188.556035978864
2026-09-29T02:44:35,2785,9.907727797001154e-06,0.24051347374916077,1188.5688017177788
2026-09-29T02:45:06,2786,9.903883121876202e-06,0.2882010340690613,1188.6006268253097
2026-09-29T02:45:20,2787,9.90003844675125e-06,0.21225641667842865,1188.6532229107765
2026-09-29T02:45:54,2788,9.896193771626298e-06,0.2016933262348175,1188.65571760623
2026-09-29T02:46:52,2789,9.892349096501346e-06,0.27747809886932373,1188.5585352177761
2026-09-29T02:47:09,2790,9.888504421376395e-06,0.2087385058403015,1188.5889052980717
2026-09-29T02:47:36,2791,9.884659746251442e-06,0.18188446760177612,1188.61567686943
2026-09-29T02:48:12,2792,9.880815071126491e-06,0.18451045453548431,1188.627882448617
2026-09-29T02:48:27,2793,9.876970396001538e-06,0.23672457039356232,1188.6870256021211
2026-09-29T02:48:54,2794,9.873125720876586e-06,0.28926533460617065,1188.7076767255023
2026-09-29T02:49:34,2795,9.869281045751634e-06,0.26090919971466064,1188.6551356159075
2026-09-29T02:50:05,2796,9.865436370626683e-06,0.19642868638038635,1188.667751675266
2026-09-29T02:50:29,2797,9.86159169550173e-06,0.2887612581253052,1188.7049194907545
2026-09-29T02:50:51,2798,9.85774702037678e-06,0.1862693876028061,1188.7177531393404
2026-09-29T02:51:14,2799,9.853902345251826e-06,0.27839893102645874,1188.76712417794
2026-09-29T02:51:38,2800,9.850057670126875e-06,0.25705966353416443,1188.8070684912614
2026-09-29T02:51:56,2801,9.846212995001924e-06,0.18097959458827972,1188.860221730348
2026-09-29T02:52:55,2802,9.842368319876971e-06,0.2731340527534485,1188.7384374975843
2026-09-29T02:53:37,2803,9.83852364475202e-06,0.29319021105766296,1188.710764478529
2026-09-29T02:53:56,2804,9.834678969627067e-06,0.2896357774734497,1188.7655055913754
2026-09-29T02:54:32,2805,9.830834294502114e-06,0.26982951164245605,1188.7510601526458
2026-09-29T02:55:36,2806,9.826989619377163e-06,0.27272850275039673,1188.6239903086168
2026-09-29T02:55:55,2807,9.823144944252212e-06,0.19642047584056854,1188.667439976789
2026-09-29T02:56:09,2808,9.81930026912726e-06,0.13213874399662018,1188.6993670446377
2026-09-29T02:56:33,2809,9.815455594002308e-06,0.221321702003479,1188.7099650401885
2026-09-29T02:56:51,2810,9.811610918877355e-06,0.2012612223625183,1188.7454815420717
2026-09-29T02:57:15,2811,9.807766243752404e-06,0.24842213094234467,1188.7799354178712
2026-09-29T02:57:30,2812,9.803921568627451e-06,0.18064583837985992,1188.8158717456674
2026-09-29T02:57:48,2813,9.8000768935025e-06,0.23325783014297485,1188.8428420862988
2026-09-29T02:58:35,2814,9.796232218377549e-06,0.22901101410388947,1188.749008002844
2026-09-29T02:59:43,2815,9.792387543252596e-06,0.2533939778804779,1188.5985857039484
2026-09-29T02:59:54,2816,9.788542868127643e-06,0.18456217646598816,1188.6341310401071
2026-09-29T03:00:26,2817,9.784698193002692e-06,0.21580466628074646,1188.6309470550714
2026-09-29T03:00:49,2818,9.78085351787774e-06,0.2120497226715088,1188.6743368128334
2026-09-29T03:01:22,2819,9.777008842752788e-06,0.282198965549469,1188.6801377676009
2026-09-29T03:01:53,2820,9.773164167627837e-06,0.20413076877593994,1188.7115669713962
2026-09-29T03:02:18,2821,9.769319492502884e-06,0.2584119141101837,1188.7521541127867
2026-09-29T03:03:11,2822,9.765474817377933e-06,0.25888124108314514,1188.6358694082116
2026-09-29T03:03:38,2823,9.76163014225298e-06,0.20549218356609344,1188.6820218421624
2026-09-29T03:03:53,2824,9.757785467128029e-06,0.16717664897441864,1188.721734339002
2026-09-29T03:04:21,2825,9.753940792003078e-06,0.2615759074687958,1188.7621729222005
2026-09-29T03:05:07,2826,9.750096116878125e-06,0.24286934733390808,1188.6508805569413
2026-09-29T03:05:25,2827,9.746251441753172e-06,0.21839332580566406,1188.6903626573587
2026-09-29T03:05:41,2828,9.742406766628221e-06,0.22583338618278503,1188.7457089351706
2026-09-29T03:06:15,2829,9.738562091503268e-06,0.3346554934978485,1188.7419483514889
2026-09-29T03:06:25,2830,9.734717416378317e-06,0.17089615762233734,1188.7716492630746
2026-09-29T03:07:02,2831,9.730872741253364e-06,0.32053303718566895,1188.7387421739234
2026-09-29T03:07:15,2832,9.727028066128413e-06,0.20675057172775269,1188.7771935241335
2026-09-29T03:07:58,2833,9.723183391003462e-06,0.3320792317390442,1188.7627926330124
2026-09-29T03:08:24,2834,9.719338715878509e-06,0.18804755806922913,1188.7869999015732
2026-09-29T03:09:06,2835,9.715494040753558e-06,0.2847723066806793,1188.7411908016838
2026-09-29T03:09:32,2836,9.711649365628605e-06,0.25344908237457275,1188.7476574421794
2026-09-29T03:10:20,2837,9.707804690503652e-06,0.28500819206237793,1188.6461860560116
2026-09-29T03:10:32,2838,9.703960015378701e-06,0.2144761085510254,1188.6809845346977
2026-09-29T03:10:53,2839,9.70011534025375e-06,0.21332091093063354,1188.7227356291876
2026-09-29T03:11:25,2840,9.696270665128797e-06,0.22221891582012177,1188.7594202517757
2026-09-29T03:12:10,2841,9.692425990003846e-06,0.15389862656593323,1188.6445931329704
2026-09-29T03:12:30,2842,9.688581314878893e-06,0.23943273723125458,1188.6795763135335
2026-09-29T03:13:20,2843,9.684736639753942e-06,0.23779785633087158,1188.5777414237516
2026-09-29T03:14:31,2844,9.68089196462899e-06,0.27820611000061035,1188.4188544689775
2026-09-29T03:14:57,2845,9.677047289504038e-06,0.24028772115707397,1188.4674704054285
2026-09-29T03:15:15,2846,9.673202614379087e-06,0.16438624262809753,1188.5068582741403
2026-09-29T03:15:24,2847,9.669357939254134e-06,0.1787913739681244,1188.5279074138596
2026-09-29T03:15:39,2848,9.665513264129181e-06,0.19606250524520874,1188.5817945975305
2026-09-29T03:16:30,2849,9.66166858900423e-06,0.23431852459907532,1188.5452264488365
2026-09-29T03:16:44,2850,9.657823913879279e-06,0.2627776265144348,1188.5952595816493
2026-09-29T03:17:07,2851,9.653979238754326e-06,0.22237305343151093,1188.6382717349445
2026-09-29T03:17:22,2852,9.650134563629375e-06,0.21020516753196716,1188.6869919080264
2026-09-29T03:17:35,2853,9.646289888504422e-06,0.22705167531967163,1188.7378992905958
2026-09-29T03:17:52,2854,9.64244521337947e-06,0.20273517072200775,1188.7744691807661
2026-09-29T03:18:21,2855,9.638600538254518e-06,0.2394908368587494,1188.8033315704506
2026-09-29T03:18:37,2856,9.634755863129567e-06,0.2285774052143097,1188.8536945757585
2026-09-29T03:18:53,2857,9.630911188004615e-06,0.17185938358306885,1188.8884012249316
2026-09-29T03:19:16,2858,9.627066512879663e-06,0.2241174727678299,1188.9388089258161
2026-09-29T03:19:28,2859,9.62322183775471e-06,0.16945014894008636,1188.9741474246368
2026-09-29T03:19:43,2860,9.619377162629759e-06,0.18562647700309753,1189.02803463542
2026-09-29T03:20:18,2861,9.615532487504806e-06,0.22042357921600342,1189.0407795600142
2026-09-29T03:20:47,2862,9.611687812379855e-06,0.23974110186100006,1189.0353703376882
2026-09-29T03:21:23,2863,9.607843137254903e-06,0.23488835990428925,1189.0354526486408
2026-09-29T03:22:42,2864,9.60399846212995e-06,0.24149754643440247,1188.8636242134608
2026-09-29T03:23:10,2865,9.600153787005e-06,0.30632269382476807,1188.878023247386
2026-09-29T03:23:29,2866,9.596309111880047e-06,0.2347414642572403,1188.9227664289563
2026-09-29T03:23:46,2867,9.592464436755095e-06,0.2058897316455841,1188.964494394544
2026-09-29T03:24:12,2868,9.588619761630144e-06,0.30827951431274414,1188.9769355942324
2026-09-29T03:24:37,2869,9.584775086505191e-06,0.18321943283081055,1189.0268521403136
2026-09-29T03:25:32,2870,9.580930411380239e-06,0.3459879159927368,1188.92927372013
2026-09-29T03:25:48,2871,9.577085736255287e-06,0.2141709327697754,1188.9697503676803
2026-09-29T03:26:11,2872,9.573241061130335e-06,0.2080913931131363,1188.9997748914475
2026-09-29T03:26:43,2873,9.569396386005383e-06,0.24077823758125305,1189.0085451695843
2026-09-29T03:27:01,2874,9.565551710880432e-06,0.19973866641521454,1189.0487946997866
2026-09-29T03:27:39,2875,9.56170703575548e-06,0.15949398279190063,1188.9540780612508
2026-09-29T03:27:52,2876,9.557862360630528e-06,0.204733744263649,1188.9999397974032
2026-09-29T03:28:08,2877,9.554017685505575e-06,0.23818141222000122,1189.0473839445726
2026-09-29T03:28:52,2878,9.550173010380624e-06,0.24304594099521637,1188.9739163141026
2026-09-29T03:29:05,2879,9.546328335255671e-06,0.1728290319442749,1189.017531614523
2026-09-29T03:29:52,2880,9.54248366013072e-06,0.2629076838493347,1188.92610090933
2026-09-29T03:30:23,2881,9.538638985005767e-06,0.24258780479431152,1188.9630573790553
2026-09-29T03:30:46,2882,9.534794309880816e-06,0.27997928857803345,1188.9988411068764
2026-09-29T03:31:27,2883,9.530949634755863e-06,0.32014185190200806,1188.9847468568328
2026-09-29T03:31:55,2884,9.527104959630912e-06,0.22855624556541443,1189.0045104840492
2026-09-29T03:32:20,2885,9.52326028450596e-06,0.23932424187660217,1189.038295108072
2026-09-29T03:32:39,2886,9.519415609381008e-06,0.25942710041999817,1189.056742030309
2026-09-29T03:32:52,2887,9.515570934256057e-06,0.20977526903152466,1189.0984723020154
2026-09-29T03:33:25,2888,9.511726259131104e-06,0.22860485315322876,1189.1060276688333
2026-09-29T03:33:49,2889,9.507881584006153e-06,0.18699631094932556,1189.1376950511287
2026-09-29T03:34:01,2890,9.5040369088812e-06,0.18256314098834991,1189.1770474758387
2026-09-29T03:34:21,2891,9.500192233756247e-06,0.1972154676914215,1189.212757209193
2026-09-29T03:34:41,2892,9.496347558631296e-06,0.3079373240470886,1189.2610676658971
2026-09-29T03:35:04,2893,9.492502883506345e-06,0.23471762239933014,1189.3125933811684
2026-09-29T03:35:40,2894,9.488658208381392e-06,0.27958086133003235,1189.268569533306
2026-09-29T03:36:06,2895,9.484813533256441e-06,0.2764323353767395,1189.3009358331053
2026-09-29T03:36:22,2896,9.480968858131488e-06,0.2211284190416336,1189.3332549000138
2026-09-29T03:36:45,2897,9.477124183006537e-06,0.2372930496931076,1189.3618075852844
2026-09-29T03:37:35,2898,9.473279507881584e-06,0.2897214889526367,1189.3107435836057
2026-09-29T03:38:24,2899,9.469434832756633e-06,0.19375616312026978,1189.2550866083075
2026-09-29T03:38:48,2900,9.465590157631682e-06,0.24567365646362305,1189.287195225255
2026-09-29T03:39:15,2901,9.461745482506729e-06,0.24972747266292572,1189.3079219631963
2026-09-29T03:39:47,2902,9.457900807381776e-06,0.2320811152458191,1189.3264899263247
2026-09-29T03:40:05,2903,9.454056132256825e-06,0.24588604271411896,1189.3555302828142
2026-09-29T03:40:57,2904,9.450211457131872e-06,0.22106225788593292,1189.3260242598071
2026-09-29T03:41:25,2905,9.446366782006921e-06,0.22759881615638733,1189.364169380921
2026-09-29T03:41:47,2906,9.44252210688197e-06,0.21005679666996002,1189.3728260482962
2026-09-29T03:42:00,2907,9.438677431757017e-06,0.12808983027935028,1189.4135328077332
2026-09-29T03:42:34,2908,9.434832756632066e-06,0.2634454071521759,1189.390083364384
2026-09-29T03:43:20,2909,9.430988081507113e-06,0.24071678519248962,1189.357843400085
2026-09-29T03:43:58,2910,9.42714340638216e-06,0.2499026358127594,1189.3590892517761
2026-09-29T03:44:48,2911,9.42329873125721e-06,0.2321569323539734,1189.2706321383666
2026-09-29T03:45:00,2912,9.419454056132258e-06,0.196910560131073,1189.3067904259026
2026-09-29T03:46:21,2913,9.415609381007305e-06,0.37774503231048584,1189.1035929771422
2026-09-29T03:46:50,2914,9.411764705882354e-06,0.21283268928527832,1189.0829432495743
2026-09-29T03:47:31,2915,9.407920030757401e-06,0.2854667901992798,1189.0471663846772
2026-09-29T03:47:55,2916,9.40407535563245e-06,0.23583532869815826,1189.095591497084
2026-09-29T03:48:14,2917,9.400230680507499e-06,0.2284010946750641,1189.1391920540461
2026-09-29T03:48:57,2918,9.396386005382546e-06,0.2605606019496918,1189.133163971763
2026-09-29T03:49:48,2919,9.392541330257595e-06,0.25979283452033997,1189.036153862385
2026-09-29T03:50:03,2920,9.388696655132642e-06,0.2121334820985794,1189.0729216278003
2026-09-29T03:50:19,2921,9.38485198000769e-06,0.22670984268188477,1189.1125215805732
2026-09-29T03:50:31,2922,9.381007304882738e-06,0.29132211208343506,1189.1577760640268
2026-09-29T03:51:10,2923,9.377162629757787e-06,0.2753041386604309,1189.1548273997673
2026-09-29T03:51:44,2924,9.373317954632834e-06,0.335450142621994,1189.1399374178795
2026-09-29T03:52:26,2925,9.369473279507883e-06,0.2224603295326233,1189.0378162299032
2026-09-29T03:53:29,2926,9.36562860438293e-06,0.24091599881649017,1188.9610251127717
2026-09-29T03:53:43,2927,9.361783929257979e-06,0.20265519618988037,1189.0131589201392
2026-09-29T03:54:03,2928,9.357939254133026e-06,0.19333970546722412,1189.0599381219565
2026-09-29T03:54:24,2929,9.354094579008075e-06,0.26189008355140686,1189.112287224362
2026-09-29T03:54:46,2930,9.350249903883123e-06,0.2668445110321045,1189.1290270013012
2026-09-29T03:55:05,2931,9.34640522875817e-06,0.20321305096149445,1189.1881456209917
2026-09-29T03:55:31,2932,9.34256055363322e-06,0.21049116551876068,1189.2308473345188
2026-09-29T03:55:58,2933,9.338715878508267e-06,0.23575639724731445,1189.2668859300077
2026-09-29T03:56:56,2934,9.334871203383314e-06,0.2752440571784973,1189.1589695794078
2026-09-29T03:57:16,2935,9.331026528258363e-06,0.16611650586128235,1189.1974515087256
2026-09-29T03:57:32,2936,9.327181853133411e-06,0.1836475133895874,1189.2163449991258
2026-09-29T03:57:59,2937,9.323337178008459e-06,0.2568061947822571,1189.2537156736169
2026-09-29T03:58:40,2938,9.319492502883507e-06,0.25220465660095215,1189.2447925356698
2026-09-29T03:58:58,2939,9.315647827758555e-06,0.21675120294094086,1189.3073979637825
2026-09-29T03:59:12,2940,9.311803152633603e-06,0.20285020768642426,1189.3542193193814
2026-09-29T03:59:25,2941,9.307958477508652e-06,0.20391283929347992,1189.3907337507603
2026-09-29T03:59:42,2942,9.3041138023837e-06,0.24290499091148376,1189.4335701642372
2026-09-29T04:00:10,2943,9.300269127258748e-06,0.24804212152957916,1189.4476674997418
2026-09-29T04:00:27,2944,9.296424452133795e-06,0.23199161887168884,1189.4972579101307
2026-09-29T04:00:44,2945,9.292579777008843e-06,0.18502411246299744,1189.5357780867862
2026-09-29T04:01:09,2946,9.288735101883891e-06,0.22533951699733734,1189.5742705656776
2026-09-29T04:01:43,2947,9.28489042675894e-06,0.22788524627685547,1189.5987474356134
2026-09-29T04:02:16,2948,9.281045751633987e-06,0.29502105712890625,1189.6169365656333
2026-09-29T04:02:30,2949,9.277201076509036e-06,0.17348340153694153,1189.6643634523414
2026-09-29T04:02:49,2950,9.273356401384083e-06,0.26334255933761597,1189.7049173811972
2026-09-29T04:03:13,2951,9.269511726259132e-06,0.18473005294799805,1189.7360269390028
2026-09-29T04:03:51,2952,9.26566705113418e-06,0.20116747915744781,1189.69408689683
2026-09-29T04:04:12,2953,9.261822376009228e-06,0.22876933217048645,1189.7206594876475
2026-09-29T04:04:34,2954,9.257977700884277e-06,0.2372141033411026,1189.7551189016667
2026-09-29T04:04:46,2955,9.254133025759324e-06,0.22319954633712769,1189.7926938030605
2026-09-29T04:05:16,2956,9.250288350634371e-06,0.24298442900180817,1189.8150579628816
2026-09-29T04:06:07,2957,9.24644367550942e-06,0.29248952865600586,1189.7532063592175
2026-09-29T04:06:40,2958,9.242599000384467e-06,0.27101826667785645,1189.74815473928
2026-09-29T04:07:11,2959,9.238754325259516e-06,0.1897704005241394,1189.7848372438402
2026-09-29T04:07:25,2960,9.234909650134565e-06,0.24616968631744385,1189.8306838081032
2026-09-29T04:07:42,2961,9.231064975009612e-06,0.28230223059654236,1189.8872461620163
2026-09-29T04:08:12,2962,9.227220299884661e-06,0.19573143124580383,1189.9259686688063
2026-09-29T04:09:09,2963,9.223375624759708e-06,0.285663902759552,1189.8723294312501
2026-09-29T04:09:23,2964,9.219530949634757e-06,0.24884718656539917,1189.9157985091024
2026-09-29T04:09:42,2965,9.215686274509804e-06,0.19371077418327332,1189.944550800334
2026-09-29T04:10:14,2966,9.211841599384853e-06,0.23463357985019684,1189.9391577605184
2026-09-29T04:11:20,2967,9.2079969242599e-06,0.2956359088420868,1189.82900680161
2026-09-29T04:11:38,2968,9.204152249134949e-06,0.17181381583213806,1189.861960193824
2026-09-29T04:12:07,2969,9.200307574009996e-06,0.26689857244491577,1189.894529000176
2026-09-29T04:12:22,2970,9.196462898885045e-06,0.2039715051651001,1189.9280860164795
2026-09-29T04:12:43,2971,9.192618223760092e-06,0.20905226469039917,1189.9605613134654
2026-09-29T04:13:29,2972,9.188773548635141e-06,0.19202469289302826,1189.8657419291542
2026-09-29T04:13:42,2973,9.18492887351019e-06,0.18978498876094818,1189.908932313398
2026-09-29T04:14:58,2974,9.181084198385237e-06,0.3293799161911011,1189.7426896598172
2026-09-29T04:15:27,2975,9.177239523260286e-06,0.24631473422050476,1189.7431818195469
2026-09-29T04:15:50,2976,9.173394848135333e-06,0.2336554229259491,1189.7796816928653
2026-09-29T04:16:24,2977,9.16955017301038e-06,0.29200881719589233,1189.8018767517528
2026-09-29T04:16:44,2978,9.165705497885429e-06,0.1945239007472992,1189.8376889345614
2026-09-29T04:17:12,2979,9.161860822760478e-06,0.24722275137901306,1189.8567222100064
2026-09-29T04:17:28,2980,9.158016147635525e-06,0.16849131882190704,1189.893594169702
2026-09-29T04:17:48,2981,9.154171472510574e-06,0.19592908024787903,1189.9390123746248
2026-09-29T04:18:14,2982,9.150326797385621e-06,0.27382633090019226,1189.9409457341162
2026-09-29T04:18:29,2983,9.14648212226067e-06,0.14632080495357513,1189.9885764664461
2026-09-29T04:19:03,2984,9.142637447135719e-06,0.20519080758094788,1190.0120240455615
2026-09-29T04:19:22,2985,9.138792772010766e-06,0.17647890746593475,1190.0639655538864
2026-09-29T04:19:59,2986,9.134948096885815e-06,0.27932804822921753,1190.070576623547
2026-09-29T04:20:36,2987,9.131103421760862e-06,0.36236998438835144,1190.0792960366512
2026-09-29T04:21:49,2988,9.127258746635909e-06,0.30645066499710083,1189.9482785000628
2026-09-29T04:22:36,2989,9.123414071510958e-06,0.25867268443107605,1189.9300462132521
2026-09-29T04:22:58,2990,9.119569396386007e-06,0.2534177303314209,1189.956521789537
2026-09-29T04:23:25,2991,9.115724721261054e-06,0.24037444591522217,1189.9648234706137
2026-09-29T04:24:09,2992,9.111880046136103e-06,0.2742512822151184,1189.957693734734
2026-09-29T04:25:05,2993,9.10803537101115e-06,0.2619091272354126,1189.849863138336
2026-09-29T04:25:57,2994,9.104190695886199e-06,0.22650092840194702,1189.7688444378184
2026-09-29T04:26:19,2995,9.100346020761246e-06,0.23215371370315552,1189.7719690874917
2026-09-29T04:26:31,2996,9.096501345636295e-06,0.20979449152946472,1189.8065752803914
2026-09-29T04:26:50,2997,9.092656670511344e-06,0.1757332682609558,1189.8446371420466
2026-09-29T04:27:12,2998,9.08881199538639e-06,0.19844365119934082,1189.8867299755648
2026-09-29T04:27:26,2999,9.084967320261438e-06,0.2520284354686737,1189.9297748904517
2026-09-29T04:27:40,3000,9.081122645136487e-06,0.1909646987915039,1189.9720459175749
2026-09-29T04:27:59,3001,9.077277970011534e-06,0.27630025148391724,1190.0135846225667
2026-09-29T04:28:09,3002,9.073433294886583e-06,0.16598793864250183,1190.0432124321624
2026-09-29T04:28:33,3003,9.069588619761632e-06,0.22384947538375854,1190.0598407569678
2026-09-29T04:29:21,3004,9.065743944636679e-06,0.24959558248519897,1189.9785445670063
2026-09-29T04:29:35,3005,9.061899269511728e-06,0.1823543757200241,1190.023567872487
2026-09-29T04:30:00,3006,9.058054594386775e-06,0.2192295789718628,1190.0540977831884
2026-09-29T04:30:17,3007,9.054209919261822e-06,0.15461492538452148,1190.0892905656335
2026-09-29T04:30:42,3008,9.050365244136872e-06,0.2603524625301361,1190.1046833560767
2026-09-29T04:31:14,3009,9.04652056901192e-06,0.2888181805610657,1190.0845723590821
2026-09-29T04:32:10,3010,9.042675893886967e-06,0.21799753606319427,1189.9977173540149
2026-09-29T04:32:51,3011,9.038831218762016e-06,0.32402515411376953,1189.9731777121626
2026-09-29T04:33:45,3012,9.034986543637063e-06,0.22115126252174377,1189.8760069988452
2026-09-29T04:34:05,3013,9.031141868512112e-06,0.24489808082580566,1189.9067596850082
2026-09-29T04:34:29,3014,9.02729719338716e-06,0.2500021755695343,1189.9408040802862
2026-09-29T04:34:45,3015,9.023452518262208e-06,0.2534213066101074,1189.9658219925357
2026-09-29T04:35:07,3016,9.019607843137256e-06,0.18682390451431274,1189.9970709062688
2026-09-29T04:35:24,3017,9.015763168012304e-06,0.21817496418952942,1190.0335399716012
2026-09-29T04:35:49,3018,9.011918492887352e-06,0.21537913382053375,1190.0660185285976
2026-09-29T04:36:12,3019,9.0080738177624e-06,0.18496271967887878,1190.109325302708
2026-09-29T04:36:34,3020,9.004229142637448e-06,0.2407999038696289,1190.1480329363283
2026-09-29T04:36:49,3021,9.000384467512496e-06,0.2531236708164215,1190.186721340051
2026-09-29T04:37:44,3022,8.996539792387544e-06,0.23092769086360931,1190.075193902439
2026-09-29T04:38:31,3023,8.992695117262592e-06,0.20870018005371094,1189.980904624892
2026-09-29T04:39:28,3024,8.98885044213764e-06,0.30107051134109497,1189.8865304825467
2026-09-29T04:39:48,3025,8.985005767012688e-06,0.19705912470817566,1189.9265180526302
2026-09-29T04:40:20,3026,8.981161091887736e-06,0.20607618987560272,1189.942669795667
2026-09-29T04:40:37,3027,8.977316416762785e-06,0.18125320971012115,1189.9916836083876
2026-09-29T04:41:01,3028,8.973471741637832e-06,0.26584774255752563,1189.9997683749714
2026-09-29T04:41:16,3029,8.969627066512881e-06,0.1541556715965271,1190.0325087481308
2026-09-29T04:41:43,3030,8.965782391387928e-06,0.2766052484512329,1190.0559553312767
2026-09-29T04:42:05,3031,8.961937716262975e-06,0.2635098099708557,1190.1015485394994
2026-09-29T04:42:17,3032,8.958093041138024e-06,0.20487751066684723,1190.1370925438137
2026-09-29T04:42:52,3033,8.954248366013073e-06,0.2468007206916809,1190.1284309461007
2026-09-29T04:43:29,3034,8.95040369088812e-06,0.28531718254089355,1190.0978321379293
2026-09-29T04:43:50,3035,8.94655901576317e-06,0.18914413452148438,1190.131174108591
2026-09-29T04:44:19,3036,8.942714340638216e-06,0.24348875880241394,1190.150094183461
2026-09-29T04:44:35,3037,8.938869665513265e-06,0.28389686346054077,1190.185185027505
2026-09-29T04:44:54,3038,8.935024990388312e-06,0.25388920307159424,1190.225009948449
2026-09-29T04:45:16,3039,8.931180315263361e-06,0.2503703832626343,1190.2639446013388
2026-09-29T04:45:41,3040,8.92733564013841e-06,0.26674729585647583,1190.3037703561306
2026-09-29T04:46:02,3041,8.923490965013457e-06,0.2290872037410736,1190.3319573257875
2026-09-29T04:46:16,3042,8.919646289888504e-06,0.1778288632631302,1190.3607903654452
2026-09-29T04:46:26,3043,8.915801614763553e-06,0.20442941784858704,1190.3893429066425
2026-09-29T04:47:09,3044,8.9119569396386e-06,0.22282525897026062,1190.3688243540287
2026-09-29T04:47:22,3045,8.90811226451365e-06,0.18583944439888,1190.4069585812783
2026-09-29T04:47:50,3046,8.904267589388698e-06,0.25560036301612854,1190.4376191431527
2026-09-29T04:48:13,3047,8.900422914263745e-06,0.2343282699584961,1190.4784760218047
2026-09-29T04:48:48,3048,8.896578239138794e-06,0.23517917096614838,1190.4947835841533
2026-09-29T04:50:08,3049,8.892733564013841e-06,0.27153342962265015,1190.285237295142
2026-09-29T04:50:37,3050,8.888888888888888e-06,0.2241315245628357,1190.3140598366138
2026-09-29T04:51:18,3051,8.885044213763939e-06,0.29629719257354736,1190.2864638323263
2026-09-29T04:51:51,3052,8.881199538638986e-06,0.20457252860069275,1190.281134662438
2026-09-29T04:52:21,3053,8.877354863514033e-06,0.20918850600719452,1190.316468240297
2026-09-29T04:52:43,3054,8.873510188389082e-06,0.21028532087802887,1190.3575722807325
2026-09-29T04:53:24,3055,8.869665513264129e-06,0.23011037707328796,1190.28315610207
2026-09-29T04:53:46,3056,8.865820838139178e-06,0.23510414361953735,1190.3283925901437
2026-09-29T04:54:00,3057,8.861976163014227e-06,0.2254284918308258,1190.3738852416354
2026-09-29T04:54:23,3058,8.858131487889274e-06,0.20277494192123413,1190.4139155075788
2026-09-29T04:54:46,3059,8.854286812764323e-06,0.306562215089798,1190.4507205766063
2026-09-29T04:55:57,3060,8.85044213763937e-06,0.24182865023612976,1190.2982128669635
2026-09-29T04:56:40,3061,8.846597462514419e-06,0.22844518721103668,1190.2271538310815
2026-09-29T04:56:59,3062,8.842752787389466e-06,0.17975543439388275,1190.2399816900231
2026-09-29T04:57:16,3063,8.838908112264515e-06,0.23929348587989807,1190.2891731717577
2026-09-29T04:58:12,3064,8.835063437139562e-06,0.2260933816432953,1190.1937737838234
2026-09-29T04:58:46,3065,8.83121876201461e-06,0.2428710013628006,1190.182489320514
2026-09-29T04:58:59,3066,8.827374086889658e-06,0.22979331016540527,1190.2250681928326
2026-09-29T04:59:36,3067,8.823529411764707e-06,0.20472510159015656,1190.1947393279327
2026-09-29T04:59:53,3068,8.819684736639754e-06,0.20001372694969177,1190.220093105622
2026-09-29T05:00:23,3069,8.815840061514803e-06,0.2810511291027069,1190.2355616626
2026-09-29T05:00:36,3070,8.811995386389852e-06,0.211472287774086,1190.2595098955617
2026-09-29T05:01:13,3071,8.808150711264899e-06,0.2460663765668869,1190.22590130917
2026-09-29T05:01:31,3072,8.804306036139948e-06,0.253893107175827,1190.2684644558806
2026-09-29T05:02:22,3073,8.800461361014995e-06,0.25726985931396484,1190.180665144921
2026-09-29T05:02:35,3074,8.796616685890042e-06,0.2627693712711334,1190.2202872655394
2026-09-29T05:02:53,3075,8.79277201076509e-06,0.224288672208786,1190.2476020833465
2026-09-29T05:03:09,3076,8.78892733564014e-06,0.223226398229599,1190.3020674560212
2026-09-29T05:03:49,3077,8.785082660515187e-06,0.23121562600135803,1190.2461549079806
2026-09-29T05:04:23,3078,8.781237985390236e-06,0.24768602848052979,1190.2557566218293
2026-09-29T05:04:49,3079,8.777393310265283e-06,0.23182758688926697,1190.2849136651714
2026-09-29T05:05:22,3080,8.773548635140332e-06,0.18661804497241974,1190.272007798643
2026-09-29T05:05:59,3081,8.76970396001538e-06,0.23984898626804352,1190.2152445722054
2026-09-29T05:06:13,3082,8.765859284890428e-06,0.2332208752632141,1190.2486468772356
2026-09-29T05:06:49,3083,8.762014609765476e-06,0.2631550431251526,1190.228330623344
2026-09-29T05:07:30,3084,8.758169934640524e-06,0.22303441166877747,1190.206335151827
2026-09-29T05:08:19,3085,8.75432525951557e-06,0.2677396535873413,1190.1156425565036
2026-09-29T05:08:42,3086,8.75048058439062e-06,0.19096359610557556,1190.1421412990119
2026-09-29T05:09:00,3087,8.746635909265668e-06,0.20389717817306519,1190.1778918163482
2026-09-29T05:09:17,3088,8.742791234140716e-06,0.2275567650794983,1190.2010247646856
2026-09-29T05:09:29,3089,8.738946559015764e-06,0.2147708684206009,1190.2452283241719
2026-09-29T05:10:01,3090,8.735101883890812e-06,0.264675498008728,1190.2709301441726
2026-09-29T05:10:35,3091,8.73125720876586e-06,0.26537400484085083,1190.2939104606162
2026-09-29T05:10:59,3092,8.727412533640908e-06,0.23049642145633698,1190.3211469863393
2026-09-29T05:11:34,3093,8.723567858515956e-06,0.2334015965461731,1190.310792628885
2026-09-29T05:11:49,3094,8.719723183391005e-06,0.21297787129878998,1190.3449106551425
2026-09-29T05:12:22,3095,8.715878508266052e-06,0.26564887166023254,1190.3780328822704
2026-09-29T05:13:06,3096,8.7120338331411e-06,0.22257155179977417,1190.2691958738503
2026-09-29T05:13:15,3097,8.708189158016148e-06,0.1478831171989441,1190.2867721914622
2026-09-29T05:13:47,3098,8.704344482891196e-06,0.23075491189956665,1190.2906756747166
2026-09-29T05:14:09,3099,8.700499807766244e-06,0.25083231925964355,1190.3163598706233
2026-09-29T05:14:47,3100,8.696655132641293e-06,0.26649707555770874,1190.2883699764093
2026-09-29T05:15:39,3101,8.69281045751634e-06,0.22143413126468658,1190.1735923664091
2026-09-29T05:16:04,3102,8.68896578239139e-06,0.2511005997657776,1190.2143129788851
2026-09-29T05:16:24,3103,8.685121107266436e-06,0.21196924149990082,1190.2504351705918
2026-09-29T05:16:39,3104,8.681276432141484e-06,0.22633449733257294,1190.2994984285504
2026-09-29T05:16:55,3105,8.677431757016532e-06,0.1853700578212738,1190.3365169819344
2026-09-29T05:17:12,3106,8.673587081891581e-06,0.17794446647167206,1190.373160278006
2026-09-29T05:17:54,3107,8.669742406766628e-06,0.27108660340309143,1190.3009423854232
2026-09-29T05:18:42,3108,8.665897731641677e-06,0.2226211279630661,1190.2046154442505
2026-09-29T05:19:19,3109,8.662053056516724e-06,0.32746070623397827,1190.2047638332704
2026-09-29T05:19:50,3110,8.658208381391773e-06,0.28937608003616333,1190.2350905544256
2026-09-29T05:20:31,3111,8.65436370626682e-06,0.24999049305915833,1190.2229285064375
2026-09-29T05:20:52,3112,8.65051903114187e-06,0.23355324566364288,1190.2334443918392
2026-09-29T05:21:06,3113,8.646674356016918e-06,0.2312150001525879,1190.2622092497948
2026-09-29T05:21:37,3114,8.642829680891965e-06,0.2383619248867035,1190.2885138109677
2026-09-29T05:21:50,3115,8.638985005767014e-06,0.19002947211265564,1190.3333920276646
2026-09-29T05:22:03,3116,8.635140330642061e-06,0.2106885313987732,1190.37791713925
2026-09-29T05:22:17,3117,8.631295655517108e-06,0.2209632694721222,1190.4265236252102
2026-09-29T05:22:37,3118,8.627450980392157e-06,0.2527115046977997,1190.4641828012618
2026-09-29T05:23:46,3119,8.623606305267206e-06,0.3038364350795746,1190.3382708962426
2026-09-29T05:24:40,3120,8.619761630142253e-06,0.2826850414276123,1190.2553156211095
2026-09-29T05:25:00,3121,8.615916955017302e-06,0.24062961339950562,1190.301206000211
2026-09-29T05:25:25,3122,8.61207227989235e-06,0.3264425992965698,1190.3389240059898
2026-09-29T05:25:52,3123,8.608227604767398e-06,0.26074397563934326,1190.3691904164664
2026-09-29T05:26:04,3124,8.604382929642447e-06,0.18769162893295288,1190.4055907734776
2026-09-29T05:26:38,3125,8.600538254517494e-06,0.22169053554534912,1190.3798585430068
2026-09-29T05:27:50,3126,8.596693579392543e-06,0.21246984601020813,1190.2223736133546
2026-09-29T05:28:01,3127,8.59284890426759e-06,0.1359359472990036,1190.2541453813587
2026-09-29T05:28:52,3128,8.589004229142637e-06,0.1784539520740509,1190.183126512574
2026-09-29T05:29:26,3129,8.585159554017686e-06,0.283071368932724,1190.1983317506706
2026-09-29T05:29:38,3130,8.581314878892735e-06,0.213475301861763,1190.238954677034
2026-09-29T05:29:50,3131,8.577470203767782e-06,0.19014793634414673,1190.2746150646672
2026-09-29T05:30:15,3132,8.573625528642831e-06,0.2981695830821991,1190.3091200551337
2026-09-29T05:31:04,3133,8.569780853517878e-06,0.27944496273994446,1190.2417674698327
2026-09-29T05:32:34,3134,8.565936178392927e-06,0.28490984439849854,1190.0126712548024
2026-09-29T05:33:00,3135,8.562091503267974e-06,0.24211075901985168,1190.0213061003942
2026-09-29T05:33:23,3136,8.558246828143023e-06,0.15245819091796875,1190.0448957680912
2026-09-29T05:33:59,3137,8.554402153018072e-06,0.25855982303619385,1190.0360409826574
2026-09-29T05:34:26,3138,8.550557477893119e-06,0.22204408049583435,1190.0517010343003
2026-09-29T05:35:43,3139,8.546712802768166e-06,0.23645718395709991,1189.9045585590877
2026-09-29T05:36:02,3140,8.542868127643215e-06,0.1877838671207428,1189.9438100019677
2026-09-29T05:36:13,3141,8.539023452518262e-06,0.16797351837158203,1189.9740466246822
2026-09-29T05:36:45,3142,8.535178777393311e-06,0.3738501965999603,1189.9908373989601
2026-09-29T05:37:04,3143,8.53133410226836e-06,0.32549190521240234,1190.0291203846248
2026-09-29T05:37:17,3144,8.527489427143407e-06,0.19253458082675934,1190.07530475314
2026-09-29T05:37:29,3145,8.523644752018456e-06,0.1675604283809662,1190.1096615895542
2026-09-29T05:38:11,3146,8.519800076893503e-06,0.24135971069335938,1190.069892236015
2026-09-29T05:38:48,3147,8.51595540176855e-06,0.22502754628658295,1190.0599463798037
2026-09-29T05:39:09,3148,8.5121107266436e-06,0.15938910841941833,1190.0952625977393
2026-09-29T05:39:26,3149,8.508266051518648e-06,0.23844681680202484,1190.1317086519657
2026-09-29T05:39:46,3150,8.504421376393695e-06,0.20713767409324646,1190.1499924418963
2026-09-29T05:39:59,3151,8.500576701268744e-06,0.19590944051742554,1190.1841817937323
2026-09-29T05:40:10,3152,8.496732026143791e-06,0.24503086507320404,1190.2210654732667
2026-09-29T05:40:54,3153,8.49288735101884e-06,0.20442278683185577,1190.1519730876696
2026-09-29T05:41:13,3154,8.489042675893889e-06,0.24298986792564392,1190.2002701514602
2026-09-29T05:41:26,3155,8.485198000768936e-06,0.2363218367099762,1190.2440907215869
2026-09-29T05:42:14,3156,8.481353325643985e-06,0.2563738226890564,1190.1435076733499
2026-09-29T05:42:53,3157,8.477508650519032e-06,0.25371554493904114,1190.1241745298612
2026-09-29T05:43:11,3158,8.47366397539408e-06,0.27240800857543945,1190.1803534028456
2026-09-29T05:43:35,3159,8.469819300269128e-06,0.2021719068288803,1190.2095485788996
2026-09-29T05:43:49,3160,8.465974625144177e-06,0.2000201940536499,1190.2370994536975
2026-09-29T05:44:01,3161,8.462129950019224e-06,0.17928475141525269,1190.2686622602525
2026-09-29T05:44:22,3162,8.458285274894273e-06,0.21350052952766418,1190.2957642894526
2026-09-29T05:44:33,3163,8.45444059976932e-06,0.1212477758526802,1190.327022840446
2026-09-29T05:44:47,3164,8.450595924644369e-06,0.17416460812091827,1190.3706192227946
2026-09-29T05:45:16,3165,8.446751249519416e-06,0.2672328054904938,1190.3765046999597
2026-09-29T05:45:36,3166,8.442906574394465e-06,0.22803780436515808,1190.4172853223342
2026-09-29T05:46:07,3167,8.439061899269513e-06,0.2724079489707947,1190.4212591779233
2026-09-29T05:46:23,3168,8.43521722414456e-06,0.26354849338531494,1190.4592233842795
2026-09-29T05:46:38,3169,8.43137254901961e-06,0.2307862639427185,1190.4954082848913
2026-09-29T05:47:00,3170,8.427527873894657e-06,0.20532545447349548,1190.5353477931735
2026-09-29T05:47:24,3171,8.423683198769704e-06,0.31532740592956543,1190.5800143220338
2026-09-29T05:47:38,3172,8.419838523644753e-06,0.20548363029956818,1190.61873463538
2026-09-29T05:48:02,3173,8.415993848519801e-06,0.17775888741016388,1190.6384947832285
2026-09-29T05:48:45,3174,8.412149173394849e-06,0.2521739602088928,1190.585438545274
2026-09-29T05:49:11,3175,8.408304498269897e-06,0.23583871126174927,1190.5889762042593
2026-09-29T05:49:34,3176,8.404459823144945e-06,0.20700159668922424,1190.624279717471
2026-09-29T05:49:51,3177,8.400615148019993e-06,0.2797583043575287,1190.6634987421492
2026-09-29T05:50:43,3178,8.39677047289504e-06,0.22750122845172882,1190.5867912042017
2026-09-29T05:51:03,3179,8.39292579777009e-06,0.2192356139421463,1190.6299565995564
2026-09-29T05:51:16,3180,8.389081122645138e-06,0.1842232644557953,1190.6669465693114
2026-09-29T05:52:01,3181,8.385236447520185e-06,0.2441478669643402,1190.6349002646116
2026-09-29T05:52:25,3182,8.381391772395232e-06,0.19669730961322784,1190.6726528880542
2026-09-29T05:53:08,3183,8.377547097270281e-06,0.30234861373901367,1190.6661778615735
2026-09-29T05:53:23,3184,8.373702422145328e-06,0.15539805591106415,1190.7026360791742
2026-09-29T05:53:45,3185,8.369857747020377e-06,0.1795492172241211,1190.7572683383341
2026-09-29T05:54:27,3186,8.366013071895426e-06,0.26908057928085327,1190.7251735882157
2026-09-29T05:54:51,3187,8.362168396770473e-06,0.21459519863128662,1190.769150725507
2026-09-29T05:55:24,3188,8.358323721645522e-06,0.2332906424999237,1190.7707213644028
2026-09-29T05:55:51,3189,8.35447904652057e-06,0.28754952549934387,1190.8070427945966
2026-09-29T05:56:12,3190,8.350634371395616e-06,0.26643967628479004,1190.8390027364703
2026-09-29T05:57:16,3191,8.346789696270667e-06,0.30837520956993103,1190.7402595659034
2026-09-29T05:57:30,3192,8.342945021145714e-06,0.16896642744541168,1190.7796516086319
2026-09-29T05:58:15,3193,8.339100346020761e-06,0.2784191370010376,1190.6784188197275
2026-09-29T05:58:38,3194,8.33525567089581e-06,0.23552292585372925,1190.7088971118621
2026-09-29T05:58:57,3195,8.331410995770857e-06,0.1770034283399582,1190.7444557700712
2026-09-29T06:00:10,3196,8.327566320645906e-06,0.2566736936569214,1190.6060617267683
2026-09-29T06:00:55,3197,8.323721645520955e-06,0.20361779630184174,1190.5322806381025
2026-09-29T06:01:34,3198,8.319876970396002e-06,0.20839831233024597,1190.5251146871453
2026-09-29T06:01:54,3199,8.316032295271051e-06,0.27839529514312744,1190.568342686492
2026-09-29T06:02:11,3200,8.312187620146098e-06,0.189938485622406,1190.5805493436828
2026-09-29T06:02:45,3201,8.308342945021145e-06,0.23729252815246582,1190.5729433244594
2026-09-29T06:03:03,3202,8.304498269896194e-06,0.2386428862810135,1190.629510912817
2026-09-29T06:03:17,3203,8.300653594771243e-06,0.22092080116271973,1190.6766067564226
2026-09-29T06:03:49,3204,8.29680891964629e-06,0.2112160325050354,1190.6802764974123
2026-09-29T06:05:41,3205,8.292964244521339e-06,0.3481402099132538,1190.3674240658438
2026-09-29T06:06:13,3206,8.289119569396386e-06,0.30076396465301514,1190.3823233338862
2026-09-29T06:06:33,3207,8.285274894271435e-06,0.27767348289489746,1190.4261008021074
2026-09-29T06:07:52,3208,8.281430219146482e-06,0.2644653916358948,1190.1881783251383
2026-09-29T06:08:05,3209,8.277585544021531e-06,0.20435085892677307,1190.2294667435451
2026-09-29T06:08:29,3210,8.27374086889658e-06,0.21122565865516663,1190.2623556168166
2026-09-29T06:08:58,3211,8.269896193771627e-06,0.22010764479637146,1190.2776550237343
2026-09-29T06:09:09,3212,8.266051518646676e-06,0.1654505729675293,1190.3070645184227
2026-09-29T06:10:05,3213,8.262206843521723e-06,0.3434094786643982,1190.217369841277
2026-09-29T06:10:32,3214,8.25836216839677e-06,0.17197424173355103,1190.2444116031359
2026-09-29T06:11:07,3215,8.254517493271819e-06,0.2755226790904999,1190.2420354308836
2026-09-29T06:12:07,3216,8.250672818146868e-06,0.3721804618835449,1190.1661868507379
2026-09-29T06:12:32,3217,8.246828143021915e-06,0.19317315518856049,1190.2103504659565
2026-09-29T06:13:10,3218,8.242983467896964e-06,0.23983976244926453,1190.1972339394122
2026-09-29T06:13:30,3219,8.239138792772011e-06,0.28739869594573975,1190.243702190247
2026-09-29T06:13:49,3220,8.23529411764706e-06,0.19798479974269867,1190.2757865600995
2026-09-29T06:14:17,3221,8.231449442522109e-06,0.21285289525985718,1190.3103389664975
2026-09-29T06:14:45,3222,8.227604767397156e-06,0.25175949931144714,1190.323057463843
2026-09-29T06:15:14,3223,8.223760092272205e-06,0.2979511320590973,1190.3429064073937
2026-09-29T06:15:32,3224,8.219915417147252e-06,0.2545738220214844,1190.379255961168
2026-09-29T06:16:20,3225,8.216070742022299e-06,0.22275707125663757,1190.289512372173
2026-09-29T06:17:05,3226,8.212226066897348e-06,0.19351986050605774,1190.189653108726
2026-09-29T06:17:25,3227,8.208381391772397e-06,0.22594881057739258,1190.2163124895535
2026-09-29T06:17:57,3228,8.204536716647444e-06,0.3021623492240906,1190.2487414079264
2026-09-29T06:18:43,3229,8.200692041522493e-06,0.28221020102500916,1190.1504918524074
2026-09-29T06:19:01,3230,8.19684736639754e-06,0.19957362115383148,1190.179123590697
2026-09-29T06:19:39,3231,8.193002691272589e-06,0.2120063304901123,1190.169377102516
2026-09-29T06:20:06,3232,8.189158016147636e-06,0.2189967930316925,1190.1757224061207
2026-09-29T06:21:27,3233,8.185313341022683e-06,0.2680767774581909,1189.971363167607
2026-09-29T06:22:17,3234,8.181468665897733e-06,0.2259865552186966,1189.922524238405
2026-09-29T06:22:46,3235,8.17762399077278e-06,0.23604929447174072,1189.960494429512
2026-09-29T06:23:41,3236,8.173779315647828e-06,0.2710433602333069,1189.871831809625
2026-09-29T06:23:57,3237,8.169934640522877e-06,0.181939497590065,1189.9149113452477
2026-09-29T06:24:37,3238,8.166089965397924e-06,0.3482327461242676,1189.9047942108841
2026-09-29T06:25:03,3239,8.162245290272973e-06,0.18691368401050568,1189.9359684567178
2026-09-29T06:25:16,3240,8.158400615148021e-06,0.20624132454395294,1189.9763668927233
2026-09-29T06:25:29,3241,8.154555940023069e-06,0.1896997094154358,1190.0123429819091
2026-09-29T06:26:03,3242,8.150711264898117e-06,0.2905627489089966,1189.9949654076277
2026-09-29T06:26:45,3243,8.146866589773165e-06,0.3275010287761688,1189.9859646876694
2026-09-29T06:27:09,3244,8.143021914648212e-06,0.21686312556266785,1190.0189787342738
2026-09-29T06:27:50,3245,8.13917723952326e-06,0.22634804248809814,1189.9789663574327
2026-09-29T06:28:13,3246,8.13533256439831e-06,0.3005591332912445,1190.0122761097186
2026-09-29T06:28:32,3247,8.131487889273357e-06,0.3025873303413391,1190.054490826962
2026-09-29T06:28:48,3248,8.127643214148405e-06,0.1778053343296051,1190.0885191740117
2026-09-29T06:29:00,3249,8.123798539023453e-06,0.21220898628234863,1190.121894397558
2026-09-29T06:29:54,3250,8.119953863898501e-06,0.2247832864522934,1190.0439377844675
2026-09-29T06:30:43,3251,8.116109188773549e-06,0.23104849457740784,1189.9601300362315
2026-09-29T06:30:57,3252,8.112264513648597e-06,0.17888563871383667,1189.991776309193
2026-09-29T06:31:17,3253,8.108419838523646e-06,0.1844252347946167,1190.0324913277639
2026-09-29T06:31:46,3254,8.104575163398693e-06,0.22285962104797363,1190.060739975455
2026-09-29T06:32:20,3255,8.100730488273742e-06,0.31168949604034424,1190.0866298245503
2026-09-29T06:32:36,3256,8.09688581314879e-06,0.18417957425117493,1190.1210098415097
2026-09-29T06:33:05,3257,8.093041138023837e-06,0.23300838470458984,1190.1592923045841
2026-09-29T06:33:16,3258,8.089196462898885e-06,0.20991423726081848,1190.1900955840845
2026-09-29T06:33:58,3259,8.085351787773934e-06,0.2937106788158417,1190.1037003152335
2026-09-29T06:34:10,3260,8.081507112648981e-06,0.20308369398117065,1190.1345476913766
2026-09-29T06:34:32,3261,8.07766243752403e-06,0.21690689027309418,1190.1650571971863
2026-09-29T06:34:49,3262,8.073817762399077e-06,0.2963203191757202,1190.1902085063596
2026-09-29T06:35:26,3263,8.069973087274126e-06,0.28893622756004333,1190.1658406488061
2026-09-29T06:36:22,3264,8.066128412149175e-06,0.287908673286438,1190.0562937595644
2026-09-29T06:37:28,3265,8.062283737024222e-06,0.2548411786556244,1189.939995609532
2026-09-29T06:38:04,3266,8.058439061899271e-06,0.29297393560409546,1189.9278464247766
2026-09-29T06:38:26,3267,8.054594386774318e-06,0.21238796412944794,1189.9511389300178
2026-09-29T06:38:47,3268,8.050749711649365e-06,0.13311880826950073,1189.9575751690156
2026-09-29T06:39:43,3269,8.046905036524414e-06,0.2280968278646469,1189.8397779743045
2026-09-29T06:40:03,3270,8.043060361399463e-06,0.22515225410461426,1189.8667100619607
2026-09-29T06:40:26,3271,8.03921568627451e-06,0.3470475673675537,1189.9150958887294
2026-09-29T06:40:45,3272,8.035371011149559e-06,0.23325607180595398,1189.9520401704156
2026-09-29T06:41:03,3273,8.031526336024606e-06,0.18166521191596985,1189.981409198959
2026-09-29T06:41:21,3274,8.027681660899655e-06,0.22963234782218933,1190.0180731381136
2026-09-29T06:41:46,3275,8.023836985774702e-06,0.2501644194126129,1190.0361777221904
2026-09-29T06:42:41,3276,8.019992310649751e-06,0.2245829850435257,1189.9123275390396
2026-09-29T06:43:11,3277,8.0161476355248e-06,0.28913751244544983,1189.932212351218
2026-09-29T06:43:36,3278,8.012302960399847e-06,0.21503274142742157,1189.9531884834594
2026-09-29T06:43:56,3279,8.008458285274894e-06,0.20189806818962097,1189.9865811687803
2026-09-29T06:44:59,3280,8.004613610149943e-06,0.2718977928161621,1189.8823467653997
2026-09-29T06:45:13,3281,8.00076893502499e-06,0.24788673222064972,1189.9276067792334
2026-09-29T06:45:31,3282,7.996924259900039e-06,0.170864075422287,1189.956821551372
2026-09-29T06:45:50,3283,7.993079584775088e-06,0.23638451099395752,1189.9931903311929
2026-09-29T06:46:42,3284,7.989234909650135e-06,0.29685884714126587,1189.8995659011784
2026-09-29T06:46:54,3285,7.985390234525184e-06,0.17219620943069458,1189.9250142742067
2026-09-29T06:48:12,3286,7.981545559400231e-06,0.3118133544921875,1189.7653228671265
2026-09-29T06:48:26,3287,7.977700884275278e-06,0.19111818075180054,1189.8078185887377
2026-09-29T06:49:02,3288,7.973856209150329e-06,0.26981842517852783,1189.810472012169
2026-09-29T06:49:19,3289,7.970011534025376e-06,0.17271959781646729,1189.84418778197
2026-09-29T06:49:29,3290,7.966166858900423e-06,0.1693166196346283,1189.866959014732
2026-09-29T06:49:41,3291,7.962322183775472e-06,0.17195367813110352,1189.8989457908967
2026-09-29T06:49:59,3292,7.958477508650519e-06,0.17607486248016357,1189.9299820058404
2026-09-29T06:50:21,3293,7.954632833525568e-06,0.20316389203071594,1189.969611973115
2026-09-29T06:50:47,3294,7.950788158400617e-06,0.2407815158367157,1190.0132367387025
2026-09-29T06:51:35,3295,7.946943483275664e-06,0.348126620054245,1189.985191202752
2026-09-29T06:52:17,3296,7.943098808150713e-06,0.2738954722881317,1189.9424708218073
2026-09-29T06:52:45,3297,7.93925413302576e-06,0.19368205964565277,1189.9505178494703
2026-09-29T06:53:16,3298,7.935409457900807e-06,0.24325042963027954,1189.9673201690982
2026-09-29T06:53:32,3299,7.931564782775856e-06,0.21278688311576843,1190.0061202202526
2026-09-29T06:53:53,3300,7.927720107650903e-06,0.20832496881484985,1190.034621207956
2026-09-29T06:54:12,3301,7.923875432525952e-06,0.19233158230781555,1190.06078054277
2026-09-29T06:54:31,3302,7.920030757401e-06,0.21750491857528687,1190.1094656657235
2026-09-29T06:54:51,3303,7.916186082276048e-06,0.21062669157981873,1190.1564492209584
2026-09-29T06:55:32,3304,7.912341407151097e-06,0.2430068552494049,1190.1305339802736
2026-09-29T06:55:53,3305,7.908496732026144e-06,0.23694831132888794,1190.1712164518285
2026-09-29T06:56:08,3306,7.904652056901193e-06,0.266454815864563,1190.200175966314
2026-09-29T06:56:57,3307,7.900807381776242e-06,0.28828540444374084,1190.127849079633
2026-09-29T06:57:09,3308,7.896962706651289e-06,0.2316368818283081,1190.1690052439021
2026-09-29T06:57:59,3309,7.893118031526338e-06,0.335238516330719,1190.1373130762918
2026-09-29T06:58:40,3310,7.889273356401385e-06,0.2948692739009857,1190.1360823442644
2026-09-29T06:59:24,3311,7.885428681276432e-06,0.29216480255126953,1190.0519386382364
2026-09-29T06:59:36,3312,7.88158400615148e-06,0.2380477786064148,1190.0781311820888
2026-09-29T07:00:33,3313,7.87773933102653e-06,0.306862473487854,1189.9823504495166
2026-09-29T07:00:58,3314,7.873894655901577e-06,0.2720445990562439,1190.0192770713982
2026-09-29T07:01:27,3315,7.870049980776626e-06,0.25135403871536255,1190.0553150486576
2026-09-29T07:02:03,3316,7.866205305651673e-06,0.32145172357559204,1190.0495924484098
2026-09-29T07:02:21,3317,7.862360630526722e-06,0.2399817258119583,1190.0891035657594
2026-09-29T07:02:45,3318,7.858515955401769e-06,0.19342099130153656,1190.1089779775
2026-09-29T07:03:09,3319,7.854671280276818e-06,0.20846645534038544,1190.134276540031
2026-09-29T07:03:42,3320,7.850826605151866e-06,0.2558688223361969,1190.1416886949128
2026-09-29T07:03:58,3321,7.846981930026914e-06,0.18707138299942017,1190.1906203972535
2026-09-29T07:04:21,3322,7.84313725490196e-06,0.24924516677856445,1190.2363859075344
2026-09-29T07:04:40,3323,7.83929257977701e-06,0.17848899960517883,1190.2782805935203
2026-09-29T07:05:47,3324,7.835447904652057e-06,0.29567205905914307,1190.1766838341116
2026-09-29T07:06:17,3325,7.831603229527106e-06,0.2966865301132202,1190.2132096536523
2026-09-29T07:06:35,3326,7.827758554402154e-06,0.23538634181022644,1190.2503264960435
2026-09-29T07:07:09,3327,7.823913879277201e-06,0.275118887424469,1190.2543287272076
2026-09-29T07:07:26,3328,7.82006920415225e-06,0.17429934442043304,1190.2861891905402
2026-09-29T07:07:57,3329,7.816224529027297e-06,0.18424448370933533,1190.2676328929447
2026-09-29T07:08:45,3330,7.812379853902345e-06,0.23785848915576935,1190.1938944119543
2026-09-29T07:09:50,3331,7.808535178777395e-06,0.31914323568344116,1190.086115324433
2026-09-29T07:11:03,3332,7.804690503652442e-06,0.22688911855220795,1189.9206661820322
2026-09-29T07:11:22,3333,7.80084582852749e-06,0.29884466528892517,1189.9599487391492
2026-09-29T07:11:37,3334,7.797001153402538e-06,0.24848520755767822,1190.007862908188
2026-09-29T07:12:28,3335,7.793156478277585e-06,0.2525962293148041,1189.9194860591056
2026-09-29T07:13:02,3336,7.789311803152634e-06,0.2380225658416748,1189.916748525948
2026-09-29T07:13:40,3337,7.785467128027683e-06,0.27128344774246216,1189.9203682889924
2026-09-29T07:14:05,3338,7.78162245290273e-06,0.2468809187412262,1189.9630551564076
2026-09-29T07:14:23,3339,7.77777777777778e-06,0.181271493434906,1190.0184442195928
2026-09-29T07:14:53,3340,7.773933102652826e-06,0.2587551474571228,1190.030440835365
2026-09-29T07:15:37,3341,7.770088427527873e-06,0.2964300513267517,1190.0074463929604
2026-09-29T07:15:47,3342,7.766243752402922e-06,0.1699051558971405,1190.0350056878112
2026-09-29T07:16:06,3343,7.762399077277971e-06,0.18403081595897675,1190.0813412673233
2026-09-29T07:16:19,3344,7.758554402153018e-06,0.1612854301929474,1190.101647286756
2026-09-29T07:16:39,3345,7.754709727028067e-06,0.25983983278274536,1190.1418674618928
2026-09-29T07:17:09,3346,7.750865051903114e-06,0.28065526485443115,1190.1661210793977
2026-09-29T07:17:24,3347,7.747020376778163e-06,0.20302093029022217,1190.2101746162607
2026-09-29T07:17:54,3348,7.74317570165321e-06,0.3033953011035919,1190.2357162711287
2026-09-29T07:18:10,3349,7.739331026528259e-06,0.18418629467487335,1190.285169521895
2026-09-29T07:18:54,3350,7.735486351403308e-06,0.24788376688957214,1190.257120426026
2026-09-29T07:19:34,3351,7.731641676278355e-06,0.2475322186946869,1190.2357737987131
2026-09-29T07:19:46,3352,7.727797001153404e-06,0.14301902055740356,1190.2715358377288
2026-09-29T07:20:07,3353,7.723952326028451e-06,0.30356377363204956,1190.3076089150104
2026-09-29T07:20:49,3354,7.720107650903498e-06,0.2892078161239624,1190.293654971021
2026-09-29T07:21:01,3355,7.716262975778547e-06,0.2184678614139557,1190.3259443817924
2026-09-29T07:21:33,3356,7.712418300653596e-06,0.19196221232414246,1190.3466246212217
2026-09-29T07:21:59,3357,7.708573625528643e-06,0.20395474135875702,1190.3629857403735
2026-09-29T07:22:22,3358,7.704728950403692e-06,0.16532281041145325,1190.3985052458156
2026-09-29T07:22:50,3359,7.700884275278739e-06,0.2800304889678955,1190.4271810067207
2026-09-29T07:23:15,3360,7.697039600153788e-06,0.22560125589370728,1190.452985214371
2026-09-29T07:23:38,3361,7.693194925028837e-06,0.22025969624519348,1190.4847001343098
2026-09-29T07:24:07,3362,7.689350249903884e-06,0.25939512252807617,1190.518483774342
2026-09-29T07:24:29,3363,7.685505574778933e-06,0.24954837560653687,1190.563470078438
2026-09-29T07:25:06,3364,7.68166089965398e-06,0.2280438244342804,1190.5469337256025
2026-09-29T07:25:47,3365,7.677816224529027e-06,0.18787038326263428,1190.5183440672943
2026-09-29T07:26:00,3366,7.673971549404076e-06,0.25887197256088257,1190.5550950816123
2026-09-29T07:26:12,3367,7.670126874279123e-06,0.15842831134796143,1190.589609094559
2026-09-29T07:27:07,3368,7.666282199154172e-06,0.2743310332298279,1190.5232805802893
2026-09-29T07:27:47,3369,7.66243752402922e-06,0.341796875,1190.4712800094596
2026-09-29T07:28:20,3370,7.658592848904268e-06,0.22219139337539673,1190.4828653993864
2026-09-29T07:29:08,3371,7.654748173779317e-06,0.3278241455554962,1190.421860228963
2026-09-29T07:29:35,3372,7.650903498654364e-06,0.1978258639574051,1190.4315223090753
2026-09-29T07:30:24,3373,7.647058823529411e-06,0.31020307540893555,1190.3643800905566
2026-09-29T07:31:16,3374,7.643214148404462e-06,0.2635907232761383,1190.3102892079498
2026-09-29T07:32:04,3375,7.639369473279509e-06,0.22212770581245422,1190.2359306483727
2026-09-29T07:32:19,3376,7.635524798154556e-06,0.16406574845314026,1190.2807976855302
2026-09-29T07:32:33,3377,7.631680123029605e-06,0.2317638397216797,1190.320198503318
2026-09-29T07:32:46,3378,7.627835447904653e-06,0.15169139206409454,1190.352352979244
2026-09-29T07:33:19,3379,7.6239907727797e-06,0.22256028652191162,1190.3637679496987
2026-09-29T07:33:43,3380,7.62014609765475e-06,0.24580994248390198,1190.4120053246259
2026-09-29T07:34:09,3381,7.616301422529797e-06,0.21679170429706573,1190.4261857097194
2026-09-29T07:34:54,3382,7.612456747404845e-06,0.22147977352142334,1190.3724564077672
2026-09-29T07:35:31,3383,7.608612072279893e-06,0.2352602779865265,1190.3788288295177
2026-09-29T07:36:05,3384,7.604767397154941e-06,0.23856377601623535,1190.3789445411094
2026-09-29T07:36:25,3385,7.600922722029989e-06,0.22912147641181946,1190.4134175670024
2026-09-29T07:36:48,3386,7.597078046905038e-06,0.26338550448417664,1190.4277713237175
2026-09-29T07:37:06,3387,7.593233371780086e-06,0.20534321665763855,1190.4665017871425
2026-09-29T07:37:27,3388,7.589388696655134e-06,0.1997021734714508,1190.5106415728449
2026-09-29T07:38:12,3389,7.585544021530182e-06,0.26552659273147583,1190.4199529276248
2026-09-29T07:39:06,3390,7.581699346405229e-06,0.24455556273460388,1190.3291931819417
2026-09-29T07:39:25,3391,7.577854671280277e-06,0.14688071608543396,1190.3658086695589
2026-09-29T07:39:51,3392,7.574009996155326e-06,0.2235218584537506,1190.3754336367078
2026-09-29T07:40:11,3393,7.570165321030374e-06,0.19515469670295715,1190.4236991968576
2026-09-29T07:40:23,3394,7.566320645905422e-06,0.206685870885849,1190.4571395956243
2026-09-29T07:41:08,3395,7.56247597078047e-06,0.1961372196674347,1190.3685541012273
2026-09-29T07:41:24,3396,7.558631295655518e-06,0.2207326591014862,1190.4036428578017
2026-09-29T07:41:40,3397,7.554786620530566e-06,0.18593716621398926,1190.430443423444
2026-09-29T07:42:23,3398,7.5509419454056144e-06,0.2564062774181366,1190.3926745281774
2026-09-29T07:42:35,3399,7.5470972702806624e-06,0.22843368351459503,1190.4285716634995
2026-09-29T07:42:59,3400,7.5432525951557104e-06,0.1903764009475708,1190.4525866157874
2026-09-29T07:43:15,3401,7.5394079200307576e-06,0.27329298853874207,1190.4909464394927
2026-09-29T07:43:44,3402,7.5355632449058056e-06,0.2146306186914444,1190.5115272861299
2026-09-29T07:44:46,3403,7.5317185697808536e-06,0.3338819146156311,1190.415063354824
2026-09-29T07:45:12,3404,7.527873894655902e-06,0.230423241853714,1190.4322991244449
2026-09-29T07:46:01,3405,7.52402921953095e-06,0.25858503580093384,1190.351881397125
2026-09-29T07:46:38,3406,7.520184544405998e-06,0.21796491742134094,1190.3363498234287
2026-09-29T07:47:11,3407,7.516339869281046e-06,0.3158763647079468,1190.34891784846
2026-09-29T07:47:23,3408,7.512495194156094e-06,0.15756624937057495,1190.387081492508
2026-09-29T07:47:50,3409,7.508650519031142e-06,0.3113877773284912,1190.4203958970909
2026-09-29T07:48:28,3410,7.504805843906191e-06,0.34660056233406067,1190.4218875788304
2026-09-29T07:48:44,3411,7.500961168781239e-06,0.19656223058700562,1190.454579455927
2026-09-29T07:49:05,3412,7.497116493656286e-06,0.21515744924545288,1190.4768355397339
2026-09-29T07:49:35,3413,7.493271818531334e-06,0.23374150693416595,1190.5008621882062
2026-09-29T07:49:55,3414,7.489427143406382e-06,0.2563241124153137,1190.5297171245954
2026-09-29T07:50:11,3415,7.48558246828143e-06,0.18641236424446106,1190.557666880347
2026-09-29T07:50:33,3416,7.481737793156479e-06,0.26222890615463257,1190.591090695957
2026-09-29T07:50:44,3417,7.477893118031527e-06,0.1841457188129425,1190.6142933918663
2026-09-29T07:51:33,3418,7.474048442906575e-06,0.27863502502441406,1190.5389339952949
2026-09-29T07:51:52,3419,7.470203767781623e-06,0.24606966972351074,1190.569537241179
2026-09-29T07:52:20,3420,7.466359092656671e-06,0.20261715352535248,1190.5728006475758
2026-09-29T07:52:35,3421,7.462514417531718e-06,0.1771533489227295,1190.603805682795
2026-09-29T07:52:56,3422,7.458669742406768e-06,0.26828452944755554,1190.6369762337556
2026-09-29T07:53:09,3423,7.454825067281816e-06,0.18257728219032288,1190.6758571805478
2026-09-29T07:53:41,3424,7.450980392156863e-06,0.254721462726593,1190.6791054251646
2026-09-29T07:54:18,3425,7.447135717031911e-06,0.2866508364677429,1190.672298903849
2026-09-29T07:54:45,3426,7.443291041906959e-06,0.21807992458343506,1190.6890784210361
2026-09-29T07:55:38,3427,7.439446366782007e-06,0.24745066463947296,1190.5923662110897
2026-09-29T07:56:02,3428,7.435601691657055e-06,0.18835166096687317,1190.625417936097
2026-09-29T07:56:16,3429,7.431757016532104e-06,0.19728487730026245,1190.6496560757278
2026-09-29T07:57:06,3430,7.427912341407152e-06,0.25886332988739014,1190.5650738372783
2026-09-29T07:57:34,3431,7.4240676662822e-06,0.24913689494132996,1190.5638466066637
2026-09-29T07:58:14,3432,7.420222991157248e-06,0.3002566695213318,1190.5520892995846
2026-09-29T07:59:35,3433,7.416378316032295e-06,0.18781453371047974,1190.3360719019252
2026-09-29T07:59:50,3434,7.412533640907343e-06,0.23477894067764282,1190.3799521883825
2026-09-29T08:00:11,3435,7.408688965782392e-06,0.21298670768737793,1190.4250289851468
2026-09-29T08:00:36,3436,7.40484429065744e-06,0.1956327259540558,1190.4419544575858
2026-09-29T08:01:17,3437,7.400999615532488e-06,0.2608935236930847,1190.4209824650861
2026-09-29T08:02:12,3438,7.397154940407536e-06,0.272382915019989,1190.3396517677993
2026-09-29T08:03:10,3439,7.393310265282584e-06,0.27779531478881836,1190.2418432689954
2026-09-29T08:04:04,3440,7.389465590157632e-06,0.30146536231040955,1190.1738059676466
2026-09-29T08:05:06,3441,7.385620915032681e-06,0.3278944194316864,1190.080017334308
2026-09-29T08:05:27,3442,7.381776239907729e-06,0.24553874135017395,1190.119392018123
2026-09-29T08:06:02,3443,7.377931564782777e-06,0.22549474239349365,1190.132488852698
2026-09-29T08:06:45,3444,7.374086889657824e-06,0.24883298575878143,1190.0747189685244
2026-09-29T08:07:48,3445,7.370242214532872e-06,0.2570153474807739,1189.945302797151
2026-09-29T08:08:04,3446,7.36639753940792e-06,0.15950143337249756,1189.979843739193
2026-09-29T08:08:19,3447,7.362552864282969e-06,0.27623069286346436,1190.0127856014622
2026-09-29T08:09:02,3448,7.358708189158017e-06,0.20799565315246582,1189.9890335793714
2026-09-29T08:09:21,3449,7.354863514033065e-06,0.21152141690254211,1190.023406264615
2026-09-29T08:09:44,3450,7.351018838908113e-06,0.23408491909503937,1190.0617320231563
2026-09-29T08:10:11,3451,7.347174163783161e-06,0.35470014810562134,1190.0933240766506
2026-09-29T08:10:40,3452,7.343329488658209e-06,0.29127025604248047,1190.1081452286812
2026-09-29T08:10:54,3453,7.339484813533258e-06,0.17134538292884827,1190.1457604814777
2026-09-29T08:11:55,3454,7.335640138408306e-06,0.24821358919143677,1190.0690697975886
2026-09-29T08:12:15,3455,7.331795463283353e-06,0.19940844178199768,1190.1124765143118
2026-09-29T08:13:03,3456,7.327950788158401e-06,0.34678754210472107,1190.0303559023046
2026-09-29T08:14:03,3457,7.324106113033449e-06,0.25496190786361694,1189.9199060485073
2026-09-29T08:14:47,3458,7.320261437908497e-06,0.23299258947372437,1189.8233022127185
2026-09-29T08:14:57,3459,7.316416762783546e-06,0.2338138222694397,1189.848279969221
2026-09-29T08:15:23,3460,7.312572087658594e-06,0.23698462545871735,1189.881285232649
2026-09-29T08:15:40,3461,7.308727412533642e-06,0.20513826608657837,1189.9122255324964
2026-09-29T08:15:51,3462,7.30488273740869e-06,0.17663097381591797,1189.9400238675175
2026-09-29T08:16:22,3463,7.301038062283738e-06,0.2141466587781906,1189.9635080991634
2026-09-29T08:16:35,3464,7.297193387158785e-06,0.21059150993824005,1190.0037963707243
2026-09-29T08:16:47,3465,7.2933487120338345e-06,0.20194290578365326,1190.0341062686834
2026-09-29T08:17:01,3466,7.289504036908882e-06,0.17887268960475922,1190.067280684899
2026-09-29T08:17:27,3467,7.28565936178393e-06,0.2570425271987915,1190.0949207065096
2026-09-29T08:18:02,3468,7.281814686658978e-06,0.27816545963287354,1190.120256540872
2026-09-29T08:18:23,3469,7.277970011534026e-06,0.23466816544532776,1190.1556355828848
2026-09-29T08:19:03,3470,7.274125336409074e-06,0.16492986679077148,1190.155799738996
2026-09-29T08:19:25,3471,7.2702806612841225e-06,0.22765827178955078,1190.1895557023397
2026-09-29T08:20:02,3472,7.2664359861591705e-06,0.29099586606025696,1190.1919992454436
2026-09-29T08:20:47,3473,7.2625913110342185e-06,0.33355841040611267,1190.1906331218224
2026-09-29T08:21:55,3474,7.2587466359092665e-06,0.3033105134963989,1190.1283103287383
2026-09-29T08:22:40,3475,7.2549019607843145e-06,0.24211952090263367,1190.0554068459485
2026-09-29T08:23:37,3476,7.251057285659362e-06,0.3056672513484955,1189.9792242836113
2026-09-29T08:24:04,3477,7.247212610534411e-06,0.2806451916694641,1190.0117118669086
2026-09-29T08:24:31,3478,7.2433679354094585e-06,0.2612914443016052,1190.0298463898364
2026-09-29T08:24:50,3479,7.2395232602845065e-06,0.19400554895401,1190.0567356666704
2026-09-29T08:25:46,3480,7.2356785851595545e-06,0.1972295045852661,1189.9772331534973
2026-09-29T08:25:59,3481,7.2318339100346025e-06,0.1885259598493576,1190.0123070696386
2026-09-29T08:26:24,3482,7.2279892349096505e-06,0.23251160979270935,1190.0489899515871
2026-09-29T08:26:45,3483,7.224144559784699e-06,0.2118023782968521,1190.0643092513678
2026-09-29T08:26:56,3484,7.220299884659747e-06,0.2367837131023407,1190.0932859186553
2026-09-29T08:27:17,3485,7.216455209534795e-06,0.24576032161712646,1190.1206448182306
2026-09-29T08:27:38,3486,7.212610534409843e-06,0.2291291356086731,1190.1557129808891
2026-09-29T08:27:58,3487,7.2087658592848905e-06,0.2176024466753006,1190.1963210924073
2026-09-29T08:28:27,3488,7.2049211841599385e-06,0.22938990592956543,1190.1773530921962
2026-09-29T08:28:39,3489,7.201076509034987e-06,0.2166401743888855,1190.2094806407692
2026-09-29T08:28:58,3490,7.197231833910035e-06,0.19924822449684143,1190.246320537004
2026-09-29T08:29:29,3491,7.193387158785083e-06,0.18670587241649628,1190.251832171315
2026-09-29T08:29:58,3492,7.189542483660131e-06,0.2553540766239166,1190.272069718993
2026-09-29T08:30:39,3493,7.185697808535179e-06,0.2982155680656433,1190.2495263196938
2026-09-29T08:30:49,3494,7.181853133410227e-06,0.502806544303894,1190.2725824247746
2026-09-29T08:31:24,3495,7.178008458285275e-06,0.257367879152298,1190.2714145649018
2026-09-29T08:31:40,3496,7.174163783160324e-06,0.18843668699264526,1190.3222989434184
2026-09-29T08:32:37,3497,7.170319108035372e-06,0.3173922896385193,1190.2206156198438
2026-09-29T08:33:00,3498,7.166474432910419e-06,0.2014772891998291,1190.2393939056321
2026-09-29T08:34:03,3499,7.162629757785467e-06,0.28846821188926697,1190.1091358491394
2026-09-29T08:34:51,3500,7.158785082660515e-06,0.28186964988708496,1190.0271182027877
2026-09-29T08:35:17,3501,7.154940407535563e-06,0.2480124831199646,1190.0597703588303
2026-09-29T08:35:31,3502,7.151095732410612e-06,0.20433971285820007,1190.102710099905
2026-09-29T08:35:46,3503,7.14725105728566e-06,0.1989850401878357,1190.1263217450871
2026-09-29T08:37:07,3504,7.143406382160708e-06,0.3355869948863983,1189.9631432894198
2026-09-29T08:37:19,3505,7.139561707035756e-06,0.1872246414422989,1189.9985375515712
2026-09-29T08:37:37,3506,7.135717031910804e-06,0.22011509537696838,1190.0310225548008
2026-09-29T08:37:55,3507,7.131872356785851e-06,0.17709608376026154,1190.0714824317392
2026-09-29T08:38:18,3508,7.128027681660901e-06,0.22974812984466553,1190.0968052504168
2026-09-29T08:39:17,3509,7.124183006535948e-06,0.29822927713394165,1190.0411589225848
2026-09-29T08:39:35,3510,7.120338331410996e-06,0.1535637378692627,1190.076955454406
2026-09-29T08:39:48,3511,7.116493656286044e-06,0.23156221210956573,1190.1150295904433
2026-09-29T08:40:06,3512,7.112648981161092e-06,0.18812258541584015,1190.141523590617
2026-09-29T08:40:47,3513,7.10880430603614e-06,0.26480016112327576,1190.1361233856749
2026-09-29T08:41:46,3514,7.104959630911189e-06,0.2844545841217041,1190.082276375041
2026-09-29T08:42:46,3515,7.101114955786237e-06,0.21389801800251007,1190.0003195570232
2026-09-29T08:43:55,3516,7.097270280661285e-06,0.21542692184448242,1189.8735086260012
2026-09-29T08:44:12,3517,7.093425605536333e-06,0.2602860629558563,1189.9224321844124
2026-09-29T08:44:27,3518,7.08958093041138e-06,0.20071253180503845,1189.9603881128169
2026-09-29T08:44:50,3519,7.085736255286428e-06,0.23363938927650452,1189.9933765261646
2026-09-29T08:46:03,3520,7.081891580161478e-06,0.32118356227874756,1189.8347678633431
2026-09-29T08:46:17,3521,7.078046905036525e-06,0.27492421865463257,1189.8807986702357
2026-09-29T08:46:56,3522,7.074202229911573e-06,0.2465158849954605,1189.8998861641435
2026-09-29T08:47:14,3523,7.070357554786621e-06,0.1951756775379181,1189.9359886947288
2026-09-29T08:47:36,3524,7.066512879661669e-06,0.16206666827201843,1189.9749655981125
2026-09-29T08:47:48,3525,7.062668204536717e-06,0.17048168182373047,1190.008843311542
2026-09-29T08:48:12,3526,7.058823529411766e-06,0.21011266112327576,1190.0379498058376
2026-09-29T08:48:23,3527,7.054978854286814e-06,0.14788173139095306,1190.064105744616
2026-09-29T08:48:35,3528,7.051134179161862e-06,0.17563334107398987,1190.1025672938447
2026-09-29T08:49:10,3529,7.04728950403691e-06,0.1556742787361145,1190.1028298033814
2026-09-29T08:49:28,3530,7.043444828911957e-06,0.22810430824756622,1190.120079961073
2026-09-29T08:49:43,3531,7.039600153787005e-06,0.18931321799755096,1190.149123334377
2026-09-29T08:49:58,3532,7.035755478662054e-06,0.2364492267370224,1190.1944666679035
2026-09-29T08:50:11,3533,7.031910803537102e-06,0.25311312079429626,1190.2362572661366
2026-09-29T08:50:47,3534,7.02806612841215e-06,0.24608546495437622,1190.2344541575742
2026-09-29T08:51:41,3535,7.024221453287198e-06,0.21508938074111938,1190.164946908368
2026-09-29T08:52:31,3536,7.020376778162246e-06,0.24726665019989014,1190.0823637799047
2026-09-29T08:52:57,3537,7.016532103037294e-06,0.28646132349967957,1190.1160776660047
2026-09-29T08:53:07,3538,7.012687427912343e-06,0.14143773913383484,1190.1397562472762
2026-09-29T08:53:32,3539,7.008842752787391e-06,0.20537303388118744,1190.181149354959
2026-09-29T08:54:27,3540,7.004998077662439e-06,0.3433830440044403,1190.1135558259407
2026-09-29T08:54:57,3541,7.001153402537486e-06,0.22884441912174225,1190.1158652262063
2026-09-29T08:55:22,3542,6.997308727412534e-06,0.2578720450401306,1190.1509901313552
2026-09-29T08:56:04,3543,6.993464052287582e-06,0.22290921211242676,1190.1092012519073
2026-09-29T08:56:26,3544,6.989619377162631e-06,0.2340443879365921,1190.1455891576302
2026-09-29T08:57:01,3545,6.985774702037679e-06,0.28809306025505066,1190.144084617245
2026-09-29T08:57:41,3546,6.981930026912727e-06,0.3307484984397888,1190.1263743698537
2026-09-29T08:57:59,3547,6.978085351787775e-06,0.1891012042760849,1190.167425781844
2026-09-29T08:58:38,3548,6.974240676662823e-06,0.23657241463661194,1190.14638220382
2026-09-29T08:59:11,3549,6.970396001537871e-06,0.36032193899154663,1190.1598496497982
2026-09-29T08:59:27,3550,6.9665513264129194e-06,0.19119618833065033,1190.2000867873899
2026-09-29T08:59:52,3551,6.962706651287967e-06,0.20181134343147278,1190.2230998800858
2026-09-29T09:00:19,3552,6.9588619761630146e-06,0.3624204695224762,1190.2378447578178
2026-09-29T09:01:35,3553,6.9550173010380626e-06,0.3056506812572479,1190.1073978999277
2026-09-29T09:02:27,3554,6.9511726259131106e-06,0.25198739767074585,1190.0282675422673
2026-09-29T09:02:52,3555,6.9473279507881586e-06,0.2579802870750427,1190.0442008662671
2026-09-29T09:04:11,3556,6.943483275663207e-06,0.32946348190307617,1189.9041707555953
2026-09-29T09:04:37,3557,6.939638600538255e-06,0.2552913725376129,1189.923682137462
2026-09-29T09:04:49,3558,6.935793925413303e-06,0.17691880464553833,1189.9539345459223
2026-09-29T09:05:08,3559,6.931949250288351e-06,0.20349520444869995,1189.9792486863269
2026-09-29T09:05:50,3560,6.928104575163399e-06,0.2145674079656601,1189.965687639453
2026-09-29T09:06:17,3561,6.9242599000384466e-06,0.20133212208747864,1189.9738310976059
2026-09-29T09:06:43,3562,6.9204152249134946e-06,0.2499043345451355,1190.0114429761968
2026-09-29T09:07:40,3563,6.916570549788543e-06,0.30483394861221313,1189.9181366390362
2026-09-29T09:08:19,3564,6.912725874663591e-06,0.3247944712638855,1189.9064659686585
2026-09-29T09:08:39,3565,6.908881199538639e-06,0.27489393949508667,1189.9495976248797
2026-09-29T09:09:20,3566,6.905036524413687e-06,0.2123010754585266,1189.9324682197448
2026-09-29T09:09:45,3567,6.901191849288735e-06,0.3013584017753601,1189.9667791727957
2026-09-29T09:10:46,3568,6.897347174163783e-06,0.2926293611526489,1189.8659146987854
2026-09-29T09:11:11,3569,6.893502499038832e-06,0.2547721266746521,1189.8805761946544
2026-09-29T09:12:05,3570,6.88965782391388e-06,0.29303115606307983,1189.8028809630944
2026-09-29T09:12:38,3571,6.885813148788928e-06,0.22637957334518433,1189.8104044216827
2026-09-29T09:13:14,3572,6.881968473663976e-06,0.2435990571975708,1189.8242487309778
2026-09-29T09:13:36,3573,6.878123798539023e-06,0.23991556465625763,1189.8505428527405
2026-09-29T09:13:53,3574,6.874279123414071e-06,0.2489929497241974,1189.896403312392
2026-09-29T09:14:14,3575,6.87043444828912e-06,0.22645965218544006,1189.921215406202
2026-09-29T09:15:06,3576,6.866589773164168e-06,0.2726607322692871,1189.8447307784422
2026-09-29T09:15:28,3577,6.862745098039216e-06,0.21803243458271027,1189.875143113428
2026-09-29T09:16:01,3578,6.858900422914264e-06,0.2530406713485718,1189.8877397713663
2026-09-29T09:16:29,3579,6.855055747789312e-06,0.21307247877120972,1189.9094788988396
2026-09-29T09:16:49,3580,6.85121107266436e-06,0.16884805262088776,1189.9350289223803
2026-09-29T09:17:40,3581,6.847366397539409e-06,0.2372000813484192,1189.844755974446
2026-09-29T09:18:08,3582,6.843521722414457e-06,0.25091713666915894,1189.8477961735996
2026-09-29T09:18:28,3583,6.839677047289505e-06,0.27074891328811646,1189.8855890223556
2026-09-29T09:19:18,3584,6.835832372164552e-06,0.25708821415901184,1189.826389156188
2026-09-29T09:19:29,3585,6.8319876970396e-06,0.1899174004793167,1189.8513950915199
2026-09-29T09:19:55,3586,6.828143021914648e-06,0.22640801966190338,1189.8749415192729
2026-09-29T09:20:11,3587,6.824298346789697e-06,0.21805649995803833,1189.9097485982336
2026-09-29T09:20:38,3588,6.820453671664745e-06,0.22740745544433594,1189.9246009383712
2026-09-29T09:20:52,3589,6.816608996539793e-06,0.1786273568868637,1189.9635692887864
2026-09-29T09:21:43,3590,6.812764321414841e-06,0.22667549550533295,1189.8822300196543
2026-09-29T09:22:00,3591,6.808919646289889e-06,0.17385396361351013,1189.9327533171247
2026-09-29T09:22:48,3592,6.805074971164937e-06,0.2809804081916809,1189.8717680982952
2026-09-29T09:23:06,3593,6.801230296039986e-06,0.25523921847343445,1189.8971130507389
2026-09-29T09:23:16,3594,6.797385620915034e-06,0.19265899062156677,1189.918859038254
2026-09-29T09:23:44,3595,6.793540945790081e-06,0.2141411453485489,1189.9201028274085
2026-09-29T09:24:34,3596,6.789696270665129e-06,0.2902081608772278,1189.862709063182
2026-09-29T09:25:32,3597,6.785851595540177e-06,0.25755998492240906,1189.7969726141355
2026-09-29T09:25:57,3598,6.782006920415225e-06,0.2777242362499237,1189.8372138142026
2026-09-29T09:26:09,3599,6.778162245290274e-06,0.24576275050640106,1189.8693200850664
2026-09-29T09:26:31,3600,6.774317570165322e-06,0.2887985110282898,1189.908812621778
2026-09-29T09:26:43,3601,6.77047289504037e-06,0.21381734311580658,1189.9403659607892
2026-09-29T09:27:00,3602,6.766628219915418e-06,0.22183433175086975,1189.9641186819133
2026-09-29T09:27:30,3603,6.762783544790466e-06,0.20879340171813965,1189.953570938423
2026-09-29T09:27:49,3604,6.758938869665513e-06,0.22793687880039215,1189.992371166701
2026-09-29T09:28:21,3605,6.755094194540563e-06,0.16084936261177063,1189.9795890965984
2026-09-29T09:29:05,3606,6.75124951941561e-06,0.27959632873535156,1189.9721380379942
2026-09-29T09:29:32,3607,6.747404844290658e-06,0.2686823606491089,1190.010679979896
2026-09-29T09:29:44,3608,6.743560169165706e-06,0.16925638914108276,1190.0413161972115
2026-09-29T09:29:56,3609,6.739715494040754e-06,0.1478070467710495,1190.0705650823745
2026-09-29T09:30:36,3610,6.735870818915802e-06,0.22964675724506378,1190.0616659758891
2026-09-29T09:31:17,3611,6.732026143790851e-06,0.3218027949333191,1190.061660815535
2026-09-29T09:31:34,3612,6.728181468665899e-06,0.1938110888004303,1190.1052665194259
2026-09-29T09:31:53,3613,6.724336793540947e-06,0.23583102226257324,1190.1267047412923
2026-09-29T09:32:15,3614,6.720492118415995e-06,0.18824580311775208,1190.1494319365245
2026-09-29T09:32:29,3615,6.716647443291042e-06,0.21199725568294525,1190.189806882855
2026-09-29T09:32:58,3616,6.71280276816609e-06,0.2512388825416565,1190.2146107583362
2026-09-29T09:34:08,3617,6.7089580930411395e-06,0.294320285320282,1190.0789612344115
2026-09-29T09:34:42,3618,6.705113417916187e-06,0.21846064925193787,1190.0722732115464
2026-09-29T09:34:53,3619,6.701268742791235e-06,0.19388720393180847,1190.1008833882565
2026-09-29T09:35:20,3620,6.697424067666283e-06,0.27036651968955994,1190.1431252336542
2026-09-29T09:35:48,3621,6.693579392541331e-06,0.24982666969299316,1190.1718803347771
2026-09-29T09:36:40,3622,6.689734717416379e-06,0.3228380084037781,1190.084733041376
2026-09-29T09:37:26,3623,6.6858900422914275e-06,0.2596917450428009,1190.0047716768315
2026-09-29T09:37:55,3624,6.6820453671664755e-06,0.23481614887714386,1190.0160680915212
2026-09-29T09:38:27,3625,6.6782006920415235e-06,0.28971028327941895,1190.0170567760003
2026-09-29T09:38:46,3626,6.6743560169165715e-06,0.2218497097492218,1190.0565885852516
2026-09-29T09:39:26,3627,6.670511341791619e-06,0.2577827572822571,1190.022480475655
2026-09-29T09:39:45,3628,6.666666666666667e-06,0.22188733518123627,1190.0490783250257
2026-09-29T09:40:07,3629,6.662821991541715e-06,0.24626226723194122,1190.0815013182603
2026-09-29T09:41:14,3630,6.6589773164167635e-06,0.2714659571647644,1189.982433629353
2026-09-29T09:41:35,3631,6.6551326412918115e-06,0.20752733945846558,1190.0187447967837
2026-09-29T09:41:56,3632,6.6512879661668595e-06,0.1963806003332138,1190.0625505257292
2026-09-29T09:42:10,3633,6.6474432910419075e-06,0.1787843257188797,1190.0990858071418
2026-09-29T09:42:27,3634,6.6435986159169555e-06,0.17803362011909485,1190.1258380737174
2026-09-29T09:43:06,3635,6.6397539407920035e-06,0.20455534756183624,1190.1258609508645
2026-09-29T09:43:23,3636,6.635909265667052e-06,0.1922299563884735,1190.1601884319907
2026-09-29T09:44:39,3637,6.6320645905421e-06,0.2646023631095886,1189.9807466707498
2026-09-29T09:44:59,3638,6.6282199154171475e-06,0.24504274129867554,1190.0090321601115
2026-09-29T09:45:38,3639,6.6243752402921955e-06,0.22748041152954102,1189.9795455639162
2026-09-29T09:45:50,3640,6.6205305651672435e-06,0.16221041977405548,1190.0102400232086
2026-09-29T09:46:09,3641,6.6166858900422915e-06,0.17327424883842468,1190.0473376424202
2026-09-29T09:46:33,3642,6.61284121491734e-06,0.17853611707687378,1190.0669026551418
2026-09-29T09:47:28,3643,6.608996539792388e-06,0.2762787938117981,1190.0276624493015
2026-09-29T09:48:30,3644,6.605151864667436e-06,0.34082460403442383,1189.9412980778168
2026-09-29T09:49:11,3645,6.601307189542484e-06,0.22070448100566864,1189.9281354087336
2026-09-29T09:49:40,3646,6.597462514417532e-06,0.3010115921497345,1189.9487923141094
2026-09-29T09:50:15,3647,6.5936178392925795e-06,0.26997995376586914,1189.9598844450704
2026-09-29T09:51:14,3648,6.589773164167629e-06,0.2763538658618927,1189.8510173942693
2026-09-29T09:51:42,3649,6.585928489042676e-06,0.20063453912734985,1189.8659650459704
2026-09-29T09:52:39,3650,6.582083813917724e-06,0.27609118819236755,1189.7705675561613
2026-09-29T09:53:35,3651,6.578239138792772e-06,0.27061811089515686,1189.6953733227235
2026-09-29T09:53:47,3652,6.57439446366782e-06,0.17965877056121826,1189.728829091114
2026-09-29T09:54:38,3653,6.570549788542868e-06,0.30955395102500916,1189.701168461877
2026-09-29T09:54:54,3654,6.566705113417917e-06,0.24230237305164337,1189.7456564531296
2026-09-29T09:55:33,3655,6.562860438292965e-06,0.25218039751052856,1189.7377762414549
2026-09-29T09:56:12,3656,6.559015763168013e-06,0.2443181574344635,1189.715266244411
2026-09-29T09:56:30,3657,6.555171088043061e-06,0.2362610399723053,1189.76770277031
2026-09-29T09:57:24,3658,6.551326412918108e-06,0.18416893482208252,1189.6762233975394
2026-09-29T09:57:50,3659,6.547481737793156e-06,0.22625763714313507,1189.677310238219
2026-09-29T09:58:53,3660,6.543637062668205e-06,0.27519169449806213,1189.561273699566
2026-09-29T09:59:05,3661,6.539792387543253e-06,0.14235112071037292,1189.584172341895
2026-09-29T09:59:41,3662,6.535947712418301e-06,0.26867640018463135,1189.5609038785235
2026-09-29T09:59:53,3663,6.532103037293349e-06,0.23705126345157623,1189.5895554519475
2026-09-29T10:00:19,3664,6.528258362168397e-06,0.2384466826915741,1189.6121718153784
2026-09-29T10:01:04,3665,6.524413687043445e-06,0.25895431637763977,1189.5178007147956
2026-09-29T10:01:27,3666,6.520569011918494e-06,0.20473460853099823,1189.5420528502193
2026-09-29T10:01:44,3667,6.516724336793542e-06,0.18175947666168213,1189.5802930376772
2026-09-29T10:02:01,3668,6.51287966166859e-06,0.2845155596733093,1189.6253302576708
2026-09-29T10:02:25,3669,6.509034986543637e-06,0.2497526854276657,1189.6514892861323
2026-09-29T10:03:00,3670,6.505190311418685e-06,0.22440797090530396,1189.6541160619734
2026-09-29T10:03:43,3671,6.501345636293733e-06,0.25680404901504517,1189.644819957332
2026-09-29T10:03:54,3672,6.497500961168782e-06,0.166446715593338,1189.6735130576699
2026-09-29T10:04:16,3673,6.49365628604383e-06,0.19105280935764313,1189.6842888731862
2026-09-29T10:04:36,3674,6.489811610918878e-06,0.22922563552856445,1189.7072267540852
2026-09-29T10:04:49,3675,6.485966935793926e-06,0.18466001749038696,1189.742678313354
2026-09-29T10:05:37,3676,6.482122260668974e-06,0.21666216850280762,1189.6685037229288
2026-09-29T10:05:49,3677,6.478277585544022e-06,0.19716601073741913,1189.6977612157357
2026-09-29T10:06:05,3678,6.474432910419071e-06,0.21398314833641052,1189.7440910017247
2026-09-29T10:06:57,3679,6.470588235294119e-06,0.24120774865150452,1189.6837422340693
2026-09-29T10:07:36,3680,6.466743560169167e-06,0.22125542163848877,1189.6609286222256
2026-09-29T10:07:49,3681,6.462898885044214e-06,0.18196795880794525,1189.695024089292
2026-09-29T10:08:16,3682,6.459054209919262e-06,0.18777190148830414,1189.7152248174011
2026-09-29T10:08:49,3683,6.45520953479431e-06,0.2506929039955139,1189.7165710012293
2026-09-29T10:09:10,3684,6.451364859669359e-06,0.17436034977436066,1189.7593474874861
2026-09-29T10:09:33,3685,6.447520184544407e-06,0.19331707060337067,1189.7787876675995
2026-09-29T10:11:09,3686,6.443675509419455e-06,0.2710517346858978,1189.5551012596482
2026-09-29T10:11:35,3687,6.439830834294503e-06,0.24179482460021973,1189.5762771744344
2026-09-29T10:12:01,3688,6.435986159169551e-06,0.25410932302474976,1189.589795259295
2026-09-29T10:12:27,3689,6.432141484044599e-06,0.23588919639587402,1189.5955115314136
2026-09-29T10:12:48,3690,6.428296808919648e-06,0.2445995956659317,1189.6359759588124
2026-09-29T10:13:17,3691,6.424452133794696e-06,0.1928703933954239,1189.6423244601851
2026-09-29T10:13:50,3692,6.420607458669743e-06,0.2158895581960678,1189.6468166017266
2026-09-29T10:14:02,3693,6.416762783544791e-06,0.21630766987800598,1189.675408601353
2026-09-29T10:14:42,3694,6.412918108419839e-06,0.1743883490562439,1189.6239705280148
2026-09-29T10:15:31,3695,6.409073433294887e-06,0.26223739981651306,1189.5405777825017
2026-09-29T10:15:55,3696,6.405228758169935e-06,0.20249691605567932,1189.5602507960184
2026-09-29T10:16:29,3697,6.401384083044984e-06,0.1940135955810547,1189.5707670237045
2026-09-29T10:16:49,3698,6.397539407920032e-06,0.21587523818016052,1189.6034865986674
2026-09-29T10:17:08,3699,6.39369473279508e-06,0.21850353479385376,1189.6430314413028
2026-09-29T10:17:49,3700,6.389850057670128e-06,0.2590215802192688,1189.6302226349121
2026-09-29T10:18:12,3701,6.386005382545175e-06,0.1975548416376114,1189.661688459998
2026-09-29T10:18:43,3702,6.382160707420223e-06,0.21395063400268555,1189.6707963634312
2026-09-29T10:19:41,3703,6.3783160322952716e-06,0.2849331498146057,1189.5812964955765
2026-09-29T10:20:06,3704,6.3744713571703196e-06,0.1934889256954193,1189.6155751666554
2026-09-29T10:20:21,3705,6.3706266820453676e-06,0.1761312186717987,1189.646163732892
2026-09-29T10:20:41,3706,6.3667820069204156e-06,0.21013644337654114,1189.6893027611216
2026-09-29T10:21:03,3707,6.3629373317954636e-06,0.19428882002830505,1189.7150251330606
2026-09-29T10:21:30,3708,6.3590926566705116e-06,0.19576655328273773,1189.7334155039111
2026-09-29T10:21:56,3709,6.35524798154556e-06,0.16096478700637817,1189.7539980432257
2026-09-29T10:22:27,3710,6.351403306420608e-06,0.2580440640449524,1189.757873464763
2026-09-29T10:22:35,3711,6.347558631295656e-06,0.1611005663871765,1189.7661367611845
2026-09-29T10:22:49,3712,6.3437139561707036e-06,0.20065030455589294,1189.7997422909448
2026-09-29T10:23:13,3713,6.3398692810457515e-06,0.2436305582523346,1189.8330660974805
2026-09-29T10:23:35,3714,6.3360246059207995e-06,0.21765363216400146,1189.8678897248742
2026-09-29T10:24:04,3715,6.332179930795848e-06,0.26705771684646606,1189.8748199115319
2026-09-29T10:24:18,3716,6.328335255670896e-06,0.19645452499389648,1189.9082498780383
2026-09-29T10:24:28,3717,6.324490580545944e-06,0.13810062408447266,1189.9297164740142
2026-09-29T10:25:20,3718,6.320645905420992e-06,0.29015785455703735,1189.8650203465806
2026-09-29T10:25:35,3719,6.31680123029604e-06,0.2757180333137512,1189.9071398575197
2026-09-29T10:25:55,3720,6.312956555171088e-06,0.1942940205335617,1189.9434533910658
2026-09-29T10:26:21,3721,6.309111880046137e-06,0.22356154024600983,1189.963892433414
2026-09-29T10:26:34,3722,6.305267204921185e-06,0.17952434718608856,1189.9958505986335
2026-09-29T10:27:00,3723,6.301422529796233e-06,0.22876155376434326,1190.0140786495203
2026-09-29T10:27:27,3724,6.29757785467128e-06,0.2093583643436432,1190.021582896424
2026-09-29T10:28:21,3725,6.293733179546328e-06,0.24397560954093933,1189.952167997174
2026-09-29T10:29:08,3726,6.289888504421376e-06,0.2978065609931946,1189.8973868726714
2026-09-29T10:30:02,3727,6.286043829296425e-06,0.2839054465293884,1189.792424001793
2026-09-29T10:30:50,3728,6.282199154171473e-06,0.2833622395992279,1189.7266844597104
2026-09-29T10:31:13,3729,6.278354479046521e-06,0.2628636360168457,1189.7592991424058
2026-09-29T10:31:51,3730,6.274509803921569e-06,0.16681954264640808,1189.7402056825802
2026-09-29T10:32:15,3731,6.270665128796617e-06,0.23749664425849915,1189.7710836807503
2026-09-29T10:32:28,3732,6.266820453671665e-06,0.1965307891368866,1189.8009314331434
2026-09-29T10:32:42,3733,6.262975778546714e-06,0.22834548354148865,1189.8386026846665
2026-09-29T10:33:04,3734,6.259131103421762e-06,0.20546427369117737,1189.8668112351256
2026-09-29T10:33:18,3735,6.255286428296809e-06,0.20242270827293396,1189.90758904763
2026-09-29T10:34:01,3736,6.251441753171857e-06,0.3243098855018616,1189.8736258445895
2026-09-29T10:34:25,3737,6.247597078046905e-06,0.17656010389328003,1189.8721741740562
2026-09-29T10:34:45,3738,6.243752402921953e-06,0.22234398126602173,1189.9121483894987
2026-09-29T10:35:09,3739,6.239907727797002e-06,0.22455275058746338,1189.9382228114152
2026-09-29T10:35:45,3740,6.23606305267205e-06,0.13492050766944885,1189.9119859333605
2026-09-29T10:36:02,3741,6.232218377547098e-06,0.281118243932724,1189.960168633899
2026-09-29T10:36:22,3742,6.228373702422146e-06,0.20540721714496613,1189.965101388299
2026-09-29T10:36:39,3743,6.224529027297194e-06,0.22574716806411743,1190.0055216123985
2026-09-29T10:36:49,3744,6.220684352172241e-06,0.21295280754566193,1190.0282561118077
2026-09-29T10:37:08,3745,6.216839677047291e-06,0.19723567366600037,1190.056311502201
2026-09-29T10:37:55,3746,6.212995001922338e-06,0.3470425605773926,1189.9584521266736
2026-09-29T10:38:56,3747,6.209150326797386e-06,0.25706690549850464,1189.8577192504179
2026-09-29T10:39:38,3748,6.205305651672434e-06,0.30134955048561096,1189.8120154824971
2026-09-29T10:39:54,3749,6.201460976547482e-06,0.23127034306526184,1189.8457675884104
2026-09-29T10:40:18,3750,6.19761630142253e-06,0.18194139003753662,1189.8660115439905
2026-09-29T10:40:52,3751,6.193771626297579e-06,0.36430624127388,1189.888868042228
2026-09-29T10:41:14,3752,6.189926951172627e-06,0.24260041117668152,1189.9142799014985
2026-09-29T10:41:50,3753,6.186082276047675e-06,0.28299880027770996,1189.9085985632512
2026-09-29T10:42:03,3754,6.182237600922723e-06,0.214948832988739,1189.9295401529146
2026-09-29T10:42:53,3755,6.17839292579777e-06,0.27936041355133057,1189.8645465596242
2026-09-29T10:43:41,3756,6.174548250672818e-06,0.3326318860054016,1189.8499970621137
2026-09-29T10:44:24,3757,6.170703575547867e-06,0.2557390332221985,1189.8453276405119
2026-09-29T10:44:46,3758,6.166858900422915e-06,0.14142149686813354,1189.8661349952602
2026-09-29T10:45:24,3759,6.163014225297963e-06,0.18024642765522003,1189.8240735154563
2026-09-29T10:46:34,3760,6.159169550173011e-06,0.29542234539985657,1189.7058878564935
2026-09-29T10:46:45,3761,6.155324875048059e-06,0.2480754256248474,1189.7343009314145
2026-09-29T10:47:30,3762,6.151480199923107e-06,0.2648683488368988,1189.6765183002847
2026-09-29T10:47:58,3763,6.147635524798155e-06,0.28540873527526855,1189.6906076552725
2026-09-29T10:48:19,3764,6.143790849673204e-06,0.3021380305290222,1189.7082595793747
2026-09-29T10:48:37,3765,6.139946174548252e-06,0.23695409297943115,1189.721857745016
2026-09-29T10:49:43,3766,6.136101499423299e-06,0.3396507501602173,1189.5916175766902
2026-09-29T10:50:17,3767,6.132256824298347e-06,0.3055245876312256,1189.6052106900504
2026-09-29T10:50:47,3768,6.128412149173395e-06,0.20035290718078613,1189.6070360100907
2026-09-29T10:51:11,3769,6.124567474048443e-06,0.19049571454524994,1189.6360632448977
2026-09-29T10:51:35,3770,6.120722798923492e-06,0.21095113456249237,1189.6596136081878
2026-09-29T10:51:54,3771,6.11687812379854e-06,0.2356136590242386,1189.7047823414382
2026-09-29T10:52:10,3772,6.113033448673588e-06,0.2127966731786728,1189.7373478068027
2026-09-29T10:52:24,3773,6.109188773548636e-06,0.26637253165245056,1189.7733594555289
2026-09-29T10:52:51,3774,6.105344098423684e-06,0.2547159492969513,1189.787969021822
2026-09-29T10:53:23,3775,6.101499423298732e-06,0.23798313736915588,1189.7891108415256
2026-09-29T10:53:50,3776,6.0976547481737805e-06,0.28693845868110657,1189.8131349732982
2026-09-29T10:54:04,3777,6.0938100730488285e-06,0.1867087185382843,1189.8350428991464
2026-09-29T10:54:40,3778,6.089965397923876e-06,0.2407277375459671,1189.82583760553
2026-09-29T10:55:29,3779,6.086120722798924e-06,0.27857717871665955,1189.7619098910843
2026-09-29T10:55:57,3780,6.082276047673972e-06,0.23010385036468506,1189.7831574375514
2026-09-29T10:56:37,3781,6.07843137254902e-06,0.22073569893836975,1189.7632699098351
2026-09-29T10:57:14,3782,6.0745866974240685e-06,0.18719518184661865,1189.7421381177787
2026-09-29T10:57:37,3783,6.0707420222991165e-06,0.24396565556526184,1189.776355266207
2026-09-29T10:58:30,3784,6.0668973471741645e-06,0.2530973255634308,1189.6984872913356
2026-09-29T10:58:43,3785,6.0630526720492125e-06,0.166934534907341,1189.7261764638688
2026-09-29T10:58:57,3786,6.0592079969242605e-06,0.19397374987602234,1189.7656680268328
2026-09-29T10:59:27,3787,6.055363321799308e-06,0.19085505604743958,1189.77957073775
2026-09-29T11:00:12,3788,6.051518646674357e-06,0.24985146522521973,1189.7253197547798
2026-09-29T11:00:21,3789,6.0476739715494045e-06,0.19384001195430756,1189.7405108980533
2026-09-29T11:00:46,3790,6.0438292964244525e-06,0.24772217869758606,1189.7507319265007
2026-09-29T11:01:01,3791,6.0399846212995005e-06,0.181270033121109,1189.7929572325852
2026-09-29T11:01:17,3792,6.0361399461745485e-06,0.1914539933204651,1189.8354533424017
2026-09-29T11:01:36,3793,6.0322952710495965e-06,0.24269074201583862,1189.8756156292861
2026-09-29T11:02:18,3794,6.028450595924645e-06,0.3151538670063019,1189.877343439055
2026-09-29T11:02:43,3795,6.024605920799693e-06,0.20981106162071228,1189.8963608904292
2026-09-29T11:03:13,3796,6.020761245674741e-06,0.26824772357940674,1189.8993160300454
2026-09-29T11:03:41,3797,6.016916570549789e-06,0.195501446723938,1189.9161981312493
2026-09-29T11:03:56,3798,6.0130718954248365e-06,0.25653019547462463,1189.952669325242
2026-09-29T11:04:26,3799,6.0092272202998844e-06,0.22081807255744934,1189.9817247054225
2026-09-29T11:04:42,3800,6.005382545174933e-06,0.23364868760108948,1190.0260513488718
2026-09-29T11:05:05,3801,6.001537870049981e-06,0.21151047945022583,1190.046422358581
2026-09-29T11:05:21,3802,5.997693194925029e-06,0.15762341022491455,1190.065724764774
2026-09-29T11:06:58,3803,5.993848519800077e-06,0.3665870428085327,1189.8469549396002
2026-09-29T11:07:33,3804,5.990003844675125e-06,0.27026841044425964,1189.863147716965
2026-09-29T11:08:26,3805,5.986159169550173e-06,0.2422478199005127,1189.7894911403946
2026-09-29T11:08:36,3806,5.982314494425222e-06,0.1803256720304489,1189.8129863450329
2026-09-29T11:08:51,3807,5.97846981930027e-06,0.17029038071632385,1189.8459221676926
2026-09-29T11:09:40,3808,5.974625144175318e-06,0.21107915043830872,1189.8085981284185
2026-09-29T11:10:22,3809,5.970780469050365e-06,0.25011467933654785,1189.7905372919172
2026-09-29T11:10:38,3810,5.966935793925413e-06,0.18401417136192322,1189.8185839173666
2026-09-29T11:11:40,3811,5.963091118800461e-06,0.31795164942741394,1189.7204500529172
2026-09-29T11:12:26,3812,5.95924644367551e-06,0.2398146092891693,1189.6974313125218
2026-09-29T11:13:01,3813,5.955401768550558e-06,0.2541608214378357,1189.6765529162358
2026-09-29T11:13:24,3814,5.951557093425606e-06,0.18530865013599396,1189.6912312675702
2026-09-29T11:13:35,3815,5.947712418300654e-06,0.20467045903205872,1189.7119701798547
2026-09-29T11:14:14,3816,5.943867743175702e-06,0.22232624888420105,1189.6945965084756
2026-09-29T11:15:08,3817,5.94002306805075e-06,0.21496202051639557,1189.5977453608232
2026-09-29T11:15:24,3818,5.936178392925799e-06,0.23392197489738464,1189.6190767144008
2026-09-29T11:15:59,3819,5.932333717800847e-06,0.2705558240413666,1189.598895643425
2026-09-29T11:16:15,3820,5.928489042675895e-06,0.18453609943389893,1189.6433478735376
2026-09-29T11:16:46,3821,5.924644367550942e-06,0.18425792455673218,1189.6167365862552
2026-09-29T11:18:18,3822,5.92079969242599e-06,0.22814655303955078,1189.43683611365
2026-09-29T11:18:38,3823,5.916955017301038e-06,0.270840585231781,1189.4655972413443
2026-09-29T11:19:21,3824,5.913110342176087e-06,0.34012195467948914,1189.4616306950502
2026-09-29T11:19:48,3825,5.909265667051135e-06,0.20324364304542542,1189.4573244344951
2026-09-29T11:20:08,3826,5.905420991926183e-06,0.22832606732845306,1189.4822661445487
2026-09-29T11:20:33,3827,5.901576316801231e-06,0.21277444064617157,1189.508533246087
2026-09-29T11:21:09,3828,5.897731641676279e-06,0.2731148898601532,1189.5116205600257
2026-09-29T11:21:38,3829,5.893886966551327e-06,0.25846076011657715,1189.5365976884325
2026-09-29T11:22:19,3830,5.890042291426374e-06,0.2236151099205017,1189.505014468819
2026-09-29T11:23:24,3831,5.886197616301424e-06,0.3308471441268921,1189.4071187503364
2026-09-29T11:24:12,3832,5.882352941176471e-06,0.22940057516098022,1189.3272026801674
2026-09-29T11:24:27,3833,5.878508266051519e-06,0.15318278968334198,1189.3506949769383
2026-09-29T11:24:54,3834,5.874663590926567e-06,0.19421562552452087,1189.3713562004243
2026-09-29T11:25:51,3835,5.870818915801615e-06,0.24209414422512054,1189.2711132995441
2026-09-29T11:26:31,3836,5.866974240676663e-06,0.2008327692747116,1189.2152920295146
2026-09-29T11:26:49,3837,5.863129565551712e-06,0.21916286647319794,1189.2615812247564
2026-09-29T11:27:11,3838,5.85928489042676e-06,0.27811485528945923,1189.2865102222183
2026-09-29T11:27:26,3839,5.855440215301808e-06,0.16620633006095886,1189.3241906466064
2026-09-29T11:27:55,3840,5.851595540176856e-06,0.15588834881782532,1189.3085733480834
2026-09-29T11:28:04,3841,5.847750865051903e-06,0.15839119255542755,1189.3279217133017
2026-09-29T11:28:17,3842,5.843906189926951e-06,0.18945492804050446,1189.3616317920946
2026-09-29T11:28:42,3843,5.840061514802e-06,0.22532334923744202,1189.3700267395523
2026-09-29T11:29:28,3844,5.836216839677048e-06,0.24292823672294617,1189.2907926892785
2026-09-29T11:30:06,3845,5.832372164552096e-06,0.24058860540390015,1189.2877719446399
2026-09-29T11:30:58,3846,5.828527489427144e-06,0.24000540375709534,1189.2135241196556
2026-09-29T11:31:19,3847,5.824682814302192e-06,0.22951972484588623,1189.2493343772019
2026-09-29T11:31:41,3848,5.82083813917724e-06,0.1995970904827118,1189.2753711840048
2026-09-29T11:32:04,3849,5.816993464052289e-06,0.2942672073841095,1189.3015479487206
2026-09-29T11:32:37,3850,5.8131487889273366e-06,0.29105108976364136,1189.3109559895283
2026-09-29T11:32:53,3851,5.8093041138023846e-06,0.22239762544631958,1189.340387238761
2026-09-29T11:33:57,3852,5.805459438677432e-06,0.34643101692199707,1189.2461689544562
2026-09-29T11:34:12,3853,5.80161476355248e-06,0.3184760808944702,1189.285462571523
2026-09-29T11:34:46,3854,5.797770088427528e-06,0.2647630274295807,1189.2983295769825
2026-09-29T11:35:16,3855,5.7939254133025766e-06,0.26538732647895813,1189.2873349316644
2026-09-29T11:35:34,3856,5.7900807381776246e-06,0.18672768771648407,1189.3202900694987
2026-09-29T11:36:06,3857,5.7862360630526726e-06,0.24904318153858185,1189.340002309894
2026-09-29T11:37:26,3858,5.7823913879277206e-06,0.3615635633468628,1189.1540827858162
2026-09-29T11:37:46,3859,5.7785467128027686e-06,0.24246558547019958,1189.1734587176759
2026-09-29T11:38:12,3860,5.7747020376778166e-06,0.24627012014389038,1189.1996913649843
2026-09-29T11:38:54,3861,5.770857362552865e-06,0.24999243021011353,1189.1798556452186
2026-09-29T11:39:25,3862,5.767012687427913e-06,0.21277537941932678,1189.1696846092652
2026-09-29T11:39:46,3863,5.7631680123029605e-06,0.22990357875823975,1189.2046483590095
2026-09-29T11:40:06,3864,5.7593233371780085e-06,0.24158379435539246,1189.2332708879921
2026-09-29T11:41:18,3865,5.7554786620530565e-06,0.3077637553215027,1189.103417449682
2026-09-29T11:41:34,3866,5.7516339869281045e-06,0.1992814838886261,1189.1430461671905
2026-09-29T11:42:04,3867,5.747789311803153e-06,0.19323503971099854,1189.141838108242
2026-09-29T11:42:17,3868,5.743944636678201e-06,0.17806565761566162,1189.1743357900132
2026-09-29T11:42:49,3869,5.740099961553249e-06,0.24707314372062683,1189.1752305880034
2026-09-29T11:43:41,3870,5.736255286428297e-06,0.23729701340198517,1189.1054040249116
2026-09-29T11:44:16,3871,5.732410611303345e-06,0.24890214204788208,1189.114024415567
2026-09-29T11:44:36,3872,5.728565936178393e-06,0.23142044246196747,1189.141926728347
2026-09-29T11:44:58,3873,5.724721261053442e-06,0.23671993613243103,1189.1811139135439
2026-09-29T11:45:12,3874,5.72087658592849e-06,0.1834309995174408,1189.2043098442223
2026-09-29T11:45:27,3875,5.717031910803537e-06,0.29266947507858276,1189.244656513154
2026-09-29T11:45:38,3876,5.713187235678585e-06,0.23016463220119476,1189.2708424690654
2026-09-29T11:46:03,3877,5.709342560553633e-06,0.2013774961233139,1189.2966112057413
2026-09-29T11:46:22,3878,5.705497885428681e-06,0.20896631479263306,1189.3247681663086
2026-09-29T11:46:43,3879,5.70165321030373e-06,0.22140565514564514,1189.3541312862378
2026-09-29T11:47:21,3880,5.697808535178778e-06,0.26105889678001404,1189.3469026448029
2026-09-29T11:47:48,3881,5.693963860053826e-06,0.21166983246803284,1189.3573358256922
2026-09-29T11:48:34,3882,5.690119184928874e-06,0.28139686584472656,1189.2792716775878
2026-09-29T11:48:53,3883,5.686274509803922e-06,0.2289445996284485,1189.317145436269
2026-09-29T11:49:19,3884,5.682429834678969e-06,0.2496732473373413,1189.3470578077354
2026-09-29T11:49:41,3885,5.678585159554019e-06,0.19489999115467072,1189.3717190223063
2026-09-29T11:49:52,3886,5.674740484429066e-06,0.22911882400512695,1189.4018725830413
2026-09-29T11:50:25,3887,5.670895809304114e-06,0.21488183736801147,1189.402124695921
2026-09-29T11:51:12,3888,5.667051134179162e-06,0.1982765793800354,1189.3355004671796
2026-09-29T11:52:04,3889,5.66320645905421e-06,0.23095734417438507,1189.2686833298187
2026-09-29T11:52:15,3890,5.659361783929258e-06,0.17445866763591766,1189.2923907833376
2026-09-29T11:52:27,3891,5.655517108804307e-06,0.14635498821735382,1189.3247708555416
2026-09-29T11:53:05,3892,5.651672433679355e-06,0.29549962282180786,1189.3066092331917
2026-09-29T11:53:20,3893,5.647827758554403e-06,0.2923780083656311,1189.3420434412387
2026-09-29T11:53:43,3894,5.643983083429451e-06,0.1796448975801468,1189.3814984435323
2026-09-29T11:54:31,3895,5.640138408304498e-06,0.2426040917634964,1189.3331786812018
2026-09-29T11:54:59,3896,5.636293733179546e-06,0.2069099247455597,1189.3509358694962
2026-09-29T11:55:36,3897,5.632449058054594e-06,0.2813643217086792,1189.3582415635365
2026-09-29T11:56:08,3898,5.628604382929643e-06,0.2954704165458679,1189.368227736459
2026-09-29T11:56:23,3899,5.624759707804691e-06,0.1372806429862976,1189.399148123773
2026-09-29T11:56:45,3900,5.620915032679739e-06,0.18037427961826324,1189.4252892567713
2026-09-29T11:57:35,3901,5.617070357554787e-06,0.24122291803359985,1189.406456785032
2026-09-29T11:58:06,3902,5.613225682429835e-06,0.2636561393737793,1189.4307868241463
2026-09-29T11:58:23,3903,5.609381007304883e-06,0.24242228269577026,1189.457364011533
2026-09-29T11:58:40,3904,5.605536332179932e-06,0.1902284026145935,1189.4784443902097
2026-09-29T11:59:33,3905,5.60169165705498e-06,0.31428712606430054,1189.3739775458425
2026-09-29T11:59:51,3906,5.597846981930027e-06,0.17991523444652557,1189.4034849807824
2026-09-29T12:00:58,3907,5.594002306805075e-06,0.27816760540008545,1189.2563709387425
2026-09-29T12:01:10,3908,5.590157631680123e-06,0.18811407685279846,1189.2847077790866
2026-09-29T12:01:42,3909,5.586312956555171e-06,0.2829650640487671,1189.3076766502306
2026-09-29T12:02:06,3910,5.58246828143022e-06,0.18389585614204407,1189.345431777943
2026-09-29T12:02:34,3911,5.578623606305268e-06,0.2555781602859497,1189.3650064968022
2026-09-29T12:03:16,3912,5.574778931180316e-06,0.2267085611820221,1189.3180587450877
2026-09-29T12:03:44,3913,5.570934256055364e-06,0.18344207108020782,1189.3435005475146
2026-09-29T12:04:37,3914,5.567089580930412e-06,0.22850078344345093,1189.2602059401859
2026-09-29T12:04:53,3915,5.563244905805459e-06,0.18336431682109833,1189.2866611556965
2026-09-29T12:05:11,3916,5.559400230680509e-06,0.2701271176338196,1189.3344995767147
2026-09-29T12:05:27,3917,5.555555555555557e-06,0.20435500144958496,1189.3700928735225
2026-09-29T12:05:43,3918,5.551710880430604e-06,0.2805364727973938,1189.3989186168064
2026-09-29T12:06:18,3919,5.547866205305652e-06,0.1853097677230835,1189.4094504130476
2026-09-29T12:06:42,3920,5.5440215301807e-06,0.26575982570648193,1189.4314788261854
2026-09-29T12:07:26,3921,5.540176855055748e-06,0.2454046756029129,1189.4094340900158
2026-09-29T12:07:39,3922,5.536332179930797e-06,0.1832447052001953,1189.4394921344503
2026-09-29T12:07:50,3923,5.532487504805845e-06,0.15661749243736267,1189.4653035788212
2026-09-29T12:08:04,3924,5.528642829680893e-06,0.24413082003593445,1189.508257703806
2026-09-29T12:08:52,3925,5.524798154555941e-06,0.23659199476242065,1189.44021411727
2026-09-29T12:09:53,3926,5.520953479430989e-06,0.26271146535873413,1189.3423515192899
2026-09-29T12:10:15,3927,5.517108804306036e-06,0.20171575248241425,1189.3757713693421
2026-09-29T12:10:34,3928,5.5132641291810855e-06,0.21898721158504486,1189.3918219307898
2026-09-29T12:10:59,3929,5.509419454056133e-06,0.21787355840206146,1189.4171004036662
2026-09-29T12:11:33,3930,5.505574778931181e-06,0.24666552245616913,1189.425384441809
2026-09-29T12:12:10,3931,5.501730103806229e-06,0.23871785402297974,1189.4236284487085
2026-09-29T12:13:07,3932,5.497885428681277e-06,0.3147324025630951,1189.3428077254416
2026-09-29T12:13:33,3933,5.494040753556325e-06,0.23314805328845978,1189.36074121994
2026-09-29T12:13:45,3934,5.4901960784313735e-06,0.11920200288295746,1189.390565344904
2026-09-29T12:14:03,3935,5.4863514033064215e-06,0.24929916858673096,1189.4135973648797
2026-09-29T12:15:10,3936,5.4825067281814695e-06,0.29894670844078064,1189.2840099639864
2026-09-29T12:16:05,3937,5.4786620530565175e-06,0.20244506001472473,1189.2172427500043
2026-09-29T12:16:28,3938,5.474817377931565e-06,0.24308723211288452,1189.2454530936584
2026-09-29T12:16:42,3939,5.470972702806613e-06,0.15859153866767883,1189.2762128590418
2026-09-29T12:16:53,3940,5.4671280276816615e-06,0.20816200971603394,1189.300759588597
2026-09-29T12:17:18,3941,5.4632833525567095e-06,0.22783823311328888,1189.3223610170667
2026-09-29T12:17:43,3942,5.4594386774317575e-06,0.22416119277477264,1189.3424562953019
2026-09-29T12:18:00,3943,5.4555940023068055e-06,0.2045990526676178,1189.3682743862228
2026-09-29T12:18:17,3944,5.4517493271818535e-06,0.18822824954986572,1189.3986231792194
2026-09-29T12:19:01,3945,5.4479046520569015e-06,0.2697780132293701,1189.332159937198
2026-09-29T12:19:16,3946,5.44405997693195e-06,0.2510053515434265,1189.3578122376464
2026-09-29T12:19:29,3947,5.440215301806998e-06,0.16934208571910858,1189.3799310461814
2026-09-29T12:19:57,3948,5.436370626682046e-06,0.17613103985786438,1189.3788673292408
2026-09-29T12:20:11,3949,5.4325259515570934e-06,0.2212604135274887,1189.412761202343
2026-09-29T12:21:13,3950,5.4286812764321414e-06,0.26481759548187256,1189.327900714975
2026-09-29T12:21:25,3951,5.4248366013071894e-06,0.16124555468559265,1189.3562349649
2026-09-29T12:21:42,3952,5.420991926182238e-06,0.20196163654327393,1189.38758582167
2026-09-29T12:22:07,3953,5.417147251057286e-06,0.2116224318742752,1189.426437596538
2026-09-29T12:22:57,3954,5.413302575932334e-06,0.271413654088974,1189.3633123834293
2026-09-29T12:23:37,3955,5.409457900807382e-06,0.2997531294822693,1189.356314411897
2026-09-29T12:24:40,3956,5.40561322568243e-06,0.1851036250591278,1189.2628712926887
2026-09-29T12:25:12,3957,5.401768550557478e-06,0.23449666798114777,1189.2393334241783
2026-09-29T12:25:33,3958,5.397923875432527e-06,0.2048373818397522,1189.2781907001122
2026-09-29T12:26:34,3959,5.394079200307575e-06,0.282606840133667,1189.2011109480848
2026-09-29T12:26:53,3960,5.390234525182622e-06,0.26729437708854675,1189.2404357511723
2026-09-29T12:27:16,3961,5.38638985005767e-06,0.2130400538444519,1189.2594801097957
2026-09-29T12:27:49,3962,5.382545174932718e-06,0.2249983251094818,1189.270882240865
2026-09-29T12:28:11,3963,5.378700499807766e-06,0.2591899037361145,1189.3009377835233
2026-09-29T12:29:00,3964,5.374855824682814e-06,0.24599283933639526,1189.2506033968066
2026-09-29T12:29:19,3965,5.371011149557863e-06,0.22239063680171967,1189.2828770109054
2026-09-29T12:29:35,3966,5.367166474432911e-06,0.23742075264453888,1189.3112697337335
2026-09-29T12:29:47,3967,5.363321799307959e-06,0.19311586022377014,1189.3404362234746
2026-09-29T12:30:04,3968,5.359477124183007e-06,0.2272290587425232,1189.3540144378708
2026-09-29T12:30:21,3969,5.355632449058055e-06,0.22738169133663177,1189.3837129492244
2026-09-29T12:30:47,3970,5.351787773933102e-06,0.21935653686523438,1189.407906460973
2026-09-29T12:32:03,3971,5.347943098808152e-06,0.2931281626224518,1189.2567936279008
2026-09-29T12:32:24,3972,5.344098423683199e-06,0.24233566224575043,1189.2931939983325
2026-09-29T12:32:48,3973,5.340253748558247e-06,0.2260555475950241,1189.3125299481612
2026-09-29T12:33:15,3974,5.336409073433295e-06,0.20776276290416718,1189.3406645254208
2026-09-29T12:33:31,3975,5.332564398308343e-06,0.1964656263589859,1189.3524439834546
2026-09-29T12:34:16,3976,5.328719723183391e-06,0.2740209400653839,1189.299789699522
2026-09-29T12:34:48,3977,5.32487504805844e-06,0.219659686088562,1189.3034514758153
2026-09-29T12:35:06,3978,5.321030372933488e-06,0.19316881895065308,1189.3342472347767
2026-09-29T12:36:27,3979,5.317185697808536e-06,0.22510969638824463,1189.1643172824404
2026-09-29T12:36:49,3980,5.313341022683584e-06,0.21688461303710938,1189.1943939171547
2026-09-29T12:37:15,3981,5.309496347558631e-06,0.2571929097175598,1189.1991728115975
2026-09-29T12:37:26,3982,5.305651672433679e-06,0.15454833209514618,1189.2200859222241
2026-09-29T12:37:36,3983,5.301806997308728e-06,0.18391597270965576,1189.2406562292563
2026-09-29T12:38:16,3984,5.297962322183776e-06,0.19246183335781097,1189.2040580940882
2026-09-29T12:39:01,3985,5.294117647058824e-06,0.20663398504257202,1189.1241750941488
2026-09-29T12:39:25,3986,5.290272971933872e-06,0.25348520278930664,1189.16073490028
2026-09-29T12:39:50,3987,5.28642829680892e-06,0.2810571789741516,1189.178086272178
2026-09-29T12:40:04,3988,5.282583621683968e-06,0.3766660690307617,1189.2120131077993
2026-09-29T12:40:22,3989,5.278738946559017e-06,0.2422458529472351,1189.250441141811
2026-09-29T12:40:38,3990,5.274894271434065e-06,0.16829049587249756,1189.2920498857416
2026-09-29T12:41:06,3991,5.271049596309113e-06,0.26262205839157104,1189.2992531599868
2026-09-29T12:41:20,3992,5.26720492118416e-06,0.22148865461349487,1189.3353493286477
2026-09-29T12:41:52,3993,5.263360246059208e-06,0.24511168897151947,1189.3407758533513
2026-09-29T12:42:10,3994,5.259515570934256e-06,0.2331933081150055,1189.3685946710218
2026-09-29T12:42:24,3995,5.255670895809305e-06,0.22652271389961243,1189.400490721038
2026-09-29T12:42:45,3996,5.251826220684353e-06,0.2078336775302887,1189.431453259937
2026-09-29T12:43:26,3997,5.247981545559401e-06,0.2413616180419922,1189.385282785083
2026-09-29T12:44:15,3998,5.244136870434449e-06,0.17341038584709167,1189.330961155382
2026-09-29T12:44:47,3999,5.240292195309497e-06,0.2124573290348053,1189.3378530358123
2026-09-29T12:45:04,4000,5.236447520184545e-06,0.20792442560195923,1189.3798205837013
2026-09-29T12:45:30,4001,5.2326028450595936e-06,0.23973333835601807,1189.3967178049313
2026-09-29T12:46:10,4002,5.2287581699346416e-06,0.274189829826355,1189.3955437175048
2026-09-29T12:46:50,4003,5.224913494809689e-06,0.2685597538948059,1189.3965010511774
2026-09-29T12:47:10,4004,5.221068819684737e-06,0.19269873201847076,1189.4110535262885
2026-09-29T12:47:50,4005,5.217224144559785e-06,0.27919667959213257,1189.3880391156083
2026-09-29T12:48:19,4006,5.213379469434833e-06,0.2766239643096924,1189.4185974873283
2026-09-29T12:48:57,4007,5.2095347943098816e-06,0.26364773511886597,1189.3944265526284
2026-09-29T12:49:24,4008,5.2056901191849296e-06,0.23612052202224731,1189.4302532185654
2026-09-29T12:49:54,4009,5.2018454440599776e-06,0.2237006425857544,1189.4330508980986
2026-09-29T12:50:05,4010,5.1980007689350256e-06,0.19235941767692566,1189.4605747294936
2026-09-29T12:50:29,4011,5.1941560938100736e-06,0.27754655480384827,1189.480229301763
2026-09-29T12:50:57,4012,5.190311418685121e-06,0.22266194224357605,1189.501104610262
2026-09-29T12:51:10,4013,5.18646674356017e-06,0.16444167494773865,1189.5297450097237
2026-09-29T12:51:33,4014,5.182622068435218e-06,0.23883339762687683,1189.5700401124805
2026-09-29T12:51:55,4015,5.1787773933102655e-06,0.17613063752651215,1189.598111462674
2026-09-29T12:52:08,4016,5.1749327181853135e-06,0.17580261826515198,1189.619670326756
2026-09-29T12:52:29,4017,5.1710880430603615e-06,0.2172127664089203,1189.643975566226
2026-09-29T12:52:44,4018,5.1672433679354095e-06,0.20535601675510406,1189.6821943206119
2026-09-29T12:53:44,4019,5.163398692810458e-06,0.29584047198295593,1189.5924749132628
2026-09-29T12:54:06,4020,5.159554017685506e-06,0.1998324692249298,1189.6081376900247
2026-09-29T12:54:24,4021,5.155709342560554e-06,0.19565469026565552,1189.6396220575339
2026-09-29T12:54:39,4022,5.151864667435602e-06,0.22811245918273926,1189.6765618964394
2026-09-29T12:55:34,4023,5.14801999231065e-06,0.2831500470638275,1189.6506550883378
2026-09-29T12:56:46,4024,5.1441753171856975e-06,0.2556239366531372,1189.511047240418
2026-09-29T12:57:33,4025,5.140330642060747e-06,0.2323453724384308,1189.4444756902021
2026-09-29T12:58:05,4026,5.136485966935794e-06,0.23932607471942902,1189.4277270955024
2026-09-29T12:58:34,4027,5.132641291810842e-06,0.17509204149246216,1189.441349259175
2026-09-29T12:58:59,4028,5.12879661668589e-06,0.19279876351356506,1189.457119621972
2026-09-29T12:59:51,4029,5.124951941560938e-06,0.23885150253772736,1189.391282229278
2026-09-29T13:00:08,4030,5.121107266435986e-06,0.20599335432052612,1189.4228051529847
2026-09-29T13:00:28,4031,5.117262591311034e-06,0.2089831680059433,1189.4460241955371
2026-09-29T13:00:44,4032,5.113417916186083e-06,0.19713512063026428,1189.4755965972531
2026-09-29T13:01:25,4033,5.109573241061131e-06,0.24258840084075928,1189.4739804749076
2026-09-29T13:01:35,4034,5.105728565936179e-06,0.18368375301361084,1189.495810897808
2026-09-29T13:01:51,4035,5.101883890811226e-06,0.2293577343225479,1189.5242208516079
2026-09-29T13:02:07,4036,5.098039215686274e-06,0.2512897551059723,1189.5525075140076
2026-09-29T13:02:26,4037,5.094194540561322e-06,0.20791466534137726,1189.5889296304622
2026-09-29T13:02:37,4038,5.090349865436371e-06,0.18660959601402283,1189.6132591170826
2026-09-29T13:02:51,4039,5.086505190311419e-06,0.23393003642559052,1189.6463448051525
2026-09-29T13:03:15,4040,5.082660515186467e-06,0.22999414801597595,1189.6761230951934
2026-09-29T13:04:11,4041,5.078815840061515e-06,0.15993912518024445,1189.6089954565984
2026-09-29T13:04:34,4042,5.074971164936563e-06,0.22106540203094482,1189.6323723773237
2026-09-29T13:04:52,4043,5.071126489811611e-06,0.2456083595752716,1189.6669734080103
2026-09-29T13:05:22,4044,5.06728181468666e-06,0.19303719699382782,1189.6783616911598
2026-09-29T13:05:35,4045,5.063437139561708e-06,0.1645224541425705,1189.7112169481481
2026-09-29T13:05:49,4046,5.059592464436755e-06,0.15798857808113098,1189.744884507489
2026-09-29T13:06:56,4047,5.055747789311803e-06,0.2910347282886505,1189.6539548046596
2026-09-29T13:07:48,4048,5.051903114186851e-06,0.3396318852901459,1189.6323975499618
2026-09-29T13:08:12,4049,5.048058439061899e-06,0.21962974965572357,1189.6558491491217
2026-09-29T13:08:31,4050,5.044213763936948e-06,0.24684658646583557,1189.678681605468
2026-09-29T13:09:03,4051,5.040369088811996e-06,0.22189851105213165,1189.688019759181
2026-09-29T13:09:38,4052,5.036524413687044e-06,0.2459091693162918,1189.6882202160255
2026-09-29T13:10:00,4053,5.032679738562092e-06,0.2252000868320465,1189.723188375663
2026-09-29T13:10:22,4054,5.02883506343714e-06,0.19293847680091858,1189.7437728967866
2026-09-29T13:10:35,4055,5.024990388312187e-06,0.27911844849586487,1189.7751246312744
2026-09-29T13:12:19,4056,5.021145713187237e-06,0.36458224058151245,1189.5837197828089
2026-09-29T13:13:07,4057,5.017301038062284e-06,0.22083021700382233,1189.5073752947228
2026-09-29T13:13:25,4058,5.013456362937332e-06,0.2095170021057129,1189.5226295160544
2026-09-29T13:13:45,4059,5.00961168781238e-06,0.25296449661254883,1189.5582204320647
2026-09-29T13:13:57,4060,5.005767012687428e-06,0.19943591952323914,1189.5833701513932
2026-09-29T13:14:28,4061,5.001922337562476e-06,0.27281177043914795,1189.592389289995
2026-09-29T13:15:19,4062,4.998077662437524e-06,0.22934377193450928,1189.5207753676166
2026-09-29T13:15:43,4063,4.994232987312572e-06,0.23530994355678558,1189.5523417568818
2026-09-29T13:16:18,4064,4.990388312187621e-06,0.23777374625205994,1189.550900092092
2026-09-29T13:16:38,4065,4.986543637062669e-06,0.1779046505689621,1189.5808947669198
2026-09-29T13:17:12,4066,4.982698961937717e-06,0.2318079173564911,1189.586510844468
2026-09-29T13:17:39,4067,4.978854286812765e-06,0.253152072429657,1189.6053233680307
2026-09-29T13:18:14,4068,4.975009611687813e-06,0.18578895926475525,1189.598777013508
2026-09-29T13:18:52,4069,4.971164936562861e-06,0.2671775817871094,1189.5919382143225
2026-09-29T13:19:08,4070,4.967320261437909e-06,0.2181212157011032,1189.6282228929676
2026-09-29T13:19:24,4071,4.963475586312957e-06,0.2045019418001175,1189.6535783736103
2026-09-29T13:19:43,4072,4.959630911188005e-06,0.23917825520038605,1189.6863142726818
2026-09-29T13:20:17,4073,4.955786236063053e-06,0.2848531901836395,1189.6967900304774
2026-09-29T13:20:43,4074,4.951941560938101e-06,0.2624891400337219,1189.721480263348
2026-09-29T13:21:35,4075,4.948096885813149e-06,0.3281283378601074,1189.6343528502384
2026-09-29T13:21:50,4076,4.944252210688198e-06,0.16504144668579102,1189.6530713723344
2026-09-29T13:22:06,4077,4.940407535563246e-06,0.31199902296066284,1189.6860137745311
2026-09-29T13:22:18,4078,4.936562860438293e-06,0.19153419137001038,1189.712531077987
2026-09-29T13:22:38,4079,4.932718185313342e-06,0.18919464945793152,1189.7347237106253
2026-09-29T13:22:51,4080,4.92887351018839e-06,0.20960000157356262,1189.7675021249179
2026-09-29T13:23:55,4081,4.925028835063438e-06,0.2589227557182312,1189.6921006207485
2026-09-29T13:24:33,4082,4.921184159938486e-06,0.1889868676662445,1189.6389299720893
2026-09-29T13:25:26,4083,4.917339484813534e-06,0.2327556610107422,1189.573936133922
2026-09-29T13:26:02,4084,4.913494809688582e-06,0.27915120124816895,1189.5817706370772
2026-09-29T13:26:45,4085,4.90965013456363e-06,0.29950952529907227,1189.5629842402318
2026-09-29T13:27:17,4086,4.905805459438678e-06,0.2030806988477707,1189.529890431784
2026-09-29T13:27:50,4087,4.901960784313726e-06,0.32184484601020813,1189.5548269170872
2026-09-29T13:29:01,4088,4.8981161091887745e-06,0.20030812919139862,1189.4254552328932
2026-09-29T13:29:36,4089,4.894271434063822e-06,0.20976203680038452,1189.404890562183
2026-09-29T13:30:03,4090,4.89042675893887e-06,0.21883271634578705,1189.4218272251196
2026-09-29T13:30:34,4091,4.8865820838139185e-06,0.2689942717552185,1189.4308297271998
2026-09-29T13:30:49,4092,4.8827374086889665e-06,0.21753820776939392,1189.4697890700866
2026-09-29T13:31:27,4093,4.8788927335640145e-06,0.2295428365468979,1189.4342413715976
2026-09-29T13:31:51,4094,4.8750480584390625e-06,0.24704650044441223,1189.4582540716815
2026-09-29T13:32:23,4095,4.8712033833141105e-06,0.2599126100540161,1189.4635991137968
2026-09-29T13:33:10,4096,4.8673587081891585e-06,0.26549986004829407,1189.44174015444
2026-09-29T13:33:44,4097,4.8635140330642065e-06,0.22860747575759888,1189.45309549025
2026-09-29T13:34:27,4098,4.8596693579392544e-06,0.23470892012119293,1189.4425474148768
2026-09-29T13:34:39,4099,4.8558246828143024e-06,0.20098000764846802,1189.4727752876765
2026-09-29T13:34:57,4100,4.8519800076893504e-06,0.23380936682224274,1189.5036783869018
2026-09-29T13:35:51,4101,4.8481353325643984e-06,0.22277310490608215,1189.439634287029
2026-09-29T13:37:26,4102,4.8442906574394464e-06,0.33065515756607056,1189.253624949725
2026-09-29T13:37:46,4103,4.840445982314495e-06,0.16078783571720123,1189.2686742505714
2026-09-29T13:37:58,4104,4.836601307189543e-06,0.20827576518058777,1189.2937691223954
2026-09-29T13:38:58,4105,4.8327566320645904e-06,0.25689423084259033,1189.2507471130139
2026-09-29T13:39:15,4106,4.828911956939639e-06,0.22094902396202087,1189.274590827585
2026-09-29T13:39:44,4107,4.825067281814687e-06,0.15729349851608276,1189.279765865266
2026-09-29T13:40:00,4108,4.821222606689735e-06,0.19672976434230804,1189.3102026666825
2026-09-29T13:40:44,4109,4.817377931564783e-06,0.23310008645057678,1189.2931663563138
2026-09-29T13:41:03,4110,4.813533256439831e-06,0.19266045093536377,1189.3166815271686
2026-09-29T13:41:28,4111,4.809688581314879e-06,0.18465721607208252,1189.3321147548745
2026-09-29T13:41:49,4112,4.805843906189927e-06,0.18585380911827087,1189.3657520105526
2026-09-29T13:42:11,4113,4.801999231064975e-06,0.17365050315856934,1189.3870619156955
2026-09-29T13:42:29,4114,4.798154555940023e-06,0.15354390442371368,1189.4132069067966
2026-09-29T13:43:30,4115,4.794309880815072e-06,0.3703405559062958,1189.3200772860355
2026-09-29T13:44:07,4116,4.790465205690119e-06,0.22131729125976562,1189.3235591878865
2026-09-29T13:46:08,4117,4.786620530565167e-06,0.2594500482082367,1189.0557598358598
2026-09-29T13:46:24,4118,4.782775855440216e-06,0.1756741851568222,1189.096445712928
2026-09-29T13:47:34,4119,4.778931180315264e-06,0.2379351109266281,1188.9928745769087
2026-09-29T13:47:47,4120,4.775086505190312e-06,0.2005750834941864,1189.0235301928324
2026-09-29T13:48:03,4121,4.77124183006536e-06,0.2024047076702118,1189.0433513190894
2026-09-29T13:48:55,4122,4.767397154940408e-06,0.23204630613327026,1188.967862444816
2026-09-29T13:49:13,4123,4.763552479815456e-06,0.22456789016723633,1189.0030333456127
2026-09-29T13:49:33,4124,4.759707804690504e-06,0.24887661635875702,1189.0306715957747
2026-09-29T13:49:55,4125,4.755863129565552e-06,0.30826371908187866,1189.0558486340024
2026-09-29T13:50:18,4126,4.7520184544406e-06,0.18298476934432983,1189.084933534582
2026-09-29T13:50:48,4127,4.748173779315648e-06,0.2549046576023102,1189.102518305985
2026-09-29T13:51:03,4128,4.744329104190696e-06,0.1940998136997223,1189.1281430944439
2026-09-29T13:51:33,4129,4.740484429065744e-06,0.1966852843761444,1189.1242965888064
2026-09-29T13:52:05,4130,4.736639753940792e-06,0.23301756381988525,1189.1113786261606
2026-09-29T13:52:21,4131,4.732795078815841e-06,0.19511930644512177,1189.1529730422108
2026-09-29T13:52:34,4132,4.728950403690888e-06,0.1915687769651413,1189.1855241899916
2026-09-29T13:53:23,4133,4.725105728565936e-06,0.2420414686203003,1189.1201387567617
2026-09-29T13:53:53,4134,4.721261053440985e-06,0.2131352424621582,1189.1341784197168
2026-09-29T13:54:07,4135,4.717416378316033e-06,0.2717043161392212,1189.1723121427974
2026-09-29T13:54:30,4136,4.71357170319108e-06,0.2525915503501892,1189.2011530084028
2026-09-29T13:54:54,4137,4.709727028066129e-06,0.2297532707452774,1189.20352599214
2026-09-29T13:55:21,4138,4.705882352941177e-06,0.2387496829032898,1189.222691919819
2026-09-29T13:55:51,4139,4.702037677816225e-06,0.2207416296005249,1189.2304245046266
2026-09-29T13:56:21,4140,4.698193002691273e-06,0.25716209411621094,1189.2224492974535
2026-09-29T13:56:35,4141,4.694348327566321e-06,0.17363671958446503,1189.2582588297123
2026-09-29T13:57:05,4142,4.690503652441369e-06,0.281870573759079,1189.2512491707719
2026-09-29T13:57:48,4143,4.686658977316417e-06,0.2569519877433777,1189.2072377052543
2026-09-29T13:58:00,4144,4.682814302191465e-06,0.22335222363471985,1189.2352386755103
2026-09-29T13:58:38,4145,4.678969627066513e-06,0.24732917547225952,1189.2127276067538
2026-09-29T13:58:57,4146,4.675124951941562e-06,0.19832225143909454,1189.230109579694
2026-09-29T13:59:21,4147,4.67128027681661e-06,0.20167478919029236,1189.2491529556594
2026-09-29T13:59:51,4148,4.667435601691657e-06,0.2672719955444336,1189.263508134857
2026-09-29T14:00:32,4149,4.663590926566706e-06,0.3100670576095581,1189.2411271718427
2026-09-29T14:00:52,4150,4.659746251441754e-06,0.2512238323688507,1189.269534651975
2026-09-29T14:01:24,4151,4.655901576316802e-06,0.2428194284439087,1189.2701232246739
2026-09-29T14:01:40,4152,4.65205690119185e-06,0.20405130088329315,1189.3026362891562
2026-09-29T14:02:14,4153,4.648212226066898e-06,0.31604281067848206,1189.2799590111242
2026-09-29T14:02:39,4154,4.644367550941946e-06,0.2426871359348297,1189.3066144693207
2026-09-29T14:02:53,4155,4.640522875816994e-06,0.1413276195526123,1189.3355842023966
2026-09-29T14:03:56,4156,4.636678200692042e-06,0.29539650678634644,1189.2534996722081
2026-09-29T14:04:08,4157,4.63283352556709e-06,0.17841719090938568,1189.2777802819442
2026-09-29T14:04:18,4158,4.6289888504421386e-06,0.1520329862833023,1189.2968207796644
2026-09-29T14:04:48,4159,4.625144175317186e-06,0.2447650134563446,1189.2987657008455
2026-09-29T14:05:51,4160,4.621299500192234e-06,0.28340432047843933,1189.2135976649713
2026-09-29T14:06:11,4161,4.6174548250672826e-06,0.21479395031929016,1189.2424206915766
2026-09-29T14:07:21,4162,4.6136101499423305e-06,0.2392897605895996,1189.1326477167802
2026-09-29T14:07:41,4163,4.6097654748173785e-06,0.21110665798187256,1189.1655094357388
2026-09-29T14:08:27,4164,4.6059207996924265e-06,0.29762980341911316,1189.1149205596541
2026-09-29T14:08:44,4165,4.6020761245674745e-06,0.2246631532907486,1189.1375705682522
2026-09-29T14:09:12,4166,4.5982314494425225e-06,0.26012730598449707,1189.1691748573696
2026-09-29T14:09:25,4167,4.5943867743175705e-06,0.1837928295135498,1189.2024298130782
2026-09-29T14:09:37,4168,4.5905420991926185e-06,0.18245787918567657,1189.2295686477346
2026-09-29T14:10:25,4169,4.5866974240676665e-06,0.2520590126514435,1189.1616535780538
2026-09-29T14:11:01,4170,4.5828527489427145e-06,0.25716930627822876,1189.1588229144459
2026-09-29T14:11:25,4171,4.5790080738177625e-06,0.3016483187675476,1189.1838839753864
2026-09-29T14:11:37,4172,4.5751633986928105e-06,0.1865949034690857,1189.2084460589206
2026-09-29T14:12:16,4173,4.571318723567859e-06,0.22739939391613007,1189.1716803192212
2026-09-29T14:12:36,4174,4.567474048442907e-06,0.22993957996368408,1189.1844720034555
2026-09-29T14:12:57,4175,4.5636293733179545e-06,0.21949785947799683,1189.216026215281
2026-09-29T14:13:40,4176,4.559784698193003e-06,0.28185316920280457,1189.204504602098
2026-09-29T14:14:10,4177,4.555940023068051e-06,0.21781501173973083,1189.211145813571
2026-09-29T14:14:53,4178,4.552095347943099e-06,0.19919151067733765,1189.1331903601713
2026-09-29T14:15:52,4179,4.548250672818147e-06,0.2342655062675476,1189.0425173241833
2026-09-29T14:16:19,4180,4.544405997693195e-06,0.2758448123931885,1189.0758398652863
2026-09-29T14:16:43,4181,4.540561322568243e-06,0.25444871187210083,1189.1127563216273
2026-09-29T14:17:26,4182,4.536716647443291e-06,0.26822203397750854,1189.0672134835138
2026-09-29T14:17:42,4183,4.532871972318339e-06,0.17907088994979858,1189.0917183999952
2026-09-29T14:18:12,4184,4.529027297193387e-06,0.22088831663131714,1189.078892333372
2026-09-29T14:18:36,4185,4.525182622068436e-06,0.23533308506011963,1189.1042522969615
2026-09-29T14:19:09,4186,4.521337946943483e-06,0.2488446980714798,1189.123038099157
2026-09-29T14:19:55,4187,4.517493271818531e-06,0.20820331573486328,1189.0507169610576
2026-09-29T14:20:05,4188,4.51364859669358e-06,0.22287669777870178,1189.0683614880452
2026-09-29T14:20:22,4189,4.509803921568628e-06,0.2766246199607849,1189.0888037737266
2026-09-29T14:20:53,4190,4.505959246443676e-06,0.20175400376319885,1189.0967120487733
2026-09-29T14:21:20,4191,4.502114571318724e-06,0.23358243703842163,1189.1025323964682
2026-09-29T14:21:52,4192,4.498269896193772e-06,0.187046617269516,1189.1278382968555
2026-09-29T14:22:28,4193,4.49442522106882e-06,0.18752527236938477,1189.077601988747
2026-09-29T14:22:41,4194,4.490580545943868e-06,0.18650254607200623,1189.1078944130657
2026-09-29T14:23:10,4195,4.486735870818916e-06,0.24102967977523804,1189.1168830328422
2026-09-29T14:23:25,4196,4.482891195693964e-06,0.18032890558242798,1189.1334250253683
2026-09-29T14:24:45,4197,4.479046520569012e-06,0.3753792941570282,1188.9590614011329
2026-09-29T14:25:46,4198,4.47520184544406e-06,0.25657328963279724,1188.8577161344929
2026-09-29T14:26:04,4199,4.471357170319108e-06,0.20549117028713226,1188.8982209979458
2026-09-29T14:26:28,4200,4.467512495194156e-06,0.3078364133834839,1188.9181153052355
2026-09-29T14:26:52,4201,4.463667820069205e-06,0.2630271911621094,1188.9407340125772
2026-09-29T14:27:31,4202,4.459823144944252e-06,0.2248944342136383,1188.946295646593
2026-09-29T14:27:52,4203,4.4559784698193e-06,0.1798125058412552,1188.9869071738667
2026-09-29T14:28:50,4204,4.452133794694349e-06,0.3423607647418976,1188.9282209706435
2026-09-29T14:29:11,4205,4.448289119569397e-06,0.22316180169582367,1188.9512681279616
2026-09-29T14:29:32,4206,4.444444444444444e-06,0.21022692322731018,1188.9666858155222
2026-09-29T14:29:45,4207,4.440599769319493e-06,0.22163261473178864,1188.9941902303087
2026-09-29T14:30:28,4208,4.436755094194541e-06,0.17489483952522278,1188.9871233177216
2026-09-29T14:31:23,4209,4.432910419069589e-06,0.3445833623409271,1188.929524152319
2026-09-29T14:31:43,4210,4.429065743944637e-06,0.2034800946712494,1188.9398337214313
2026-09-29T14:32:01,4211,4.425221068819685e-06,0.22742697596549988,1188.9678062517844
2026-09-29T14:32:14,4212,4.421376393694733e-06,0.209359809756279,1188.992802671144
2026-09-29T14:33:02,4213,4.417531718569781e-06,0.1824205219745636,1188.9236452654955
2026-09-29T14:33:32,4214,4.413687043444829e-06,0.24823705852031708,1188.9162833781234
2026-09-29T14:34:18,4215,4.409842368319877e-06,0.30240488052368164,1188.8913486527897
2026-09-29T14:34:44,4216,4.405997693194926e-06,0.24647925794124603,1188.913070293582
2026-09-29T14:35:02,4217,4.402153018069974e-06,0.1961940973997116,1188.9456227450808
2026-09-29T14:35:54,4218,4.398308342945021e-06,0.17068658769130707,1188.8855919266011
2026-09-29T14:36:10,4219,4.39446366782007e-06,0.22922523319721222,1188.9236391824943
2026-09-29T14:37:14,4220,4.390618992695118e-06,0.2504628002643585,1188.8236860251552
2026-09-29T14:37:27,4221,4.386774317570166e-06,0.19001489877700806,1188.8537700423244
2026-09-29T14:37:47,4222,4.382929642445214e-06,0.20222322642803192,1188.874209553314
2026-09-29T14:38:23,4223,4.379084967320262e-06,0.26149067282676697,1188.8771121430796
2026-09-29T14:38:52,4224,4.37524029219531e-06,0.2341415137052536,1188.8879012645623
2026-09-29T14:39:25,4225,4.371395617070358e-06,0.25624895095825195,1188.8998103757795
2026-09-29T14:39:52,4226,4.367550941945406e-06,0.2244485467672348,1188.9091172078083
2026-09-29T14:40:48,4227,4.363706266820454e-06,0.26586246490478516,1188.8327100065858
2026-09-29T14:42:14,4228,4.359861591695503e-06,0.27473342418670654,1188.6932542435559
2026-09-29T14:42:59,4229,4.35601691657055e-06,0.27220818400382996,1188.6555162510035
2026-09-29T14:43:46,4230,4.352172241445598e-06,0.20547053217887878,1188.6072058942186
2026-09-29T14:44:08,4231,4.348327566320647e-06,0.21746429800987244,1188.6351346513106
2026-09-29T14:44:30,4232,4.344482891195695e-06,0.22041833400726318,1188.6593505727587
2026-09-29T14:45:24,4233,4.340638216070742e-06,0.2329302728176117,1188.5839803637932
2026-09-29T14:46:02,4234,4.336793540945791e-06,0.3354578912258148,1188.5666686301493
2026-09-29T14:46:58,4235,4.332948865820839e-06,0.34728655219078064,1188.5056283021
2026-09-29T14:47:22,4236,4.329104190695887e-06,0.2548525631427765,1188.5368877570893
2026-09-29T14:47:51,4237,4.325259515570935e-06,0.20642082393169403,1188.543870539028
2026-09-29T14:49:07,4238,4.321414840445983e-06,0.20354461669921875,1188.4324275108224
2026-09-29T14:49:34,4239,4.317570165321031e-06,0.34994617104530334,1188.4557200489178
2026-09-29T14:49:59,4240,4.313725490196079e-06,0.19400864839553833,1188.4748900038046
2026-09-29T14:50:32,4241,4.309880815071127e-06,0.2541293203830719,1188.4782641680165
2026-09-29T14:50:48,4242,4.306036139946175e-06,0.23030820488929749,1188.5101412664521
2026-09-29T14:51:14,4243,4.3021914648212235e-06,0.24403785169124603,1188.5354927064832
2026-09-29T14:51:52,4244,4.2983467896962715e-06,0.25875720381736755,1188.497363781927
2026-09-29T14:52:36,4245,4.294502114571319e-06,0.2598011791706085,1188.4602019139795
2026-09-29T14:53:25,4246,4.2906574394463675e-06,0.27066826820373535,1188.4025086921838
2026-09-29T14:53:39,4247,4.2868127643214155e-06,0.1826862394809723,1188.4303245720641
2026-09-29T14:54:11,4248,4.2829680891964634e-06,0.18936096131801605,1188.4141365993141
2026-09-29T14:54:33,4249,4.2791234140715114e-06,0.17749854922294617,1188.448820744247
2026-09-29T14:55:37,4250,4.2752787389465594e-06,0.2964361906051636,1188.369998375726
2026-09-29T14:55:57,4251,4.2714340638216074e-06,0.18659274280071259,1188.3910521089965
2026-09-29T14:56:17,4252,4.2675893886966554e-06,0.20827940106391907,1188.4141761538688
2026-09-29T14:57:03,4253,4.2637447135717034e-06,0.2711476683616638,1188.4118677896622
2026-09-29T14:57:55,4254,4.2599000384467514e-06,0.20078977942466736,1188.335152228819
2026-09-29T14:58:27,4255,4.2560553633218e-06,0.22740161418914795,1188.3505994881066
2026-09-29T14:58:58,4256,4.2522106881968474e-06,0.2186146378517151,1188.3563264556365
2026-09-29T14:59:16,4257,4.2483660130718954e-06,0.20489802956581116,1188.3883205359639
2026-09-29T14:59:48,4258,4.244521337946944e-06,0.20251527428627014,1188.347222955338
2026-09-29T15:00:00,4259,4.240676662821992e-06,0.21161022782325745,1188.3767253656024
2026-09-29T15:00:20,4260,4.23683198769704e-06,0.2722749710083008,1188.4023021513628
2026-09-29T15:00:39,4261,4.232987312572088e-06,0.21795746684074402,1188.4422095842785
2026-09-29T15:01:07,4262,4.229142637447136e-06,0.2558571696281433,1188.463370458672
2026-09-29T15:01:33,4263,4.225297962322184e-06,0.22609543800354004,1188.4864722009895
2026-09-29T15:02:00,4264,4.221453287197232e-06,0.25509509444236755,1188.5153294754698
2026-09-29T15:02:16,4265,4.21760861207228e-06,0.197263702750206,1188.5557576773788
2026-09-29T15:02:29,4266,4.213763936947328e-06,0.17496801912784576,1188.5834050357425
2026-09-29T15:02:58,4267,4.209919261822376e-06,0.2378653883934021,1188.5854023707916
2026-09-29T15:03:17,4268,4.206074586697424e-06,0.20637963712215424,1188.6100949205618
2026-09-29T15:03:53,4269,4.202229911572472e-06,0.31763577461242676,1188.6249165906386
2026-09-29T15:04:14,4270,4.19838523644752e-06,0.2128988802433014,1188.63883326854
2026-09-29T15:04:42,4271,4.194540561322569e-06,0.18383312225341797,1188.6424142315304
2026-09-29T15:05:11,4272,4.190695886197616e-06,0.22525076568126678,1188.663933436503
2026-09-29T15:05:33,4273,4.186851211072664e-06,0.555420994758606,1188.687888512664
2026-09-29T15:05:59,4274,4.183006535947713e-06,0.24385005235671997,1188.7110329205173
2026-09-29T15:06:25,4275,4.179161860822761e-06,0.1943502575159073,1188.7256824242208
2026-09-29T15:06:40,4276,4.175317185697808e-06,0.18280503153800964,1188.7618534568169
2026-09-29T15:07:18,4277,4.171472510572857e-06,0.19401070475578308,1188.755738071068
2026-09-29T15:08:08,4278,4.167627835447905e-06,0.24520789086818695,1188.6839390445055
2026-09-29T15:08:40,4279,4.163783160322953e-06,0.2421056032180786,1188.691782179549
2026-09-29T15:09:07,4280,4.159938485198001e-06,0.21962527930736542,1188.6959939363412
2026-09-29T15:09:43,4281,4.156093810073049e-06,0.2527259886264801,1188.672970157128
2026-09-29T15:10:19,4282,4.152249134948097e-06,0.22208915650844574,1188.6746654835697
2026-09-29T15:10:39,4283,4.148404459823145e-06,0.17827562987804413,1188.7076894503682
2026-09-29T15:11:01,4284,4.144559784698193e-06,0.1944579780101776,1188.7303334367325
2026-09-29T15:11:13,4285,4.140715109573241e-06,0.18522945046424866,1188.7571405849994
2026-09-29T15:11:26,4286,4.13687043444829e-06,0.20595332980155945,1188.7864933424748
2026-09-29T15:11:44,4287,4.133025759323338e-06,0.2079145610332489,1188.8199772054875
2026-09-29T15:12:38,4288,4.129181084198385e-06,0.2971220314502716,1188.7377942727787
2026-09-29T15:13:06,4289,4.125336409073434e-06,0.22126199305057526,1188.7363155364703
2026-09-29T15:13:17,4290,4.121491733948482e-06,0.1812322735786438,1188.7579677105489
2026-09-29T15:13:42,4291,4.11764705882353e-06,0.23156681656837463,1188.7727699751192
2026-09-29T15:14:11,4292,4.113802383698578e-06,0.22770336270332336,1188.8018777120362
2026-09-29T15:14:31,4293,4.109957708573626e-06,0.21642330288887024,1188.8400125531239
2026-09-29T15:14:56,4294,4.106113033448674e-06,0.2619613707065582,1188.8505773827692
2026-09-29T15:15:18,4295,4.102268358323722e-06,0.27475106716156006,1188.8835639334554
2026-09-29T15:15:42,4296,4.09842368319877e-06,0.23030270636081696,1188.9136922494768
2026-09-29T15:16:39,4297,4.094579008073818e-06,0.2246996909379959,1188.8099369178094
2026-09-29T15:16:52,4298,4.090734332948867e-06,0.23788106441497803,1188.839065440705
2026-09-29T15:17:13,4299,4.086889657823914e-06,0.2891879379749298,1188.867995744279
2026-09-29T15:18:01,4300,4.083044982698962e-06,0.2199658453464508,1188.813874443467
2026-09-29T15:18:32,4301,4.079200307574011e-06,0.27921420335769653,1188.8342485447902
2026-09-29T15:18:47,4302,4.075355632449059e-06,0.2094416618347168,1188.8524683158714
2026-09-29T15:19:23,4303,4.071510957324106e-06,0.25149309635162354,1188.8609634796485
2026-09-29T15:19:57,4304,4.067666282199155e-06,0.28328874707221985,1188.8506115494074
2026-09-29T15:20:32,4305,4.063821607074203e-06,0.23112377524375916,1188.859062416205
2026-09-29T15:20:44,4306,4.059976931949251e-06,0.21340544521808624,1188.891864022136
2026-09-29T15:21:07,4307,4.056132256824299e-06,0.2257246971130371,1188.90977879465
2026-09-29T15:21:30,4308,4.052287581699347e-06,0.2565813660621643,1188.9349030507406
2026-09-29T15:21:56,4309,4.048442906574395e-06,0.23328983783721924,1188.9633194107726
2026-09-29T15:22:39,4310,4.044598231449443e-06,0.27449923753738403,1188.953865944311
2026-09-29T15:23:16,4311,4.040753556324491e-06,0.35017284750938416,1188.9687118834195
2026-09-29T15:23:41,4312,4.036908881199539e-06,0.1932387351989746,1188.958834710764
2026-09-29T15:24:26,4313,4.0330642060745875e-06,0.2515539526939392,1188.893481516462
2026-09-29T15:25:16,4314,4.0292195309496355e-06,0.27625104784965515,1188.8291703149855
2026-09-29T15:25:47,4315,4.025374855824683e-06,0.22539210319519043,1188.8442920346204
2026-09-29T15:26:22,4316,4.0215301806997315e-06,0.2514972388744354,1188.833660580865
2026-09-29T15:26:47,4317,4.0176855055747795e-06,0.19398608803749084,1188.8650729859064
2026-09-29T15:27:07,4318,4.0138408304498275e-06,0.20107689499855042,1188.8905887023127
2026-09-29T15:28:04,4319,4.0099961553248755e-06,0.28409335017204285,1188.810965984488
2026-09-29T15:28:20,4320,4.0061514801999235e-06,0.20635461807250977,1188.8310153669452
2026-09-29T15:28:53,4321,4.0023068050749715e-06,0.2616041302680969,1188.833540432028
2026-09-29T15:29:24,4322,3.9984621299500195e-06,0.2287878692150116,1188.8284269415813
2026-09-29T15:30:06,4323,3.9946174548250675e-06,0.19043724238872528,1188.7735205860874
2026-09-29T15:30:43,4324,3.9907727797001155e-06,0.22533643245697021,1188.7516337230993
2026-09-29T15:31:11,4325,3.986928104575164e-06,0.2631157636642456,1188.7819878643804
2026-09-29T15:31:29,4326,3.9830834294502115e-06,0.22825512290000916,1188.8131689962943
2026-09-29T15:32:33,4327,3.9792387543252595e-06,0.3311499059200287,1188.7358850459345
2026-09-29T15:33:27,4328,3.975394079200308e-06,0.28656280040740967,1188.675280953046
2026-09-29T15:34:09,4329,3.971549404075356e-06,0.2421070784330368,1188.6593196739689
2026-09-29T15:34:23,4330,3.9677047289504035e-06,0.22048622369766235,1188.681402580841
2026-09-29T15:35:05,4331,3.9638600538254515e-06,0.2094971388578415,1188.632848323292
2026-09-29T15:35:31,4332,3.9600153787005e-06,0.2540148198604584,1188.6580974862325
2026-09-29T15:35:55,4333,3.956170703575548e-06,0.21714991331100464,1188.669901751857
2026-09-29T15:36:45,4334,3.952326028450596e-06,0.2928852438926697,1188.5973101697323
2026-09-29T15:37:04,4335,3.948481353325644e-06,0.18915550410747528,1188.6280706199293
2026-09-29T15:37:27,4336,3.944636678200692e-06,0.22814813256263733,1188.6501094864886
2026-09-29T15:38:17,4337,3.94079200307574e-06,0.267805278301239,1188.5802994619764
2026-09-29T15:38:38,4338,3.936947327950788e-06,0.1305943727493286,1188.589278109057
2026-09-29T15:38:53,4339,3.933102652825836e-06,0.2259105145931244,1188.624869372306
2026-09-29T15:39:40,4340,3.929257977700884e-06,0.22691991925239563,1188.558860432278
2026-09-29T15:40:14,4341,3.925413302575933e-06,0.22987279295921326,1188.5604595463383
2026-09-29T15:40:45,4342,3.92156862745098e-06,0.27284398674964905,1188.5760766892874
2026-09-29T15:41:35,4343,3.917723952326028e-06,0.2651667296886444,1188.5267458393976
2026-09-29T15:42:20,4344,3.913879277201077e-06,0.42185983061790466,1188.496382214114
2026-09-29T15:42:39,4345,3.910034602076125e-06,0.18375641107559204,1188.5249684741334
2026-09-29T15:42:59,4346,3.906189926951172e-06,0.26619479060173035,1188.559794073219
2026-09-29T15:43:15,4347,3.902345251826221e-06,0.1619843691587448,1188.5857864874554
2026-09-29T15:43:43,4348,3.898500576701269e-06,0.18964937329292297,1188.58385466215
2026-09-29T15:44:21,4349,3.894655901576317e-06,0.21449626982212067,1188.5905693589268
2026-09-29T15:45:18,4350,3.890811226451365e-06,0.3494422137737274,1188.5417642033885
2026-09-29T15:46:06,4351,3.886966551326413e-06,0.2427501231431961,1188.480666536807
2026-09-29T15:46:23,4352,3.883121876201461e-06,0.21296383440494537,1188.5142782771625
2026-09-29T15:46:45,4353,3.879277201076509e-06,0.2540668845176697,1188.5436361121374
2026-09-29T15:46:57,4354,3.875432525951557e-06,0.20819155871868134,1188.5748235846188
2026-09-29T15:47:15,4355,3.871587850826605e-06,0.21558308601379395,1188.607636324735
2026-09-29T15:47:55,4356,3.867743175701654e-06,0.3247724175453186,1188.6130456846672
2026-09-29T15:48:43,4357,3.863898500576702e-06,0.2283143550157547,1188.5614054696093
2026-09-29T15:49:20,4358,3.860053825451749e-06,0.19313937425613403,1188.52762738814
2026-09-29T15:49:29,4359,3.856209150326798e-06,0.1897822767496109,1188.5418100312754
2026-09-29T15:49:54,4360,3.852364475201846e-06,0.17800697684288025,1188.542169583145
2026-09-29T15:50:14,4361,3.848519800076894e-06,0.17276130616664886,1188.5623320225895
2026-09-29T15:50:34,4362,3.844675124951942e-06,0.17163372039794922,1188.582708474222
2026-09-29T15:51:27,4363,3.84083044982699e-06,0.26747745275497437,1188.5279593581577
2026-09-29T15:51:41,4364,3.836985774702038e-06,0.14453135430812836,1188.5601477164796
2026-09-29T15:52:03,4365,3.833141099577086e-06,0.23509417474269867,1188.5924641603845
2026-09-29T15:52:28,4366,3.829296424452134e-06,0.20157231390476227,1188.6223260290074
2026-09-29T15:53:02,4367,3.825451749327182e-06,0.20994143187999725,1188.6164514369557
2026-09-29T15:53:29,4368,3.821607074202231e-06,0.24002382159233093,1188.6274985901186
2026-09-29T15:54:15,4369,3.817762399077278e-06,0.24583673477172852,1188.5817911281779
2026-09-29T15:54:41,4370,3.8139177239523264e-06,0.19552096724510193,1188.5952615327
2026-09-29T15:55:10,4371,3.810073048827375e-06,0.19841518998146057,1188.601773805152
2026-09-29T15:55:31,4372,3.8062283737024224e-06,0.26212355494499207,1188.631590778438
2026-09-29T15:55:55,4373,3.8023836985774704e-06,0.23619325459003448,1188.6626809279499
2026-09-29T15:56:10,4374,3.798539023452519e-06,0.1606118083000183,1188.6897445635414
2026-09-29T15:57:09,4375,3.794694348327567e-06,0.34195423126220703,1188.6502260959646
2026-09-29T15:57:49,4376,3.7908496732026144e-06,0.25293073058128357,1188.63081982425
2026-09-29T15:58:06,4377,3.787004998077663e-06,0.24965009093284607,1188.655955701406
2026-09-29T15:58:58,4378,3.783160322952711e-06,0.28128641843795776,1188.6262609230503
2026-09-29T15:59:48,4379,3.779315647827759e-06,0.2354423552751541,1188.5659841260967
2026-09-29T16:00:03,4380,3.7754709727028072e-06,0.1591080129146576,1188.5969042829988
2026-09-29T16:00:46,4381,3.7716262975778552e-06,0.16185283660888672,1188.572711202357
2026-09-29T16:01:18,4382,3.7677816224529028e-06,0.1930924952030182,1188.5843929694277
2026-09-29T16:01:39,4383,3.763936947327951e-06,0.2891824245452881,1188.6097280067456
2026-09-29T16:02:02,4384,3.760092272202999e-06,0.15856187045574188,1188.6193935899332
2026-09-29T16:02:52,4385,3.756247597078047e-06,0.27654796838760376,1188.5593110390605
2026-09-29T16:03:16,4386,3.7524029219530956e-06,0.2793812155723572,1188.5882239390978
2026-09-29T16:03:31,4387,3.748558246828143e-06,0.18753302097320557,1188.626315304234
2026-09-29T16:03:46,4388,3.744713571703191e-06,0.1775752156972885,1188.6509682744027
2026-09-29T16:04:11,4389,3.7408688965782396e-06,0.27392733097076416,1188.6659163544493
2026-09-29T16:04:39,4390,3.7370242214532876e-06,0.27165257930755615,1188.6797967396371
2026-09-29T16:05:07,4391,3.7331795463283356e-06,0.2376905083656311,1188.6941834049599
2026-09-29T16:05:21,4392,3.729334871203384e-06,0.17542895674705505,1188.7231155346142
2026-09-29T16:05:41,4393,3.7254901960784316e-06,0.20790036022663116,1188.7610244261546
2026-09-29T16:06:13,4394,3.7216455209534796e-06,0.239263117313385,1188.7721514997945
2026-09-29T16:06:38,4395,3.7178008458285276e-06,0.2187347412109375,1188.8011276797383
2026-09-29T16:07:10,4396,3.713956170703576e-06,0.24899336695671082,1188.8176323319944
2026-09-29T16:07:59,4397,3.710111495578624e-06,0.2317005842924118,1188.7383357403494
2026-09-29T16:08:11,4398,3.7062668204536716e-06,0.23896321654319763,1188.7697061619406
2026-09-29T16:08:49,4399,3.70242214532872e-06,0.2734338343143463,1188.7705420227437
2026-09-29T16:09:04,4400,3.698577470203768e-06,0.27982330322265625,1188.800268056735
2026-09-29T16:09:22,4401,3.694732795078816e-06,0.25581151247024536,1188.8279696881677
2026-09-29T16:10:08,4402,3.6908881199538644e-06,0.24702757596969604,1188.7725110452554
2026-09-29T16:10:21,4403,3.687043444828912e-06,0.20274317264556885,1188.8043400639917
2026-09-29T16:11:01,4404,3.68319876970396e-06,0.20314326882362366,1188.7954319205962
2026-09-29T16:11:28,4405,3.6793540945790084e-06,0.19260531663894653,1188.796852690349
2026-09-29T16:11:46,4406,3.6755094194540564e-06,0.1469661444425583,1188.8302049914626
2026-09-29T16:12:43,4407,3.6716647443291044e-06,0.21673893928527832,1188.753043689216
2026-09-29T16:13:09,4408,3.667820069204153e-06,0.2861742377281189,1188.7535019734266
2026-09-29T16:13:27,4409,3.6639753940792004e-06,0.2448960691690445,1188.7860044974632
2026-09-29T16:13:47,4410,3.6601307189542484e-06,0.18544766306877136,1188.801622951346
2026-09-29T16:14:05,4411,3.656286043829297e-06,0.25329387187957764,1188.8274075394645
2026-09-29T16:14:35,4412,3.652441368704345e-06,0.25118106603622437,1188.846925940997
2026-09-29T16:15:04,4413,3.6485966935793924e-06,0.2545030415058136,1188.8783161371152
2026-09-29T16:15:25,4414,3.644752018454441e-06,0.21109065413475037,1188.909783708451
2026-09-29T16:16:04,4415,3.640907343329489e-06,0.22950948774814606,1188.907289491639
2026-09-29T16:16:23,4416,3.637062668204537e-06,0.2353968769311905,1188.9407401058895
2026-09-29T16:16:42,4417,3.6332179930795853e-06,0.23150840401649475,1188.955404020463
2026-09-29T16:17:19,4418,3.6293733179546333e-06,0.1694440245628357,1188.9214030778487
2026-09-29T16:17:28,4419,3.625528642829681e-06,0.1683960109949112,1188.9375505942112
2026-09-29T16:17:50,4420,3.6216839677047292e-06,0.22896170616149902,1188.9597603621446
2026-09-29T16:18:25,4421,3.6178392925797772e-06,0.21704083681106567,1188.9676850007959
2026-09-29T16:18:45,4422,3.6139946174548252e-06,0.2609782814979553,1189.0072002487852
2026-09-29T16:19:33,4423,3.6101499423298737e-06,0.23550932109355927,1188.9403134266486
2026-09-29T16:19:52,4424,3.6063052672049217e-06,0.19804289937019348,1188.9679810585642
2026-09-29T16:20:11,4425,3.6024605920799692e-06,0.17380091547966003,1188.9864787317695
2026-09-29T16:20:58,4426,3.5986159169550177e-06,0.3058983385562897,1188.921817200627
2026-09-29T16:21:19,4427,3.5947712418300657e-06,0.23434452712535858,1188.9498994519342
2026-09-29T16:22:42,4428,3.5909265667051137e-06,0.3511504530906677,1188.777198276304
2026-09-29T16:23:04,4429,3.587081891580162e-06,0.2132500410079956,1188.8042066494518
2026-09-29T16:23:37,4430,3.5832372164552096e-06,0.28148138523101807,1188.783382143772
2026-09-29T16:24:06,4431,3.5793925413302576e-06,0.1884375512599945,1188.8091238051422
2026-09-29T16:24:42,4432,3.575547866205306e-06,0.17473888397216797,1188.8170412790855
2026-09-29T16:25:02,4433,3.571703191080354e-06,0.21940818428993225,1188.832578538437
2026-09-29T16:25:31,4434,3.567858515955402e-06,0.18490001559257507,1188.8288776548027
2026-09-29T16:26:02,4435,3.5640138408304505e-06,0.19699569046497345,1188.8246121333916
2026-09-29T16:26:34,4436,3.560169165705498e-06,0.2370380461215973,1188.823488911278
2026-09-29T16:26:47,4437,3.556324490580546e-06,0.22555643320083618,1188.854228778768
2026-09-29T16:27:38,4438,3.5524798154555945e-06,0.2784886360168457,1188.827503453733
2026-09-29T16:28:08,4439,3.5486351403306425e-06,0.2385793775320053,1188.8552081909745
2026-09-29T16:28:33,4440,3.54479046520569e-06,0.22937487065792084,1188.8748071842756
2026-09-29T16:28:48,4441,3.540945790080739e-06,0.17612864077091217,1188.909146118382
2026-09-29T16:29:01,4442,3.5371011149557865e-06,0.1952771693468094,1188.9377326503497
2026-09-29T16:30:02,4443,3.5332564398308345e-06,0.2593642771244049,1188.8827962799003
2026-09-29T16:30:14,4444,3.529411764705883e-06,0.1724463403224945,1188.909364903117
2026-09-29T16:30:44,4445,3.525567089580931e-06,0.2407350242137909,1188.916322891192
2026-09-29T16:31:05,4446,3.5217224144559785e-06,0.21430471539497375,1188.935513569949
2026-09-29T16:31:46,4447,3.517877739331027e-06,0.26345840096473694,1188.9440988555543
2026-09-29T16:32:04,4448,3.514033064206075e-06,0.2124161720275879,1188.9790598733643
2026-09-29T16:32:29,4449,3.510188389081123e-06,0.1806948482990265,1189.0028175217058
2026-09-29T16:32:51,4450,3.5063437139561713e-06,0.19561703503131866,1189.035946518952
2026-09-29T16:33:17,4451,3.5024990388312193e-06,0.2401893138885498,1189.0422769076674
2026-09-29T16:33:41,4452,3.498654363706267e-06,0.17175956070423126,1189.0712472843495
2026-09-29T16:34:30,4453,3.4948096885813153e-06,0.19825217127799988,1189.0178834976837
2026-09-29T16:34:42,4454,3.4909650134563633e-06,0.1774836927652359,1189.04289708507
2026-09-29T16:35:38,4455,3.4871203383314113e-06,0.30876362323760986,1188.9683126418
2026-09-29T16:36:30,4456,3.4832756632064597e-06,0.21098986268043518,1188.9222975368875
2026-09-29T16:36:45,4457,3.4794309880815073e-06,0.22936542332172394,1188.9422435432155
2026-09-29T16:37:02,4458,3.4755863129565553e-06,0.17550396919250488,1188.970561606896
2026-09-29T16:37:55,4459,3.4717416378316037e-06,0.23926712572574615,1188.9058171675256
2026-09-29T16:38:21,4460,3.4678969627066517e-06,0.20084726810455322,1188.9097451239302
2026-09-29T16:38:37,4461,3.4640522875816997e-06,0.2247759997844696,1188.932586410401
2026-09-29T16:39:01,4462,3.4602076124567473e-06,0.2811751365661621,1188.951709374748
2026-09-29T16:39:34,4463,3.4563629373317957e-06,0.20713341236114502,1188.9741771929541
2026-09-29T16:39:57,4464,3.4525182622068437e-06,0.23122234642505646,1189.0034290897509
2026-09-29T16:40:39,4465,3.4486735870818917e-06,0.2424365133047104,1188.9763134034204
2026-09-29T16:41:49,4466,3.44482891195694e-06,0.2410203516483307,1188.8619765715055
2026-09-29T16:42:04,4467,3.440984236831988e-06,0.15173527598381042,1188.8817634249945
2026-09-29T16:42:32,4468,3.4371395617070357e-06,0.24762164056301117,1188.8967843327603
2026-09-29T16:43:43,4469,3.433294886582084e-06,0.2719047963619232,1188.7931725086705
2026-09-29T16:43:54,4470,3.429450211457132e-06,0.16450202465057373,1188.8197261764885
2026-09-29T16:44:23,4471,3.42560553633218e-06,0.23029637336730957,1188.8235786210678
2026-09-29T16:45:01,4472,3.4217608612072285e-06,0.2965404689311981,1188.8204608868434
2026-09-29T16:46:18,4473,3.417916186082276e-06,0.2790209650993347,1188.6965071186169
2026-09-29T16:46:58,4474,3.414071510957324e-06,0.2647075653076172,1188.6784173663316
2026-09-29T16:47:54,4475,3.4102268358323725e-06,0.33519840240478516,1188.6157601748273
2026-09-29T16:48:17,4476,3.4063821607074205e-06,0.24580888450145721,1188.642226354492
2026-09-29T16:48:30,4477,3.4025374855824685e-06,0.20400631427764893,1188.6716948290148
2026-09-29T16:49:24,4478,3.398692810457517e-06,0.181695818901062,1188.5894725234098
2026-09-29T16:49:53,4479,3.3948481353325645e-06,0.19768337905406952,1188.6123689680167
2026-09-29T16:50:04,4480,3.3910034602076125e-06,0.14426466822624207,1188.6363190388993
2026-09-29T16:50:53,4481,3.387158785082661e-06,0.24400272965431213,1188.5885590606815
2026-09-29T16:51:20,4482,3.383314109957709e-06,0.2769606411457062,1188.6010981645643
2026-09-29T16:51:52,4483,3.3794694348327565e-06,0.24102869629859924,1188.6041606760677
2026-09-29T16:52:30,4484,3.375624759707805e-06,0.23476499319076538,1188.5856194323023
2026-09-29T16:52:45,4485,3.371780084582853e-06,0.17549143731594086,1188.6055651662891
2026-09-29T16:53:40,4486,3.367935409457901e-06,0.29636847972869873,1188.5590598341148
2026-09-29T16:53:50,4487,3.3640907343329493e-06,0.15219083428382874,1188.572770502017
2026-09-29T16:54:10,4488,3.3602460592079973e-06,0.2521893382072449,1188.6048168060142
2026-09-29T16:54:21,4489,3.356401384083045e-06,0.1655295193195343,1188.6265246504802
2026-09-29T16:54:35,4490,3.3525567089580933e-06,0.20192626118659973,1188.6552547532037
2026-09-29T16:55:22,4491,3.3487120338331413e-06,0.24642160534858704,1188.5980122220665
2026-09-29T16:55:59,4492,3.3448673587081893e-06,0.29119673371315,1188.5541740078386
2026-09-29T16:56:39,4493,3.3410226835832378e-06,0.21951451897621155,1188.5475172981166
2026-09-29T16:57:02,4494,3.3371780084582857e-06,0.23774947226047516,1188.5543525475741
2026-09-29T16:57:13,4495,3.3333333333333333e-06,0.16617834568023682,1188.576197747414
2026-09-29T16:58:09,4496,3.3294886582083817e-06,0.19302555918693542,1188.4969567334076
2026-09-29T16:58:25,4497,3.3256439830834297e-06,0.1975613832473755,1188.5209294255749
2026-09-29T16:58:46,4498,3.3217993079584777e-06,0.2534157633781433,1188.5571330048067
2026-09-29T16:59:16,4499,3.317954632833526e-06,0.19982051849365234,1188.5626310680282
2026-09-29T17:00:09,4500,3.3141099577085737e-06,0.24040400981903076,1188.4892171216936
2026-09-29T17:01:02,4501,3.3102652825836217e-06,0.26636749505996704,1188.4338951800603
2026-09-29T17:01:31,4502,3.30642060745867e-06,0.24132072925567627,1188.449154308193
2026-09-29T17:02:00,4503,3.302575932333718e-06,0.2864583432674408,1188.459970815282
2026-09-29T17:02:33,4504,3.298731257208766e-06,0.283171683549881,1188.4565919825816
2026-09-29T17:03:33,4505,3.2948865820838146e-06,0.3462193012237549,1188.3852161906118
2026-09-29T17:03:51,4506,3.291041906958862e-06,0.16883304715156555,1188.417777072674
2026-09-29T17:04:50,4507,3.28719723183391e-06,0.28366827964782715,1188.3310055352795
2026-09-29T17:05:14,4508,3.2833525567089586e-06,0.30151504278182983,1188.3591064631823
2026-09-29T17:05:28,4509,3.2795078815840066e-06,0.2717377841472626,1188.3888443417566
2026-09-29T17:06:07,4510,3.275663206459054e-06,0.20878413319587708,1188.3823467119287
2026-09-29T17:06:27,4511,3.2718185313341026e-06,0.16629140079021454,1188.4192599137086
2026-09-29T17:06:49,4512,3.2679738562091506e-06,0.21729522943496704,1188.4492783119033
2026-09-29T17:07:16,4513,3.2641291810841986e-06,0.17400923371315002,1188.4564887908737
2026-09-29T17:07:32,4514,3.260284505959247e-06,0.16371022164821625,1188.4849616378006
2026-09-29T17:07:49,4515,3.256439830834295e-06,0.21043944358825684,1188.5101156396684
2026-09-29T17:09:01,4516,3.2525951557093425e-06,0.3433254063129425,1188.4227542281785
2026-09-29T17:10:04,4517,3.248750480584391e-06,0.2496522068977356,1188.3637156288821
2026-09-29T17:10:18,4518,3.244905805459439e-06,0.15986254811286926,1188.394422595679
2026-09-29T17:10:48,4519,3.241061130334487e-06,0.24330496788024902,1188.419523024065
2026-09-29T17:11:06,4520,3.2372164552095354e-06,0.17124217748641968,1188.444111241188
2026-09-29T17:11:44,4521,3.2333717800845834e-06,0.28615230321884155,1188.4202669807255
2026-09-29T17:12:39,4522,3.229527104959631e-06,0.23501266539096832,1188.3841860974844
2026-09-29T17:13:01,4523,3.2256824298346794e-06,0.22444647550582886,1188.4014693215706
2026-09-29T17:13:29,4524,3.2218377547097274e-06,0.23062726855278015,1188.429978240549
2026-09-29T17:13:41,4525,3.2179930795847754e-06,0.13604989647865295,1188.4457802455759
2026-09-29T17:14:35,4526,3.214148404459824e-06,0.2739933133125305,1188.4070773037038
2026-09-29T17:14:58,4527,3.2103037293348714e-06,0.24097758531570435,1188.4439869558678
2026-09-29T17:15:17,4528,3.2064590542099194e-06,0.20268580317497253,1188.4721426970407
2026-09-29T17:16:12,4529,3.2026143790849674e-06,0.21906235814094543,1188.4395506527044
2026-09-29T17:16:49,4530,3.198769703960016e-06,0.1835174709558487,1188.449127294075
2026-09-29T17:17:11,4531,3.194925028835064e-06,0.21294711530208588,1188.4788910433144
2026-09-29T17:17:38,4532,3.1910803537101114e-06,0.24552834033966064,1188.4992324190393
2026-09-29T17:17:51,4533,3.1872356785851598e-06,0.18103119730949402,1188.5310749923997
2026-09-29T17:18:34,4534,3.1833910034602078e-06,0.21977725625038147,1188.5000226013374
2026-09-29T17:19:16,4535,3.1795463283352558e-06,0.23637047410011292,1188.4789670377454
2026-09-29T17:19:52,4536,3.175701653210304e-06,0.19840866327285767,1188.4868121685272
2026-09-29T17:20:24,4537,3.1718569780853518e-06,0.23882746696472168,1188.5007797162052
2026-09-29T17:20:54,4538,3.1680123029603998e-06,0.23598158359527588,1188.520319323363
2026-09-29T17:21:22,4539,3.164167627835448e-06,0.18045513331890106,1188.5312511924303
2026-09-29T17:21:59,4540,3.160322952710496e-06,0.27609074115753174,1188.513708375648
2026-09-29T17:22:29,4541,3.156478277585544e-06,0.23405028879642487,1188.5321274595133
2026-09-29T17:22:52,4542,3.1526336024605926e-06,0.26058229804039,1188.5502861258672
2026-09-29T17:23:20,4543,3.14878892733564e-06,0.2886268198490143,1188.5693367004599
2026-09-29T17:23:38,4544,3.144944252210688e-06,0.2386953979730606,1188.5906679000677
2026-09-29T17:23:57,4545,3.1410995770857366e-06,0.24901334941387177,1188.6225619579345
2026-09-29T17:24:23,4546,3.1372549019607846e-06,0.2923334240913391,1188.6420690401785
2026-09-29T17:25:12,4547,3.1334102268358326e-06,0.2819057106971741,1188.6058892967797
2026-09-29T17:26:26,4548,3.129565551710881e-06,0.2561556398868561,1188.4812134618069
2026-09-29T17:26:43,4549,3.1257208765859286e-06,0.19728833436965942,1188.4891006363605
2026-09-29T17:26:59,4550,3.1218762014609766e-06,0.24358926713466644,1188.5256089081934
2026-09-29T17:27:33,4551,3.118031526336025e-06,0.18132688105106354,1188.5220883389009
2026-09-29T17:28:17,4552,3.114186851211073e-06,0.24289152026176453,1188.5081136067354
2026-09-29T17:28:48,4553,3.1103421760861206e-06,0.26944223046302795,1188.5024203523378
2026-09-29T17:29:25,4554,3.106497500961169e-06,0.25469714403152466,1188.4827183700795
2026-09-29T17:30:09,4555,3.102652825836217e-06,0.27441316843032837,1188.4599515918076
2026-09-29T17:31:32,4556,3.098808150711265e-06,0.24696311354637146,1188.3193575936675
2026-09-29T17:31:55,4557,3.0949634755863134e-06,0.21342164278030396,1188.3339746786996
2026-09-29T17:32:29,4558,3.0911188004613614e-06,0.2840084433555603,1188.3425761306048
2026-09-29T17:32:46,4559,3.087274125336409e-06,0.20408830046653748,1188.3722871086961
2026-09-29T17:33:07,4560,3.0834294502114574e-06,0.14666859805583954,1188.3953276280301
2026-09-29T17:34:01,4561,3.0795847750865054e-06,0.29332438111305237,1188.3251378128537
2026-09-29T17:34:16,4562,3.0757400999615534e-06,0.23184889554977417,1188.3585401945554
2026-09-29T17:35:22,4563,3.071895424836602e-06,0.21113210916519165,1188.274896488469
2026-09-29T17:35:39,4564,3.0680507497116494e-06,0.21054884791374207,1188.2967187163392
2026-09-29T17:36:11,4565,3.0642060745866974e-06,0.2205868810415268,1188.2982365086018
2026-09-29T17:36:33,4566,3.060361399461746e-06,0.2148718535900116,1188.3177981087213
2026-09-29T17:36:57,4567,3.056516724336794e-06,0.20872007310390472,1188.3345052635125
2026-09-29T17:37:20,4568,3.052672049211842e-06,0.1869882196187973,1188.3465056780149
2026-09-29T17:37:48,4569,3.0488273740868902e-06,0.23353338241577148,1188.3763776536832
2026-09-29T17:38:04,4570,3.044982698961938e-06,0.19542822241783142,1188.4137293482559
2026-09-29T17:38:20,4571,3.041138023836986e-06,0.2310694456100464,1188.4384310038593
2026-09-29T17:38:46,4572,3.0372933487120342e-06,0.20805075764656067,1188.4484226580457
2026-09-29T17:39:54,4573,3.0334486735870822e-06,0.25615811347961426,1188.3719977034164
2026-09-29T17:40:33,4574,3.0296039984621302e-06,0.22164657711982727,1188.3754118081654
2026-09-29T17:40:54,4575,3.0257593233371787e-06,0.20309898257255554,1188.4005028686938
2026-09-29T17:41:14,4576,3.0219146482122262e-06,0.17767782509326935,1188.4200529161947
2026-09-29T17:41:28,4577,3.0180699730872742e-06,0.2354370802640915,1188.455025856357
2026-09-29T17:42:18,4578,3.0142252979623227e-06,0.27803170680999756,1188.41745966574
2026-09-29T17:42:49,4579,3.0103806228373707e-06,0.2518075704574585,1188.430366207016
2026-09-29T17:43:28,4580,3.0065359477124182e-06,0.2578124403953552,1188.417432628717
2026-09-29T17:43:44,4581,3.0026912725874666e-06,0.23375317454338074,1188.45267384479
2026-09-29T17:44:22,4582,2.9988465974625146e-06,0.28968971967697144,1188.4500617810202
2026-09-29T17:44:53,4583,2.9950019223375626e-06,0.24962034821510315,1188.466191184924
2026-09-29T17:45:10,4584,2.991157247212611e-06,0.17114010453224182,1188.4959386382209
2026-09-29T17:45:28,4585,2.987312572087659e-06,0.19532549381256104,1188.5186192249193
2026-09-29T17:45:46,4586,2.9834678969627066e-06,0.28956738114356995,1188.54677652012
2026-09-29T17:46:05,4587,2.979623221837755e-06,0.20913167297840118,1188.574350727135
2026-09-29T17:46:41,4588,2.975778546712803e-06,0.22944137454032898,1188.5625095860942
2026-09-29T17:46:58,4589,2.971933871587851e-06,0.2033591866493225,1188.5862932868258
2026-09-29T17:47:35,4590,2.9680891964628995e-06,0.16157731413841248,1188.591099305108
2026-09-29T17:48:26,4591,2.9642445213379475e-06,0.2930011749267578,1188.5134169397875
2026-09-29T17:49:18,4592,2.960399846212995e-06,0.2078268975019455,1188.4379239750785
2026-09-29T17:50:05,4593,2.9565551710880435e-06,0.31259578466415405,1188.4181237098967
2026-09-29T17:50:44,4594,2.9527104959630915e-06,0.21029111742973328,1188.4127008528424
2026-09-29T17:51:10,4595,2.9488658208381395e-06,0.2595599889755249,1188.43110867738
2026-09-29T17:51:54,4596,2.945021145713187e-06,0.19688305258750916,1188.4168953902486
2026-09-29T17:52:36,4597,2.9411764705882355e-06,0.21299412846565247,1188.3851074305303
2026-09-29T17:52:51,4598,2.9373317954632835e-06,0.20293331146240234,1188.4169949342386
2026-09-29T17:53:12,4599,2.9334871203383315e-06,0.21478217840194702,1188.4365671548499
2026-09-29T17:53:26,4600,2.92964244521338e-06,0.18600314855575562,1188.4689217042035
2026-09-29T17:54:56,4601,2.925797770088428e-06,0.39343416690826416,1188.3197454454944
2026-09-29T17:55:18,4602,2.9219530949634754e-06,0.1704718917608261,1188.3496750191957
2026-09-29T17:55:53,4603,2.918108419838524e-06,0.28650927543640137,1188.3392024027487
2026-09-29T17:56:24,4604,2.914263744713572e-06,0.27898168563842773,1188.3499743067696
2026-09-29T17:56:38,4605,2.91041906958862e-06,0.171994149684906,1188.3850519454454
2026-09-29T17:56:59,4606,2.9065743944636683e-06,0.16794303059577942,1188.3927711085125
2026-09-29T17:57:24,4607,2.902729719338716e-06,0.2169719785451889,1188.403407344995
2026-09-29T17:57:44,4608,2.898885044213764e-06,0.21195030212402344,1188.434687380505
2026-09-29T17:58:46,4609,2.8950403690888123e-06,0.29319673776626587,1188.3667754090925
2026-09-29T17:59:07,4610,2.8911956939638603e-06,0.22239139676094055,1188.3837260873972
2026-09-29T18:00:12,4611,2.8873510188389083e-06,0.31250429153442383,1188.3369227919497
2026-09-29T18:00:24,4612,2.8835063437139567e-06,0.19116824865341187,1188.3619935252777
2026-09-29T18:01:16,4613,2.8796616685890043e-06,0.20389214158058167,1188.3106974412178
2026-09-29T18:01:34,4614,2.8758169934640523e-06,0.2258540838956833,1188.3384814575265
2026-09-29T18:02:17,4615,2.8719723183391007e-06,0.22583357989788055,1188.3115794288271
2026-09-29T18:02:30,4616,2.8681276432141487e-06,0.2001238763332367,1188.3387679200396
2026-09-29T18:02:50,4617,2.8642829680891967e-06,0.13612757623195648,1188.3714757787175
2026-09-29T18:03:13,4618,2.860438292964245e-06,0.2576950192451477,1188.3873603563015
2026-09-29T18:04:02,4619,2.8565936178392927e-06,0.2207542359828949,1188.3632864668336
2026-09-29T18:04:44,4620,2.8527489427143407e-06,0.2978772222995758,1188.3682198540168
2026-09-29T18:05:34,4621,2.848904267589389e-06,0.2536163926124573,1188.3055402168293
2026-09-29T18:05:54,4622,2.845059592464437e-06,0.2404046654701233,1188.3364952689456
2026-09-29T18:06:06,4623,2.8412149173394847e-06,0.23900797963142395,1188.361421292281
2026-09-29T18:06:29,4624,2.837370242214533e-06,0.2567368745803833,1188.3904374444246
2026-09-29T18:06:47,4625,2.833525567089581e-06,0.22430011630058289,1188.4103955773799
2026-09-29T18:07:32,4626,2.829680891964629e-06,0.27783775329589844,1188.3751579195643
2026-09-29T18:07:53,4627,2.8258362168396775e-06,0.2842029631137848,1188.4074633444918
2026-09-29T18:08:13,4628,2.8219915417147255e-06,0.2120077908039093,1188.429726422663
2026-09-29T18:08:34,4629,2.818146866589773e-06,0.24551719427108765,1188.4319975821836
2026-09-29T18:09:00,4630,2.8143021914648215e-06,0.29390624165534973,1188.449604065408
2026-09-29T18:09:25,4631,2.8104575163398695e-06,0.31195366382598877,1188.474002151029
2026-09-29T18:09:42,4632,2.8066128412149175e-06,0.21952475607395172,1188.4920800553705
2026-09-29T18:10:13,4633,2.802768166089966e-06,0.3180333375930786,1188.5128672134588
2026-09-29T18:10:41,4634,2.7989234909650135e-06,0.2292538583278656,1188.5367841734233
2026-09-29T18:10:53,4635,2.7950788158400615e-06,0.1653173267841339,1188.5634958718165
2026-09-29T18:11:09,4636,2.79123414071511e-06,0.32036063075065613,1188.595232877493
2026-09-29T18:11:25,4637,2.787389465590158e-06,0.2528058886528015,1188.6319308266366
2026-09-29T18:11:55,4638,2.783544790465206e-06,0.2509033977985382,1188.6513118331582
2026-09-29T18:12:34,4639,2.7797001153402543e-06,0.18104654550552368,1188.629133224423
2026-09-29T18:13:19,4640,2.775855440215302e-06,0.23076453804969788,1188.5833569725762
2026-09-29T18:14:06,4641,2.77201076509035e-06,0.16131243109703064,1188.522799504197
2026-09-29T18:15:07,4642,2.7681660899653983e-06,0.22060619294643402,1188.471190768317
2026-09-29T18:15:24,4643,2.7643214148404463e-06,0.2380814552307129,1188.4943614437504
2026-09-29T18:15:50,4644,2.7604767397154943e-06,0.22199812531471252,1188.5133956431848
2026-09-29T18:16:03,4645,2.7566320645905427e-06,0.17793160676956177,1188.5419996296896
2026-09-29T18:16:23,4646,2.7527873894655903e-06,0.25424158573150635,1188.5658554943388
2026-09-29T18:16:42,4647,2.7489427143406383e-06,0.323021799325943,1188.5957051401485
2026-09-29T18:17:39,4648,2.7450980392156867e-06,0.3269866108894348,1188.5246379971659
2026-09-29T18:18:57,4649,2.7412533640907347e-06,0.3993957042694092,1188.4290269075718
2026-09-29T18:19:15,4650,2.7374086889657823e-06,0.2486836314201355,1188.457464841604
2026-09-29T18:20:06,4651,2.7335640138408307e-06,0.2392696887254715,1188.4119037755954
2026-09-29T18:20:26,4652,2.7297193387158787e-06,0.21388599276542664,1188.436285400021
2026-09-29T18:21:20,4653,2.7258746635909267e-06,0.2461925446987152,1188.3791594791942
2026-09-29T18:21:42,4654,2.722029988465975e-06,0.2964373528957367,1188.4085563218969
2026-09-29T18:22:14,4655,2.718185313341023e-06,0.2424466907978058,1188.40260956385
2026-09-29T18:22:58,4656,2.7143406382160707e-06,0.3023179769515991,1188.4029754828312
2026-09-29T18:23:16,4657,2.710495963091119e-06,0.19195911288261414,1188.4162938285367
2026-09-29T18:24:00,4658,2.706651287966167e-06,0.31204554438591003,1188.4181005676094
2026-09-29T18:24:35,4659,2.702806612841215e-06,0.24216493964195251,1188.4364093225731
2026-09-29T18:24:55,4660,2.6989619377162636e-06,0.25251179933547974,1188.4611848476356
2026-09-29T18:25:38,4661,2.695117262591311e-06,0.2937309741973877,1188.4518118926046
2026-09-29T18:26:16,4662,2.691272587466359e-06,0.30991387367248535,1188.458200571038
2026-09-29T18:26:35,4663,2.687427912341407e-06,0.20428693294525146,1188.494482000454
2026-09-29T18:26:52,4664,2.6835832372164556e-06,0.21416491270065308,1188.5143647015188
2026-09-29T18:27:29,4665,2.6797385620915036e-06,0.2946326434612274,1188.5183228896954
2026-09-29T18:27:48,4666,2.675893886966551e-06,0.24780967831611633,1188.5488829113701
2026-09-29T18:28:12,4667,2.6720492118415995e-06,0.2853420376777649,1188.573939109716
2026-09-29T18:29:00,4668,2.6682045367166475e-06,0.27839353680610657,1188.5124441914768
2026-09-29T18:29:58,4669,2.6643598615916955e-06,0.24861544370651245,1188.4294279762232
2026-09-29T18:30:16,4670,2.660515186466744e-06,0.21130719780921936,1188.4563612415998
2026-09-29T18:30:37,4671,2.656670511341792e-06,0.2377779334783554,1188.4774647893826
2026-09-29T18:31:27,4672,2.6528258362168395e-06,0.21318849921226501,1188.4052530986662
2026-09-29T18:32:10,4673,2.648981161091888e-06,0.23236410319805145,1188.3690052546212
2026-09-29T18:32:31,4674,2.645136485966936e-06,0.21777740120887756,1188.390163598843
2026-09-29T18:33:09,4675,2.641291810841984e-06,0.2586367726325989,1188.3721347032001
2026-09-29T18:33:28,4676,2.6374471357170324e-06,0.2085418552160263,1188.4080263437772
2026-09-29T18:33:47,4677,2.63360246059208e-06,0.2228599637746811,1188.4315732606763
2026-09-29T18:34:02,4678,2.629757785467128e-06,0.1924399733543396,1188.4548058375094
2026-09-29T18:34:13,4679,2.6259131103421764e-06,0.18167875707149506,1188.4743967636578
2026-09-29T18:35:02,4680,2.6220684352172244e-06,0.28142237663269043,1188.4073902747473
2026-09-29T18:35:15,4681,2.6182237600922724e-06,0.18936657905578613,1188.4317666022987
2026-09-29T18:36:18,4682,2.6143790849673208e-06,0.31109991669654846,1188.3689679689112
2026-09-29T18:36:33,4683,2.6105344098423684e-06,0.17309720814228058,1188.4008119980313
2026-09-29T18:36:48,4684,2.6066897347174164e-06,0.22868695855140686,1188.435241101236
2026-09-29T18:37:17,4685,2.6028450595924648e-06,0.29876211285591125,1188.4523393048062
2026-09-29T18:37:31,4686,2.5990003844675128e-06,0.1816944181919098,1188.477845858213
2026-09-29T18:38:11,4687,2.5951557093425604e-06,0.24936284124851227,1188.4506391774773
2026-09-29T18:38:25,4688,2.591311034217609e-06,0.3051518499851227,1188.48013440488
2026-09-29T18:38:57,4689,2.5874663590926568e-06,0.2679315209388733,1188.4948428250723
2026-09-29T18:39:41,4690,2.5836216839677048e-06,0.2039671689271927,1188.4861170663587
2026-09-29T18:40:05,4691,2.579777008842753e-06,0.25179314613342285,1188.511757683089
2026-09-29T18:40:19,4692,2.575932333717801e-06,0.18655884265899658,1188.5417374518058
2026-09-29T18:40:34,4693,2.5720876585928488e-06,0.18184760212898254,1188.565084338308
2026-09-29T18:41:05,4694,2.568242983467897e-06,0.2813118100166321,1188.5822942474913
2026-09-29T18:41:51,4695,2.564398308342945e-06,0.20820285379886627,1188.5408979120762
2026-09-29T18:42:03,4696,2.560553633217993e-06,0.21888889372348785,1188.5632562298363
2026-09-29T18:42:27,4697,2.5567089580930416e-06,0.21179598569869995,1188.5816261118339
2026-09-29T18:42:41,4698,2.5528642829680896e-06,0.16242316365242004,1188.6087808431655
2026-09-29T18:43:12,4699,2.549019607843137e-06,0.28677842020988464,1188.6075154468933
2026-09-29T18:43:30,4700,2.5451749327181856e-06,0.17891748249530792,1188.6402119746335
2026-09-29T18:43:53,4701,2.5413302575932336e-06,0.22636675834655762,1188.675782670976
2026-09-29T18:44:32,4702,2.5374855824682816e-06,0.24516010284423828,1188.6740202964997
2026-09-29T18:45:06,4703,2.53364090734333e-06,0.27485203742980957,1188.69376553953
2026-09-29T18:45:24,4704,2.5297962322183776e-06,0.20748841762542725,1188.7191595743434
2026-09-29T18:45:54,4705,2.5259515570934256e-06,0.26343774795532227,1188.714021858704
2026-09-29T18:46:28,4706,2.522106881968474e-06,0.20535476505756378,1188.7129176287458
2026-09-29T18:46:41,4707,2.518262206843522e-06,0.16864468157291412,1188.7412973825392
2026-09-29T18:47:08,4708,2.51441753171857e-06,0.2040826976299286,1188.725319998667
2026-09-29T18:47:34,4709,2.5105728565936184e-06,0.1750379353761673,1188.73487047915
2026-09-29T18:48:00,4710,2.506728181468666e-06,0.2959495484828949,1188.751258602485
2026-09-29T18:48:41,4711,2.502883506343714e-06,0.2847226858139038,1188.755353442474
2026-09-29T18:48:53,4712,2.499038831218762e-06,0.1855766773223877,1188.781398774412
2026-09-29T18:49:48,4713,2.4951941560938104e-06,0.16150572896003723,1188.7136548544945
2026-09-29T18:50:58,4714,2.4913494809688584e-06,0.3412640392780304,1188.6405373458363
2026-09-29T18:51:20,4715,2.4875048058439064e-06,0.2037094086408615,1188.6563928478122
2026-09-29T18:52:01,4716,2.4836601307189544e-06,0.1599627584218979,1188.6337947707893
2026-09-29T18:52:24,4717,2.4798154555940024e-06,0.2033892273902893,1188.6576359399473
2026-09-29T18:53:04,4718,2.4759707804690504e-06,0.3619346022605896,1188.6579341914269
2026-09-29T18:53:20,4719,2.472126105344099e-06,0.16229745745658875,1188.6928560889664
2026-09-29T18:53:33,4720,2.4682814302191464e-06,0.2550114691257477,1188.7162273447686
2026-09-29T18:54:20,4721,2.464436755094195e-06,0.25280988216400146,1188.6620974963337
2026-09-29T18:54:45,4722,2.460592079969243e-06,0.19140008091926575,1188.6814226677704
2026-09-29T18:54:59,4723,2.456747404844291e-06,0.22563953697681427,1188.7141188778858
2026-09-29T18:55:11,4724,2.452902729719339e-06,0.25605538487434387,1188.7350881383447
2026-09-29T18:56:02,4725,2.4490580545943872e-06,0.29528456926345825,1188.6739250008031
2026-09-29T18:56:24,4726,2.445213379469435e-06,0.23984065651893616,1188.7033533041754
2026-09-29T18:56:49,4727,2.4413687043444832e-06,0.211543008685112,1188.7247691449443
2026-09-29T18:57:16,4728,2.4375240292195312e-06,0.29725760221481323,1188.742162908158
2026-09-29T18:57:34,4729,2.4336793540945792e-06,0.21276888251304626,1188.778628329321
2026-09-29T18:58:15,4730,2.4298346789696272e-06,0.27875322103500366,1188.78125508158
2026-09-29T18:58:43,4731,2.4259900038446752e-06,0.26109427213668823,1188.8071040654834
2026-09-29T18:59:10,4732,2.4221453287197232e-06,0.24819371104240417,1188.8178599857026
2026-09-29T18:59:26,4733,2.4183006535947716e-06,0.20619167387485504,1188.8379341234563
2026-09-29T18:59:54,4734,2.4144559784698196e-06,0.25215277075767517,1188.8565116033749
2026-09-29T19:00:24,4735,2.4106113033448676e-06,0.21460944414138794,1188.8567140115388
2026-09-29T19:01:00,4736,2.4067666282199156e-06,0.2759411633014679,1188.8547645508816
2026-09-29T19:01:27,4737,2.4029219530949636e-06,0.1975211203098297,1188.8635662475922
2026-09-29T19:01:53,4738,2.3990772779700116e-06,0.2171955555677414,1188.8716161849727
2026-09-29T19:02:05,4739,2.3952326028450596e-06,0.16105923056602478,1188.8977890573792
2026-09-29T19:02:30,4740,2.391387927720108e-06,0.23553325235843658,1188.9251995336447
2026-09-29T19:02:49,4741,2.387543252595156e-06,0.17517048120498657,1188.9506829261968
2026-09-29T19:03:02,4742,2.383698577470204e-06,0.1551864594221115,1188.9765271238834
2026-09-29T19:03:22,4743,2.379853902345252e-06,0.25072020292282104,1188.99677248044
2026-09-29T19:03:36,4744,2.3760092272203e-06,0.19136933982372284,1189.0245758327085
2026-09-29T19:03:56,4745,2.372164552095348e-06,0.23582126200199127,1189.0460792361382
2026-09-29T19:04:26,4746,2.368319876970396e-06,0.18910004198551178,1189.0543410494947
2026-09-29T19:05:03,4747,2.364475201845444e-06,0.23493458330631256,1189.044688372106
2026-09-29T19:05:23,4748,2.3606305267204925e-06,0.18828415870666504,1189.0646363898618
2026-09-29T19:06:02,4749,2.35678585159554e-06,0.27424493432044983,1189.0514810945465
2026-09-29T19:06:17,4750,2.3529411764705885e-06,0.20911845564842224,1189.0852982516092
2026-09-29T19:07:27,4751,2.3490965013456365e-06,0.25633740425109863,1189.0155448272928
2026-09-29T19:07:58,4752,2.3452518262206844e-06,0.2042265236377716,1189.014050314116
2026-09-29T19:08:18,4753,2.3414071510957324e-06,0.26934757828712463,1189.0397255486491
2026-09-29T19:08:38,4754,2.337562475970781e-06,0.16674810647964478,1189.0470997100022
2026-09-29T19:08:51,4755,2.3337178008458284e-06,0.21909022331237793,1189.0714093174809
2026-09-29T19:09:14,4756,2.329873125720877e-06,0.1870487928390503,1189.0886794169805
2026-09-29T19:09:26,4757,2.326028450595925e-06,0.18822771310806274,1189.114526862681
2026-09-29T19:09:38,4758,2.322183775470973e-06,0.23606500029563904,1189.139974180763
2026-09-29T19:09:58,4759,2.318339100346021e-06,0.20367495715618134,1189.163213519208
2026-09-29T19:10:46,4760,2.3144944252210693e-06,0.29066967964172363,1189.1555737995
2026-09-29T19:11:00,4761,2.310649750096117e-06,0.2519579231739044,1189.1834459926768
2026-09-29T19:11:11,4762,2.3068050749711653e-06,0.3374815881252289,1189.2050295792474
2026-09-29T19:12:05,4763,2.3029603998462133e-06,0.31919223070144653,1189.1489770249998
2026-09-29T19:13:05,4764,2.2991157247212613e-06,0.21014435589313507,1189.0737965594535
2026-09-29T19:13:48,4765,2.2952710495963093e-06,0.20180849730968475,1189.0449269604428
2026-09-29T19:14:17,4766,2.2914263744713573e-06,0.22081558406352997,1189.0516418794068
2026-09-29T19:14:33,4767,2.2875816993464053e-06,0.1768130362033844,1189.0637692669661
2026-09-29T19:14:52,4768,2.2837370242214537e-06,0.19525019824504852,1189.1008100840177
2026-09-29T19:15:08,4769,2.2798923490965017e-06,0.20752882957458496,1189.1277703743565
2026-09-29T19:15:23,4770,2.2760476739715497e-06,0.20014598965644836,1189.1635406740743
2026-09-29T19:16:15,4771,2.2722029988465977e-06,0.4532995820045471,1189.1115927339183
2026-09-29T19:16:33,4772,2.2683583237216457e-06,0.20505349338054657,1189.1285404082312
2026-09-29T19:16:54,4773,2.2645136485966937e-06,0.17585884034633636,1189.1615286865103
2026-09-29T19:17:05,4774,2.2606689734717417e-06,0.18833759427070618,1189.180233806015
2026-09-29T19:17:28,4775,2.25682429834679e-06,0.28945720195770264,1189.2116200300372
2026-09-29T19:17:46,4776,2.252979623221838e-06,0.25358688831329346,1189.2385332965591
2026-09-29T19:18:09,4777,2.249134948096886e-06,0.19221362471580505,1189.2690972926823
2026-09-29T19:18:44,4778,2.245290272971934e-06,0.2995826005935669,1189.2863352719626
2026-09-29T19:19:02,4779,2.241445597846982e-06,0.17025625705718994,1189.3110592016262
2026-09-29T19:19:15,4780,2.23760092272203e-06,0.28282293677330017,1189.3395625495382
2026-09-29T19:20:03,4781,2.233756247597078e-06,0.2554050087928772,1189.274521593196
2026-09-29T19:20:14,4782,2.229911572472126e-06,0.19559025764465332,1189.2972496524421
2026-09-29T19:20:26,4783,2.2260668973471745e-06,0.17206358909606934,1189.325112685012
2026-09-29T19:20:57,4784,2.222222222222222e-06,0.22762320935726166,1189.3347611550275
2026-09-29T19:21:23,4785,2.2183775470972705e-06,0.22217358648777008,1189.356812900889
2026-09-29T19:22:03,4786,2.2145328719723185e-06,0.30176258087158203,1189.3209813482545
2026-09-29T19:22:37,4787,2.2106881968473665e-06,0.20732760429382324,1189.3301175505349
2026-09-29T19:22:54,4788,2.2068435217224145e-06,0.14524449408054352,1189.355849527742
2026-09-29T19:23:19,4789,2.202998846597463e-06,0.2848321497440338,1189.3905511466814
2026-09-29T19:24:34,4790,2.1991541714725105e-06,0.2644715905189514,1189.299352038107
2026-09-29T19:24:47,4791,2.195309496347559e-06,0.18043473362922668,1189.3249639490182
2026-09-29T19:25:44,4792,2.191464821222607e-06,0.32640212774276733,1189.2858400265914
2026-09-29T19:26:19,4793,2.187620146097655e-06,0.2085486203432083,1189.287903878895
2026-09-29T19:26:39,4794,2.183775470972703e-06,0.2061304748058319,1189.3068119964635
2026-09-29T19:27:03,4795,2.1799307958477513e-06,0.2078193575143814,1189.3096253376098
2026-09-29T19:27:19,4796,2.176086120722799e-06,0.14486949145793915,1189.3451333688142
2026-09-29T19:27:58,4797,2.1722414455978473e-06,0.2483603060245514,1189.3451954872933
2026-09-29T19:28:39,4798,2.1683967704728953e-06,0.23016035556793213,1189.3342329179504
2026-09-29T19:28:59,4799,2.1645520953479433e-06,0.2570461630821228,1189.3573448490324
2026-09-29T19:29:16,4800,2.1607074202229913e-06,0.2444511204957962,1189.3849786126043
2026-09-29T19:29:39,4801,2.1568627450980393e-06,0.16491477191448212,1189.393261010958
2026-09-29T19:30:03,4802,2.1530180699730873e-06,0.19463005661964417,1189.3950812451442
2026-09-29T19:30:29,4803,2.1491733948481357e-06,0.2470608800649643,1189.3970586686391
2026-09-29T19:31:03,4804,2.1453287197231837e-06,0.24963748455047607,1189.4137991935045
2026-09-29T19:31:19,4805,2.1414840445982317e-06,0.20800504088401794,1189.4341137509075
2026-09-29T19:31:49,4806,2.1376393694732797e-06,0.2152981162071228,1189.456601861381
2026-09-29T19:32:27,4807,2.1337946943483277e-06,0.24968327581882477,1189.464753159096
2026-09-29T19:33:27,4808,2.1299500192233757e-06,0.2338235080242157,1189.382189498363
2026-09-29T19:34:37,4809,2.1261053440984237e-06,0.37034279108047485,1189.2916974209431
2026-09-29T19:35:01,4810,2.122260668973472e-06,0.17500951886177063,1189.320286132048
2026-09-29T19:35:59,4811,2.11841599384852e-06,0.24261629581451416,1189.2498635954819
2026-09-29T19:36:11,4812,2.114571318723568e-06,0.17330345511436462,1189.2700868276945
2026-09-29T19:36:56,4813,2.110726643598616e-06,0.24966953694820404,1189.2074469228287
2026-09-29T19:37:36,4814,2.106881968473664e-06,0.25285643339157104,1189.1918041611837
2026-09-29T19:38:00,4815,2.103037293348712e-06,0.20954929292201996,1189.2141024440646
2026-09-29T19:38:25,4816,2.09919261822376e-06,0.22627660632133484,1189.2388236664615
2026-09-29T19:38:46,4817,2.095347943098808e-06,0.22432130575180054,1189.2570715413492
2026-09-29T19:39:27,4818,2.0915032679738565e-06,0.20031282305717468,1189.2541624323267
2026-09-29T19:39:38,4819,2.087658592848904e-06,0.205930694937706,1189.2740824908028
2026-09-29T19:40:33,4820,2.0838139177239525e-06,0.18600544333457947,1189.218363235002
2026-09-29T19:40:50,4821,2.0799692425990005e-06,0.1873064935207367,1189.2571059853633
2026-09-29T19:41:16,4822,2.0761245674740485e-06,0.23871079087257385,1189.285173733224
2026-09-29T19:41:52,4823,2.0722798923490965e-06,0.21383215487003326,1189.2729247011198
2026-09-29T19:42:04,4824,2.068435217224145e-06,0.16779378056526184,1189.3017936116196
2026-09-29T19:42:23,4825,2.0645905420991925e-06,0.2587313652038574,1189.322511106183
2026-09-29T19:42:40,4826,2.060745866974241e-06,0.23435834050178528,1189.339959518394
2026-09-29T19:43:06,4827,2.056901191849289e-06,0.2193961888551712,1189.3470725024197
2026-09-29T19:43:27,4828,2.053056516724337e-06,0.19213852286338806,1189.3671727723436
2026-09-29T19:43:46,4829,2.049211841599385e-06,0.18730571866035461,1189.3867717773967
2026-09-29T19:44:25,4830,2.0453671664744334e-06,0.2413986772298813,1189.38612153541
2026-09-29T19:44:37,4831,2.041522491349481e-06,0.2143775224685669,1189.4107490022745
2026-09-29T19:45:48,4832,2.0376778162245294e-06,0.19899436831474304,1189.3190655949015
2026-09-29T19:46:04,4833,2.0338331410995774e-06,0.17628617584705353,1189.3562926172415
2026-09-29T19:46:26,4834,2.0299884659746254e-06,0.21495899558067322,1189.3854119262974
2026-09-29T19:46:48,4835,2.0261437908496734e-06,0.21546807885169983,1189.4145033479056
2026-09-29T19:47:15,4836,2.0222991157247214e-06,0.25805649161338806,1189.4329325297424
2026-09-29T19:47:31,4837,2.0184544405997694e-06,0.19638264179229736,1189.4626306607056
2026-09-29T19:47:58,4838,2.0146097654748178e-06,0.3103681802749634,1189.4861454365785
2026-09-29T19:48:49,4839,2.0107650903498658e-06,0.29515522718429565,1189.4286668033328
2026-09-29T19:49:02,4840,2.0069204152249138e-06,0.1849738210439682,1189.4463986618052
2026-09-29T19:49:51,4841,2.0030757400999618e-06,0.31473320722579956,1189.4167933363237
2026-09-29T19:50:21,4842,1.9992310649750098e-06,0.21675711870193481,1189.4291853341697
2026-09-29T19:50:41,4843,1.9953863898500578e-06,0.2344917207956314,1189.4646786248848
2026-09-29T19:50:55,4844,1.9915417147251058e-06,0.16738459467887878,1189.4938589187277
2026-09-29T19:51:40,4845,1.987697039600154e-06,0.23297306895256042,1189.48181665424
2026-09-29T19:52:01,4846,1.9838523644752018e-06,0.2614935040473938,1189.4975673243946
2026-09-29T19:52:17,4847,1.98000768935025e-06,0.16625607013702393,1189.521710036718
2026-09-29T19:52:39,4848,1.976163014225298e-06,0.19870483875274658,1189.5385009194015
2026-09-29T19:53:30,4849,1.972318339100346e-06,0.20970311760902405,1189.468634983916
2026-09-29T19:53:49,4850,1.968473663975394e-06,0.238681823015213,1189.4916460696998
2026-09-29T19:54:20,4851,1.964628988850442e-06,0.25570645928382874,1189.4948006504662
2026-09-29T19:54:39,4852,1.96078431372549e-06,0.1887691468000412,1189.524048592837
2026-09-29T19:54:51,4853,1.9569396386005386e-06,0.16435527801513672,1189.5490664252402
2026-09-29T19:55:51,4854,1.953094963475586e-06,0.3485816419124603,1189.487946354308
2026-09-29T19:56:37,4855,1.9492502883506346e-06,0.16827690601348877,1189.4299381218218
2026-09-29T19:56:51,4856,1.9454056132256826e-06,0.18980397284030914,1189.4596127171071
2026-09-29T19:57:25,4857,1.9415609381007306e-06,0.28963154554367065,1189.4369393593413
2026-09-29T19:57:42,4858,1.9377162629757786e-06,0.17457342147827148,1189.4646882986156
2026-09-29T19:57:52,4859,1.933871587850827e-06,0.1536119282245636,1189.4792591097935
2026-09-29T19:58:26,4860,1.9300269127258746e-06,0.20769639313220978,1189.4802937489362
2026-09-29T19:59:17,4861,1.926182237600923e-06,0.27586743235588074,1189.4362930253494
2026-09-29T20:00:00,4862,1.922337562475971e-06,0.28679177165031433,1189.4083114376217
2026-09-29T20:00:14,4863,1.918492887351019e-06,0.21324798464775085,1189.438632855193
2026-09-29T20:00:25,4864,1.914648212226067e-06,0.1267562061548233,1189.4603092530658
2026-09-29T20:00:47,4865,1.9108035371011154e-06,0.17981937527656555,1189.4876386682877
2026-09-29T20:01:28,4866,1.9069588619761632e-06,0.27357184886932373,1189.4915345413401
2026-09-29T20:02:33,4867,1.9031141868512112e-06,0.25887176394462585,1189.4103684662255
2026-09-29T20:03:42,4868,1.8992695117262594e-06,0.30304718017578125,1189.3215181875494
2026-09-29T20:04:22,4869,1.8954248366013072e-06,0.3102896213531494,1189.307008930878
2026-09-29T20:04:33,4870,1.8915801614763554e-06,0.2411426603794098,1189.3273662155632
2026-09-29T20:05:41,4871,1.8877354863514036e-06,0.23831766843795776,1189.2431138510801
2026-09-29T20:06:17,4872,1.8838908112264514e-06,0.22637765109539032,1189.2361729478648
2026-09-29T20:06:45,4873,1.8800461361014996e-06,0.21771788597106934,1189.2615281873652
2026-09-29T20:07:35,4874,1.8762014609765478e-06,0.21517685055732727,1189.2089688674412
2026-09-29T20:07:45,4875,1.8723567858515956e-06,0.1875961720943451,1189.2258223454828
2026-09-29T20:08:03,4876,1.8685121107266438e-06,0.24301576614379883,1189.2634936395903
2026-09-29T20:08:34,4877,1.864667435601692e-06,0.23935288190841675,1189.257690165146
2026-09-29T20:09:20,4878,1.8608227604767398e-06,0.2316456139087677,1189.2050883886977
2026-09-29T20:09:45,4879,1.856978085351788e-06,0.2198738157749176,1189.2101621106342
2026-09-29T20:09:57,4880,1.8531334102268358e-06,0.16852830350399017,1189.2351720582387
2026-09-29T20:10:53,4881,1.849288735101884e-06,0.29214268922805786,1189.184243859053
2026-09-29T20:11:11,4882,1.8454440599769322e-06,0.19722476601600647,1189.2148750256208
2026-09-29T20:11:32,4883,1.84159938485198e-06,0.2556491792201996,1189.246162351025
2026-09-29T20:11:52,4884,1.8377547097270282e-06,0.25778213143348694,1189.2775312932533
2026-09-29T20:12:28,4885,1.8339100346020764e-06,0.20617616176605225,1189.2711574243795
2026-09-29T20:13:16,4886,1.8300653594771242e-06,0.2658277153968811,1189.2132410772003
2026-09-29T20:14:12,4887,1.8262206843521724e-06,0.18036670982837677,1189.1517517191594
2026-09-29T20:14:39,4888,1.8223760092272204e-06,0.23440362513065338,1189.1672378059925
2026-09-29T20:14:56,4889,1.8185313341022684e-06,0.19411469995975494,1189.196347992554
2026-09-29T20:15:35,4890,1.8146866589773166e-06,0.2695990800857544,1189.2016182563355
2026-09-29T20:16:46,4891,1.8108419838523646e-06,0.36787188053131104,1189.1067640276488
2026-09-29T20:17:00,4892,1.8069973087274126e-06,0.15588140487670898,1189.1318044942936
2026-09-29T20:17:56,4893,1.8031526336024608e-06,0.3354901969432831,1189.0640495898635
2026-09-29T20:18:33,4894,1.7993079584775088e-06,0.27572178840637207,1189.0681551167804
2026-09-29T20:19:23,4895,1.7954632833525568e-06,0.23764148354530334,1189.0062516802657
2026-09-29T20:19:50,4896,1.7916186082276048e-06,0.23901492357254028,1189.0344997994466
2026-09-29T20:20:26,4897,1.787773933102653e-06,0.2213093787431717,1189.039693840423
2026-09-29T20:20:49,4898,1.783929257977701e-06,0.2876585125923157,1189.0604458865373
2026-09-29T20:21:30,4899,1.780084582852749e-06,0.20259030163288116,1189.0323468382153
2026-09-29T20:21:53,4900,1.7762399077277972e-06,0.23692788183689117,1189.050102693252
2026-09-29T20:22:25,4901,1.772395232602845e-06,0.2484690248966217,1189.04835395107
2026-09-29T20:22:43,4902,1.7685505574778932e-06,0.16200660169124603,1189.0694853705952
2026-09-29T20:23:22,4903,1.7647058823529414e-06,0.2460513859987259,1189.076408771148
2026-09-29T20:23:38,4904,1.7608612072279892e-06,0.2135269194841385,1189.1036765148372
2026-09-29T20:23:49,4905,1.7570165321030374e-06,0.1760786771774292,1189.1196965074864
2026-09-29T20:24:35,4906,1.7531718569780857e-06,0.24043263494968414,1189.0733309212546
2026-09-29T20:25:06,4907,1.7493271818531334e-06,0.21560554206371307,1189.0698848200066
2026-09-29T20:25:21,4908,1.7454825067281816e-06,0.2249728888273239,1189.0971836578813
2026-09-29T20:25:33,4909,1.7416378316032299e-06,0.24080759286880493,1189.1179842020065
2026-09-29T20:26:20,4910,1.7377931564782776e-06,0.257346510887146,1189.0787847673298
2026-09-29T20:27:02,4911,1.7339484813533259e-06,0.26333391666412354,1189.0555271353196
2026-09-29T20:27:24,4912,1.7301038062283736e-06,0.15213055908679962,1189.0656780916918
2026-09-29T20:28:29,4913,1.7262591311034218e-06,0.31484004855155945,1188.9837848756601
2026-09-29T20:28:49,4914,1.72241445597847e-06,0.2478286772966385,1189.0147337509231
2026-09-29T20:29:46,4915,1.7185697808535178e-06,0.24779078364372253,1188.9597469048815
2026-09-29T20:30:03,4916,1.714725105728566e-06,0.1922609806060791,1188.9969007500874
2026-09-29T20:30:19,4917,1.7108804306036143e-06,0.2148296982049942,1189.018848679695
2026-09-29T20:30:36,4918,1.707035755478662e-06,0.17742618918418884,1189.0347585270704
2026-09-29T20:30:59,4919,1.7031910803537103e-06,0.21746888756752014,1189.0469496391577
2026-09-29T20:31:35,4920,1.6993464052287585e-06,0.30601048469543457,1189.0332016152752
2026-09-29T20:31:58,4921,1.6955017301038063e-06,0.1982795000076294,1189.055061342146
2026-09-29T20:32:31,4922,1.6916570549788545e-06,0.24523848295211792,1189.0670954833668
2026-09-29T20:33:17,4923,1.6878123798539025e-06,0.2706429958343506,1189.0251335710743
2026-09-29T20:34:52,4924,1.6839677047289505e-06,0.3458370566368103,1188.8712450038574
2026-09-29T20:35:42,4925,1.6801230296039987e-06,0.1510222852230072,1188.8123350717065
2026-09-29T20:35:57,4926,1.6762783544790467e-06,0.24372023344039917,1188.835301990108
2026-09-29T20:36:10,4927,1.6724336793540947e-06,0.21839570999145508,1188.862781229915
2026-09-29T20:36:21,4928,1.6685890042291429e-06,0.25004616379737854,1188.8794792602412
2026-09-29T20:36:57,4929,1.6647443291041909e-06,0.22588664293289185,1188.8547193672218
2026-09-29T20:37:12,4930,1.6608996539792389e-06,0.2758915424346924,1188.8718858470475
2026-09-29T20:38:03,4931,1.6570549788542869e-06,0.246847003698349,1188.8154771803
2026-09-29T20:38:44,4932,1.653210303729335e-06,0.21801459789276123,1188.8079044807423
2026-09-29T20:39:03,4933,1.649365628604383e-06,0.21395966410636902,1188.8286254559305
2026-09-29T20:39:42,4934,1.645520953479431e-06,0.18297767639160156,1188.8021823384345
2026-09-29T20:39:51,4935,1.6416762783544793e-06,0.12828737497329712,1188.8146633887375
2026-09-29T20:40:16,4936,1.637831603229527e-06,0.27457523345947266,1188.8188010580257
2026-09-29T20:40:54,4937,1.6339869281045753e-06,0.3011851906776428,1188.8276497889274
2026-09-29T20:41:19,4938,1.6301422529796235e-06,0.18804530799388885,1188.8472852829034
2026-09-29T20:41:46,4939,1.6262975778546713e-06,0.23624178767204285,1188.8673197179571
2026-09-29T20:42:04,4940,1.6224529027297195e-06,0.23408102989196777,1188.8811506218306
2026-09-29T20:42:32,4941,1.6186082276047677e-06,0.29875582456588745,1188.9082174547536
2026-09-29T20:43:01,4942,1.6147635524798155e-06,0.20289307832717896,1188.9066254221154
2026-09-29T20:43:32,4943,1.6109188773548637e-06,0.2666645646095276,1188.914175297863
2026-09-29T20:43:52,4944,1.607074202229912e-06,0.19904544949531555,1188.923004625017
2026-09-29T20:44:30,4945,1.6032295271049597e-06,0.3026474714279175,1188.9213148050333
2026-09-29T20:45:06,4946,1.599384851980008e-06,0.24008947610855103,1188.9119268378834
2026-09-29T20:45:28,4947,1.5955401768550557e-06,0.215090811252594,1188.93250715027
2026-09-29T20:45:45,4948,1.5916955017301039e-06,0.1602257788181305,1188.956610323425
2026-09-29T20:46:13,4949,1.587850826605152e-06,0.24836742877960205,1188.955468882615
2026-09-29T20:46:28,4950,1.5840061514801999e-06,0.18390975892543793,1188.9853282053352
2026-09-29T20:46:42,4951,1.580161476355248e-06,0.21607229113578796,1189.0115778298755
2026-09-29T20:47:04,4952,1.5763168012302963e-06,0.30220896005630493,1189.037824571526
2026-09-29T20:47:14,4953,1.572472126105344e-06,0.20843791961669922,1189.0503476263898
2026-09-29T20:48:07,4954,1.5686274509803923e-06,0.27688121795654297,1189.0139954218619
2026-09-29T20:49:01,4955,1.5647827758554405e-06,0.2742842435836792,1188.9605017204813
2026-09-29T20:49:14,4956,1.5609381007304883e-06,0.22426794469356537,1188.9878256611473
2026-09-29T20:50:18,4957,1.5570934256055365e-06,0.3725464344024658,1188.8931876199852
2026-09-29T20:50:43,4958,1.5532487504805845e-06,0.25250929594039917,1188.914409421986
2026-09-29T20:51:34,4959,1.5494040753556325e-06,0.30635637044906616,1188.869726968492
2026-09-29T20:51:50,4960,1.5455594002306807e-06,0.19709764420986176,1188.9036924771922
2026-09-29T20:52:04,4961,1.5417147251057287e-06,0.19838076829910278,1188.9324645635636
2026-09-29T20:52:23,4962,1.5378700499807767e-06,0.20460473001003265,1188.9556960129767
2026-09-29T20:52:41,4963,1.5340253748558247e-06,0.21356101334095,1188.9761695730429
2026-09-29T20:52:57,4964,1.530180699730873e-06,0.17684857547283173,1188.9868222386574
2026-09-29T20:53:40,4965,1.526336024605921e-06,0.1814422607421875,1188.9483915919247
2026-09-29T20:54:07,4966,1.522491349480969e-06,0.2066715955734253,1188.972728465637
2026-09-29T20:54:52,4967,1.5186466743560171e-06,0.24537838995456696,1188.943118269706
2026-09-29T20:55:06,4968,1.5148019992310651e-06,0.20570212602615356,1188.96887107022
2026-09-29T20:55:19,4969,1.5109573241061131e-06,0.14475515484809875,1188.9967480687897
2026-09-29T20:56:11,4970,1.5071126489811613e-06,0.337453693151474,1188.9443685349188
2026-09-29T20:56:29,4971,1.5032679738562091e-06,0.2546917796134949,1188.9698808466544
2026-09-29T20:57:08,4972,1.4994232987312573e-06,0.24246294796466827,1188.9655409394245
2026-09-29T20:57:25,4973,1.4955786236063055e-06,0.12957431375980377,1188.9924274751443
2026-09-29T20:57:42,4974,1.4917339484813533e-06,0.20392531156539917,1189.0134034910004
2026-09-29T20:58:04,4975,1.4878892733564015e-06,0.2028808444738388,1189.0381472875401
2026-09-29T20:58:22,4976,1.4840445982314497e-06,0.2332339584827423,1189.0717295084044
2026-09-29T20:58:46,4977,1.4801999231064975e-06,0.2048925906419754,1189.0976872129872
2026-09-29T20:59:04,4978,1.4763552479815457e-06,0.1924234926700592,1189.1244087628152
2026-09-29T21:00:39,4979,1.4725105728565935e-06,0.3398694694042206,1188.9743416095566
2026-09-29T21:01:16,4980,1.4686658977316417e-06,0.3154795169830322,1188.9678612937494
2026-09-29T21:01:32,4981,1.46482122260669e-06,0.2000228613615036,1189.0031415490416
2026-09-29T21:02:24,4982,1.4609765474817377e-06,0.359499990940094,1188.9418675509705
2026-09-29T21:02:42,4983,1.457131872356786e-06,0.21262973546981812,1188.9701611109244
2026-09-29T21:02:55,4984,1.4532871972318341e-06,0.2561178505420685,1188.9945638704294
2026-09-29T21:03:21,4985,1.449442522106882e-06,0.17743006348609924,1189.0008480953618
2026-09-29T21:03:43,4986,1.4455978469819301e-06,0.18234272301197052,1189.024363681746
2026-09-29T21:03:55,4987,1.4417531718569783e-06,0.15935412049293518,1189.0476272453982
2026-09-29T21:04:09,4988,1.4379084967320261e-06,0.2585550546646118,1189.0753042629065
2026-09-29T21:04:38,4989,1.4340638216070743e-06,0.23190724849700928,1189.0888340659521
2026-09-29T21:04:48,4990,1.4302191464821226e-06,0.1691480576992035,1189.1033956687484
2026-09-29T21:05:02,4991,1.4263744713571703e-06,0.15935516357421875,1189.1325981638943
2026-09-29T21:05:26,4992,1.4225297962322186e-06,0.20922617614269257,1189.1577691012285
2026-09-29T21:06:53,4993,1.4186851211072665e-06,0.3063710331916809,1189.0381804042404
2026-09-29T21:07:32,4994,1.4148404459823145e-06,0.29476121068000793,1189.0287538458074
2026-09-29T21:08:02,4995,1.4109957708573628e-06,0.24964940547943115,1189.0311268962812
2026-09-29T21:08:58,4996,1.4071510957324108e-06,0.2291841357946396,1188.9615073066045
2026-09-29T21:09:43,4997,1.4033064206074588e-06,0.2872962951660156,1188.901134267332
2026-09-29T21:09:59,4998,1.3994617454825067e-06,0.2014261782169342,1188.9199581041432
2026-09-29T21:10:09,4999,1.395617070357555e-06,0.20231714844703674,1188.937006878074
2026-09-29T21:10:52,5000,1.391772395232603e-06,0.21468310058116913,1188.8933232509778
2026-09-29T21:11:25,5001,1.387927720107651e-06,0.25726598501205444,1188.9015090796795
2026-09-29T21:12:21,5002,1.3840830449826992e-06,0.3090618848800659,1188.8280308324845
2026-09-29T21:12:48,5003,1.3802383698577472e-06,0.21607708930969238,1188.8213474644247
2026-09-29T21:13:31,5004,1.3763936947327952e-06,0.14038032293319702,1188.7821031846888
2026-09-29T21:14:07,5005,1.3725490196078434e-06,0.3105066418647766,1188.7869172720088
2026-09-29T21:14:29,5006,1.3687043444828912e-06,0.19378656148910522,1188.8090496777404
2026-09-29T21:14:47,5007,1.3648596693579394e-06,0.19283896684646606,1188.8328115979357
2026-09-29T21:15:21,5008,1.3610149942329876e-06,0.2543429434299469,1188.8254892257505
2026-09-29T21:15:51,5009,1.3571703191080354e-06,0.23095619678497314,1188.8312389418218
2026-09-29T21:16:18,5010,1.3533256439830836e-06,0.2817029654979706,1188.8587438885668
2026-09-29T21:16:41,5011,1.3494809688581318e-06,0.22221696376800537,1188.8842398606814
2026-09-29T21:18:03,5012,1.3456362937331796e-06,0.24896815419197083,1188.763406852571
2026-09-29T21:18:34,5013,1.3417916186082278e-06,0.2799641489982605,1188.7707727948323
2026-09-29T21:19:39,5014,1.3379469434832756e-06,0.2539259195327759,1188.6975311551396
2026-09-29T21:19:53,5015,1.3341022683583238e-06,0.20864327251911163,1188.728201079025
2026-09-29T21:20:14,5016,1.330257593233372e-06,0.20766180753707886,1188.7562173319538
2026-09-29T21:20:37,5017,1.3264129181084198e-06,0.21754585206508636,1188.778922745519
2026-09-29T21:20:59,5018,1.322568242983468e-06,0.22002097964286804,1188.8059146224348
2026-09-29T21:22:03,5019,1.3187235678585162e-06,0.3175537884235382,1188.742538127461
2026-09-29T21:22:47,5020,1.314878892733564e-06,0.4025329351425171,1188.717460477813
2026-09-29T21:23:00,5021,1.3110342176086122e-06,0.22752076387405396,1188.7445835714627
2026-09-29T21:23:54,5022,1.3071895424836604e-06,0.27811872959136963,1188.6907164445684
2026-09-29T21:24:30,5023,1.3033448673587082e-06,0.272696852684021,1188.6927342375466
2026-09-29T21:25:07,5024,1.2995001922337564e-06,0.19089370965957642,1188.6781462072702
2026-09-29T21:25:20,5025,1.2956555171088046e-06,0.16805753111839294,1188.7062198057229
2026-09-29T21:25:42,5026,1.2918108419838524e-06,0.20006528496742249,1188.723311750616
2026-09-29T21:26:11,5027,1.2879661668589006e-06,0.22384168207645416,1188.7322847103258
2026-09-29T21:26:34,5028,1.2841214917339486e-06,0.198909193277359,1188.7465360189576
2026-09-29T21:26:51,5029,1.2802768166089966e-06,0.22014020383358002,1188.7678540437278
2026-09-29T21:27:04,5030,1.2764321414840448e-06,0.16436932981014252,1188.7932301798467
2026-09-29T21:27:39,5031,1.2725874663590928e-06,0.21539846062660217,1188.8016056317952
2026-09-29T21:28:03,5032,1.2687427912341408e-06,0.27970293164253235,1188.8191894127308
2026-09-29T21:28:16,5033,1.2648981161091888e-06,0.1456616073846817,1188.8451302184035
2026-09-29T21:29:05,5034,1.261053440984237e-06,0.2439606487751007,1188.798000126995
2026-09-29T21:30:00,5035,1.257208765859285e-06,0.21851029992103577,1188.7153997073547
2026-09-29T21:30:31,5036,1.253364090734333e-06,0.24939537048339844,1188.724190367968
2026-09-29T21:30:50,5037,1.249519415609381e-06,0.20511576533317566,1188.7549248023056
2026-09-29T21:31:11,5038,1.2456747404844292e-06,0.2516130208969116,1188.7842018213732
2026-09-29T21:32:02,5039,1.2418300653594772e-06,0.2339669018983841,1188.7314107126772
2026-09-29T21:32:21,5040,1.2379853902345252e-06,0.2107062190771103,1188.7521345968953
2026-09-29T21:32:58,5041,1.2341407151095732e-06,0.2904127538204193,1188.73734373133
2026-09-29T21:33:08,5042,1.2302960399846214e-06,0.16550761461257935,1188.7514084834077
2026-09-29T21:33:25,5043,1.2264513648596694e-06,0.19813890755176544,1188.7819581835988
2026-09-29T21:34:11,5044,1.2226066897347174e-06,0.20176537334918976,1188.7252248092216
2026-09-29T21:34:52,5045,1.2187620146097656e-06,0.3259468078613281,1188.7032917558358
2026-09-29T21:35:16,5046,1.2149173394848136e-06,0.32561445236206055,1188.7339836723245
2026-09-29T21:35:55,5047,1.2110726643598616e-06,0.1900685429573059,1188.6892008477464
2026-09-29T21:36:40,5048,1.2072279892349098e-06,0.23625758290290833,1188.6309831078242
2026-09-29T21:37:21,5049,1.2033833141099578e-06,0.2316521406173706,1188.597078095499
2026-09-29T21:38:02,5050,1.1995386389850058e-06,0.23857446014881134,1188.5792946421998
2026-09-29T21:38:25,5051,1.195693963860054e-06,0.1561412662267685,1188.5879798348226
2026-09-29T21:38:48,5052,1.191849288735102e-06,0.2738094925880432,1188.6163346599865
2026-09-29T21:39:07,5053,1.18800461361015e-06,0.23258192837238312,1188.6354854260924
2026-09-29T21:39:53,5054,1.184159938485198e-06,0.21219608187675476,1188.5787989046476
2026-09-29T21:40:10,5055,1.1803152633602462e-06,0.236133873462677,1188.6070835662376
2026-09-29T21:40:31,5056,1.1764705882352942e-06,0.297586053609848,1188.6296519650514
2026-09-29T21:41:00,5057,1.1726259131103422e-06,0.2328411340713501,1188.627100344165
2026-09-29T21:41:12,5058,1.1687812379853904e-06,0.14076635241508484,1188.6477202606231
2026-09-29T21:41:41,5059,1.1649365628604384e-06,0.21312730014324188,1188.6511318723
2026-09-29T21:42:03,5060,1.1610918877354864e-06,0.24971818923950195,1188.6789014764518
2026-09-29T21:42:50,5061,1.1572472126105346e-06,0.32170340418815613,1188.6199837851636
2026-09-29T21:43:26,5062,1.1534025374855826e-06,0.2754582166671753,1188.605185377034
2026-09-29T21:43:39,5063,1.1495578623606306e-06,0.23832297325134277,1188.6194659594432
2026-09-29T21:43:55,5064,1.1457131872356786e-06,0.16346138715744019,1188.64546588224
2026-09-29T21:44:35,5065,1.1418685121107268e-06,0.24286380410194397,1188.6243223368906
2026-09-29T21:44:58,5066,1.1380238369857748e-06,0.2453283667564392,1188.654222222493
2026-09-29T21:45:27,5067,1.1341791618608228e-06,0.19929124414920807,1188.6664194715938
2026-09-29T21:46:01,5068,1.1303344867358708e-06,0.19336280226707458,1188.662991277678
2026-09-29T21:46:14,5069,1.126489811610919e-06,0.17401568591594696,1188.6869229033052
2026-09-29T21:46:34,5070,1.122645136485967e-06,0.28357750177383423,1188.7092596490977
2026-09-29T21:46:57,5071,1.118800461361015e-06,0.24065037071704865,1188.717471437245
2026-09-29T21:47:30,5072,1.114955786236063e-06,0.20059895515441895,1188.720861493282
2026-09-29T21:47:45,5073,1.111111111111111e-06,0.16404613852500916,1188.7509154698625
2026-09-29T21:47:54,5074,1.1072664359861592e-06,0.1678280532360077,1188.7618528979242
2026-09-29T21:48:11,5075,1.1034217608612072e-06,0.16966328024864197,1188.790479726274
2026-09-29T21:48:44,5076,1.0995770857362552e-06,0.21847590804100037,1188.787035078326
2026-09-29T21:49:31,5077,1.0957324106113035e-06,0.30611127614974976,1188.7568231246912
2026-09-29T21:49:42,5078,1.0918877354863515e-06,0.1820761263370514,1188.7791519906664
2026-09-29T21:49:58,5079,1.0880430603613994e-06,0.2147589772939682,1188.8061825004615
2026-09-29T21:50:16,5080,1.0841983852364477e-06,0.24157685041427612,1188.8317390631519
2026-09-29T21:50:38,5081,1.0803537101114957e-06,0.2542608380317688,1188.8517557694458
2026-09-29T21:50:59,5082,1.0765090349865437e-06,0.1791393756866455,1188.8703199145154
2026-09-29T21:51:34,5083,1.0726643598615919e-06,0.19657786190509796,1188.8367295882783
2026-09-29T21:51:52,5084,1.0688196847366399e-06,0.19234463572502136,1188.8614813555746
2026-09-29T21:52:17,5085,1.0649750096116879e-06,0.2662178575992584,1188.8689175115276
2026-09-29T21:52:33,5086,1.061130334486736e-06,0.22410425543785095,1188.890782805007
2026-09-29T21:52:45,5087,1.057285659361784e-06,0.1691974252462387,1188.9140308310414
2026-09-29T21:53:34,5088,1.053440984236832e-06,0.27398353815078735,1188.8687245646627
2026-09-29T21:54:22,5089,1.04959630911188e-06,0.21549129486083984,1188.814293986784
2026-09-29T21:54:38,5090,1.0457516339869283e-06,0.190327450633049,1188.8374800926056
2026-09-29T21:55:26,5091,1.0419069588619763e-06,0.213899627327919,1188.790824655313
2026-09-29T21:55:49,5092,1.0380622837370243e-06,0.18357673287391663,1188.804623620159
2026-09-29T21:56:31,5093,1.0342176086120725e-06,0.29362952709198,1188.7900939358233
2026-09-29T21:57:23,5094,1.0303729334871205e-06,0.23559428751468658,1188.7590264641626
2026-09-29T21:57:37,5095,1.0265282583621685e-06,0.195664644241333,1188.7888926412982
2026-09-29T21:58:02,5096,1.0226835832372167e-06,0.19605010747909546,1188.8021098310685
2026-09-29T21:59:24,5097,1.0188389081122647e-06,0.3053983151912689,1188.662123798067
2026-09-29T21:59:44,5098,1.0149942329873127e-06,0.22610512375831604,1188.6818097474884
2026-09-29T22:00:03,5099,1.0111495578623607e-06,0.26278501749038696,1188.7047647529716
2026-09-29T22:00:22,5100,1.0073048827374089e-06,0.21129189431667328,1188.7275156917065
2026-09-29T22:00:36,5101,1.0034602076124569e-06,0.16987529397010803,1188.7582848010363
2026-09-29T22:00:55,5102,9.996155324875049e-07,0.23300650715827942,1188.78990991627
2026-09-29T22:01:17,5103,9.957708573625529e-07,0.29548379778862,1188.8128295614558
2026-09-29T22:01:30,5104,9.919261822376009e-07,0.1699756681919098,1188.836452142536
2026-09-29T22:02:23,5105,9.88081507112649e-07,0.308434396982193,1188.7804847116834
2026-09-29T22:02:49,5106,9.84236831987697e-07,0.22923769056797028,1188.807459654143
2026-09-29T22:03:34,5107,9.80392156862745e-07,0.25872802734375,1188.7814569057964
2026-09-29T22:04:32,5108,9.76547481737793e-07,0.27347663044929504,1188.7282637131837
2026-09-29T22:04:59,5109,9.727028066128413e-07,0.2706233263015747,1188.7344841456081
2026-09-29T22:05:10,5110,9.688581314878893e-07,0.13446642458438873,1188.7524682236551
2026-09-29T22:05:47,5111,9.650134563629373e-07,0.17533166706562042,1188.7524668378041
2026-09-29T22:06:04,5112,9.611687812379855e-07,0.23079153895378113,1188.7780769753383
2026-09-29T22:06:17,5113,9.573241061130335e-07,0.15256111323833466,1188.8011935197073
2026-09-29T22:06:47,5114,9.534794309880816e-07,0.19496744871139526,1188.8080234271674
2026-09-29T22:07:31,5115,9.496347558631297e-07,0.2524169385433197,1188.786257208739
2026-09-29T22:07:56,5116,9.457900807381777e-07,0.2724740505218506,1188.7964122953877
2026-09-29T22:08:56,5117,9.419454056132257e-07,0.2707025110721588,1188.7304277516507
2026-09-29T22:09:50,5118,9.381007304882739e-07,0.32960620522499084,1188.677602840053
2026-09-29T22:10:31,5119,9.342560553633219e-07,0.16775372624397278,1188.6534271814933
2026-09-29T22:11:25,5120,9.304113802383699e-07,0.2436400055885315,1188.5938177554108
2026-09-29T22:11:50,5121,9.265667051134179e-07,0.20583686232566833,1188.6103595821867
2026-09-29T22:12:17,5122,9.227220299884661e-07,0.20443475246429443,1188.627881470343
2026-09-29T22:12:41,5123,9.188773548635141e-07,0.24721568822860718,1188.6490413259403
2026-09-29T22:13:14,5124,9.150326797385621e-07,0.18380948901176453,1188.6418560888217
2026-09-29T22:13:25,5125,9.111880046136102e-07,0.12899288535118103,1188.6627668454
2026-09-29T22:14:02,5126,9.073433294886583e-07,0.24512788653373718,1188.659284672862
2026-09-29T22:14:24,5127,9.034986543637063e-07,0.24572043120861053,1188.679625762812
2026-09-29T22:14:39,5128,8.996539792387544e-07,0.2375534176826477,1188.7108122731147
2026-09-29T22:14:51,5129,8.958093041138024e-07,0.21656331419944763,1188.7324567619082
2026-09-29T22:15:30,5130,8.919646289888505e-07,0.28790733218193054,1188.7226403172363
2026-09-29T22:16:18,5131,8.881199538638986e-07,0.2225666493177414,1188.6639071624397
2026-09-29T22:16:41,5132,8.842752787389466e-07,0.2297610491514206,1188.686129821302
2026-09-29T22:16:55,5133,8.804306036139946e-07,0.13518038392066956,1188.711212439685
2026-09-29T22:17:22,5134,8.765859284890428e-07,0.2257770299911499,1188.7307840280846
2026-09-29T22:17:46,5135,8.727412533640908e-07,0.25207966566085815,1188.7513435921705
2026-09-29T22:18:04,5136,8.688965782391388e-07,0.2505558431148529,1188.7730996809312
2026-09-29T22:18:30,5137,8.650519031141868e-07,0.26719921827316284,1188.7916756922928
2026-09-29T22:18:45,5138,8.61207227989235e-07,0.2128203958272934,1188.809547283211
2026-09-29T22:19:01,5139,8.57362552864283e-07,0.2354653775691986,1188.8298410675336
2026-09-29T22:19:32,5140,8.53517877739331e-07,0.21419993042945862,1188.8361872312971
2026-09-29T22:19:47,5141,8.496732026143792e-07,0.20273903012275696,1188.8676637716212
2026-09-29T22:19:58,5142,8.458285274894272e-07,0.14828193187713623,1188.887317543216
2026-09-29T22:20:56,5143,8.419838523644752e-07,0.3114827275276184,1188.8247493352362
2026-09-29T22:21:39,5144,8.381391772395233e-07,0.2091989517211914,1188.8056867609712
2026-09-29T22:22:31,5145,8.342945021145714e-07,0.26311564445495605,1188.7446960668874
2026-09-29T22:23:00,5146,8.304498269896194e-07,0.23829466104507446,1188.7412878189043
2026-09-29T22:23:50,5147,8.266051518646675e-07,0.2425812929868698,1188.700723774822
2026-09-29T22:24:46,5148,8.227604767397155e-07,0.3247057795524597,1188.6410564995856
2026-09-29T22:25:05,5149,8.189158016147635e-07,0.20829282701015472,1188.6740020181905
2026-09-29T22:25:53,5150,8.150711264898117e-07,0.25537315011024475,1188.61410360068
2026-09-29T22:26:17,5151,8.112264513648597e-07,0.25199177861213684,1188.6425118090042
2026-09-29T22:26:32,5152,8.073817762399077e-07,0.17075662314891815,1188.6577712991439
2026-09-29T22:26:51,5153,8.03537101114956e-07,0.2072126567363739,1188.6757286610687
2026-09-29T22:27:15,5154,7.99692425990004e-07,0.21104317903518677,1188.6885101589896
2026-09-29T22:27:42,5155,7.958477508650519e-07,0.20130155980587006,1188.7119184614419
2026-09-29T22:27:57,5156,7.920030757400999e-07,0.1652323454618454,1188.7402856285225
2026-09-29T22:28:30,5157,7.881584006151482e-07,0.28824272751808167,1188.7503160109468
2026-09-29T22:28:45,5158,7.843137254901962e-07,0.1704598069190979,1188.7698286496511
2026-09-29T22:29:19,5159,7.804690503652441e-07,0.14931553602218628,1188.770688027472
2026-09-29T22:29:38,5160,7.766243752402923e-07,0.21203038096427917,1188.7877017015844
2026-09-29T22:29:56,5161,7.727797001153404e-07,0.18903502821922302,1188.8019340126284
2026-09-29T22:30:42,5162,7.689350249903884e-07,0.23794925212860107,1188.749805984714
2026-09-29T22:31:10,5163,7.650903498654365e-07,0.2576196789741516,1188.7667895429875
2026-09-29T22:32:08,5164,7.612456747404845e-07,0.20305439829826355,1188.7066918498988
2026-09-29T22:33:05,5165,7.574009996155326e-07,0.2374941110610962,1188.6529035666808
2026-09-29T22:33:22,5166,7.535563244905807e-07,0.29814761877059937,1188.6630050479255
2026-09-29T22:33:50,5167,7.497116493656287e-07,0.2543852925300598,1188.6790727493508
2026-09-29T22:34:24,5168,7.458669742406767e-07,0.22407303750514984,1188.6922841272135
2026-09-29T22:34:59,5169,7.420222991157249e-07,0.21277064085006714,1188.7016016474981
2026-09-29T22:35:10,5170,7.381776239907729e-07,0.171711727976799,1188.7207544594492
2026-09-29T22:35:25,5171,7.343329488658209e-07,0.26764562726020813,1188.7355095994585
2026-09-29T22:35:51,5172,7.304882737408689e-07,0.2549232542514801,1188.751425565529
2026-09-29T22:36:28,5173,7.266435986159171e-07,0.3352937698364258,1188.755098328826
2026-09-29T22:36:51,5174,7.227989234909651e-07,0.236678808927536,1188.7747884269545
2026-09-29T22:37:20,5175,7.189542483660131e-07,0.31805992126464844,1188.7883472964659
2026-09-29T22:37:29,5176,7.151095732410613e-07,0.14327841997146606,1188.7997592639992
2026-09-29T22:37:43,5177,7.112648981161093e-07,0.22126296162605286,1188.8214066742275
2026-09-29T22:38:18,5178,7.074202229911573e-07,0.24517837166786194,1188.82505401008
2026-09-29T22:38:35,5179,7.035755478662054e-07,0.20548087358474731,1188.850986316463
2026-09-29T22:39:06,5180,6.997308727412534e-07,0.24158719182014465,1188.8500691335544
2026-09-29T22:39:23,5181,6.958861976163015e-07,0.17453329265117645,1188.8746782831556
2026-09-29T22:39:43,5182,6.920415224913496e-07,0.1924585998058319,1188.8954320087653
2026-09-29T22:40:08,5183,6.881968473663976e-07,0.2834089994430542,1188.9063087375619
2026-09-29T22:40:48,5184,6.843521722414456e-07,0.25805217027664185,1188.9032585423795
2026-09-29T22:41:04,5185,6.805074971164938e-07,0.21241198480129242,1188.9269358804752
2026-09-29T22:41:28,5186,6.766628219915418e-07,0.3370218873023987,1188.939539720453
2026-09-29T22:41:51,5187,6.728181468665898e-07,0.22267822921276093,1188.9686114648566
2026-09-29T22:42:09,5188,6.689734717416378e-07,0.19387009739875793,1188.9851940887766
2026-09-29T22:43:01,5189,6.65128796616686e-07,0.27061721682548523,1188.9189488481109
2026-09-29T22:43:11,5190,6.61284121491734e-07,0.1502142995595932,1188.9338664347854
2026-09-29T22:44:06,5191,6.57439446366782e-07,0.2668214440345764,1188.8783554135944
2026-09-29T22:45:03,5192,6.535947712418302e-07,0.3048848509788513,1188.821147465821
2026-09-29T22:45:19,5193,6.497500961168782e-07,0.1851041465997696,1188.8529743613274
2026-09-29T22:45:49,5194,6.459054209919262e-07,0.2564801871776581,1188.8691639475796
2026-09-29T22:46:17,5195,6.420607458669743e-07,0.19330021739006042,1188.867355070519
2026-09-29T22:47:18,5196,6.382160707420224e-07,0.18564894795417786,1188.8021229738952
2026-09-29T22:47:57,5197,6.343713956170704e-07,0.24352431297302246,1188.8038925557378
2026-09-29T22:48:23,5198,6.305267204921185e-07,0.16923199594020844,1188.8203163168714
2026-09-29T22:48:50,5199,6.266820453671665e-07,0.23411570489406586,1188.8382448051443
2026-09-29T22:49:02,5200,6.228373702422146e-07,0.15594521164894104,1188.8609260806202
2026-09-29T22:49:20,5201,6.189926951172626e-07,0.2020782232284546,1188.8869932376113
2026-09-29T22:50:35,5202,6.151480199923107e-07,0.33940786123275757,1188.7617791432776
2026-09-29T22:50:47,5203,6.113033448673587e-07,0.15852555632591248,1188.7820619582942
2026-09-29T22:51:04,5204,6.074586697424068e-07,0.22276636958122253,1188.8070420466106
2026-09-29T22:51:31,5205,6.036139946174549e-07,0.19265049695968628,1188.8300568573611
2026-09-29T22:51:53,5206,5.997693194925029e-07,0.21616972982883453,1188.8397064183002
2026-09-29T22:52:22,5207,5.95924644367551e-07,0.28855451941490173,1188.864980215767
2026-09-29T22:53:13,5208,5.92079969242599e-07,0.3085104823112488,1188.7984726788172
2026-09-29T22:53:31,5209,5.882352941176471e-07,0.4140002727508545,1188.8206817074552
2026-09-29T22:54:16,5210,5.843906189926952e-07,0.18609395623207092,1188.808423576858
2026-09-29T22:55:01,5211,5.805459438677432e-07,0.18097667396068573,1188.7511890220476
2026-09-29T22:55:30,5212,5.767012687427913e-07,0.2002773880958557,1188.7639680800842
2026-09-29T22:56:43,5213,5.728565936178393e-07,0.29124540090560913,1188.6812094888362
2026-09-29T22:57:16,5214,5.690119184928874e-07,0.22632303833961487,1188.6835076723114
2026-09-29T22:57:40,5215,5.651672433679354e-07,0.18759295344352722,1188.6878917293345
2026-09-29T22:58:01,5216,5.613225682429835e-07,0.21144147217273712,1188.712223141557
2026-09-29T22:58:39,5217,5.574778931180315e-07,0.17860367894172668,1188.7240797411923
2026-09-29T22:58:51,5218,5.536332179930796e-07,0.19991180300712585,1188.747042285814
2026-09-29T22:59:33,5219,5.497885428681276e-07,0.2260223627090454,1188.7017355109608
2026-09-29T23:00:11,5220,5.459438677431757e-07,0.41351860761642456,1188.7137450812168
2026-09-29T23:00:22,5221,5.420991926182238e-07,0.19864070415496826,1188.7336036903464
2026-09-29T23:00:55,5222,5.382545174932718e-07,0.17771406471729279,1188.7385493994282
2026-09-29T23:01:07,5223,5.344098423683199e-07,0.19252994656562805,1188.7590350674175
2026-09-29T23:01:28,5224,5.30565167243368e-07,0.24923254549503326,1188.7838740951354
2026-09-29T23:01:57,5225,5.26720492118416e-07,0.25287702679634094,1188.788309348887
2026-09-29T23:02:47,5226,5.228758169934641e-07,0.20038196444511414,1188.7391262001781
2026-09-29T23:03:00,5227,5.190311418685121e-07,0.20648925006389618,1188.7635914541547
2026-09-29T23:03:44,5228,5.151864667435602e-07,0.17947956919670105,1188.7172047520742
2026-09-29T23:03:56,5229,5.113417916186083e-07,0.14806868135929108,1188.73746095841
2026-09-29T23:04:41,5230,5.074971164936563e-07,0.26954185962677,1188.6754292261885
2026-09-29T23:05:23,5231,5.036524413687044e-07,0.30090728402137756,1188.673021274534
2026-09-29T23:06:04,5232,4.998077662437524e-07,0.28100699186325073,1188.673889065652
2026-09-29T23:07:02,5233,4.959630911188004e-07,0.23855549097061157,1188.6113942795052
2026-09-29T23:07:30,5234,4.921184159938485e-07,0.2221413552761078,1188.619956471857
2026-09-29T23:07:51,5235,4.882737408688965e-07,0.23497506976127625,1188.6403883098765
2026-09-29T23:08:16,5236,4.844290657439446e-07,0.1809014230966568,1188.6391013921443
2026-09-29T23:08:47,5237,4.805843906189927e-07,0.2617197632789612,1188.641550656287
2026-09-29T23:09:00,5238,4.767397154940408e-07,0.17614006996154785,1188.658421787716
2026-09-29T23:09:36,5239,4.7289504036908885e-07,0.3454960584640503,1188.6517230123418
2026-09-29T23:09:49,5240,4.6905036524413695e-07,0.22617310285568237,1188.6760680342616
2026-09-29T23:10:10,5241,4.6520569011918495e-07,0.29217883944511414,1188.6965033667193
2026-09-29T23:10:55,5242,4.6136101499423305e-07,0.32553455233573914,1188.6931850274939
2026-09-29T23:11:14,5243,4.5751633986928105e-07,0.2271271049976349,1188.7213317125488
2026-09-29T23:11:47,5244,4.5367166474432916e-07,0.25964826345443726,1188.730167883208
2026-09-29T23:12:02,5245,4.498269896193772e-07,0.1798841953277588,1188.7590658490988
2026-09-29T23:12:40,5246,4.4598231449442526e-07,0.25869250297546387,1188.7403552008132
2026-09-29T23:12:59,5247,4.421376393694733e-07,0.1257193386554718,1188.767678085731
2026-09-29T23:13:20,5248,4.382929642445214e-07,0.22261658310890198,1188.788356947916
2026-09-29T23:14:27,5249,4.344482891195694e-07,0.24743019044399261,1188.745175469372
2026-09-29T23:14:48,5250,4.306036139946175e-07,0.2960067093372345,1188.7705552359441
2026-09-29T23:14:57,5251,4.267589388696655e-07,0.13484618067741394,1188.7833285279285
2026-09-29T23:15:24,5252,4.229142637447136e-07,0.2816542983055115,1188.8068863982999
2026-09-29T23:15:38,5253,4.1906958861976167e-07,0.22120699286460876,1188.8186166304492
2026-09-29T23:16:19,5254,4.152249134948097e-07,0.2372223287820816,1188.807860208313
2026-09-29T23:16:51,5255,4.1138023836985777e-07,0.28885000944137573,1188.8230845560763
2026-09-29T23:17:28,5256,4.0753556324490587e-07,0.2659759521484375,1188.8278114770908
2026-09-29T23:17:49,5257,4.0369088811995387e-07,0.21864666044712067,1188.8528955860138
2026-09-29T23:18:00,5258,3.99846212995002e-07,0.2387917935848236,1188.8687805052195
2026-09-29T23:19:29,5259,3.9600153787004997e-07,0.3284431993961334,1188.7522459133086
2026-09-29T23:19:43,5260,3.921568627450981e-07,0.22228534519672394,1188.7792929438754
2026-09-29T23:19:54,5261,3.883121876201461e-07,0.19954843819141388,1188.7981040449065
2026-09-29T23:21:35,5262,3.844675124951942e-07,0.2340378761291504,1188.6339159652987
2026-09-29T23:22:01,5263,3.8062283737024223e-07,0.2156018316745758,1188.6480332051185
2026-09-29T23:22:28,5264,3.7677816224529033e-07,0.20567330718040466,1188.667354490628
2026-09-29T23:23:04,5265,3.7293348712033833e-07,0.28766751289367676,1188.6630463354413
2026-09-29T23:23:16,5266,3.6908881199538643e-07,0.1913192868232727,1188.685737090113
2026-09-29T23:23:27,5267,3.6524413687043443e-07,0.16052256524562836,1188.7009569537847
2026-09-29T23:24:20,5268,3.6139946174548253e-07,0.2205912321805954,1188.6356201346669
2026-09-29T23:24:45,5269,3.5755478662053064e-07,0.26066067814826965,1188.6573512005107
2026-09-29T23:25:04,5270,3.5371011149557864e-07,0.16702309250831604,1188.6789701655937
2026-09-29T23:25:19,5271,3.498654363706267e-07,0.20330645143985748,1188.7000066753812
2026-09-29T23:26:09,5272,3.460207612456748e-07,0.323278546333313,1188.6465563562497
2026-09-29T23:26:41,5273,3.421760861207228e-07,0.2287495732307434,1188.6523743139117
2026-09-29T23:26:52,5274,3.383314109957709e-07,0.17365635931491852,1188.6707413007894
2026-09-29T23:27:10,5275,3.344867358708189e-07,0.17305369675159454,1188.6950688212473
2026-09-29T23:27:25,5276,3.30642060745867e-07,0.1437804400920868,1188.7218450415448
2026-09-29T23:27:37,5277,3.267973856209151e-07,0.1540120244026184,1188.7436386601141
2026-09-29T23:27:48,5278,3.229527104959631e-07,0.16745924949645996,1188.7622703944435
2026-09-29T23:28:09,5279,3.191080353710112e-07,0.21060383319854736,1188.7855926931684
2026-09-29T23:28:26,5280,3.1526336024605925e-07,0.2506571412086487,1188.8164192769932
2026-09-29T23:29:09,5281,3.114186851211073e-07,0.246329203248024,1188.814141079875
2026-09-29T23:30:16,5282,3.0757400999615535e-07,0.2518651485443115,1188.7410318654152
2026-09-29T23:30:49,5283,3.037293348712034e-07,0.23288081586360931,1188.7620917711056
2026-09-29T23:31:05,5284,2.9988465974625145e-07,0.2045116275548935,1188.7857544531917
2026-09-29T23:31:19,5285,2.960399846212995e-07,0.20408572256565094,1188.8113092563742
2026-09-29T23:32:28,5286,2.921953094963476e-07,0.2982844114303589,1188.7196679161223
2026-09-29T23:32:42,5287,2.8835063437139566e-07,0.2604410648345947,1188.7433764999887
2026-09-29T23:33:45,5288,2.845059592464437e-07,0.2826608717441559,1188.6828893373695
2026-09-29T23:34:03,5289,2.8066128412149176e-07,0.19820204377174377,1188.7008828829973
2026-09-29T23:34:39,5290,2.768166089965398e-07,0.23956023156642914,1188.7064416773983
2026-09-29T23:34:56,5291,2.7297193387158786e-07,0.2689334452152252,1188.7396083592512
2026-09-29T23:35:26,5292,2.691272587466359e-07,0.2654220759868622,1188.7380524585237
2026-09-29T23:35:52,5293,2.65282583621684e-07,0.18083861470222473,1188.7561999049608
2026-09-29T23:36:04,5294,2.6143790849673207e-07,0.1858169138431549,1188.776662458487
2026-09-29T23:36:47,5295,2.575932333717801e-07,0.26632916927337646,1188.770270213465
2026-09-29T23:37:10,5296,2.5374855824682817e-07,0.25415822863578796,1188.7947241792617
2026-09-29T23:37:54,5297,2.499038831218762e-07,0.29657894372940063,1188.7958168541804
2026-09-29T23:38:09,5298,2.4605920799692427e-07,0.2136981040239334,1188.8275542299411
2026-09-29T23:39:34,5299,2.422145328719723e-07,0.3415902256965637,1188.696893049418
2026-09-29T23:39:50,5300,2.383698577470204e-07,0.21702252328395844,1188.7172913426646
2026-09-29T23:40:13,5301,2.3452518262206848e-07,0.24886012077331543,1188.7365829579132
2026-09-29T23:40:30,5302,2.3068050749711653e-07,0.15941570699214935,1188.7544082480217
2026-09-29T23:40:53,5303,2.2683583237216458e-07,0.26695847511291504,1188.7698320153484
2026-09-29T23:41:19,5304,2.2299115724721263e-07,0.26292991638183594,1188.7949841183022
2026-09-29T23:41:39,5305,2.191464821222607e-07,0.2265402376651764,1188.820316522905
2026-09-29T23:42:02,5306,2.1530180699730876e-07,0.1986464112997055,1188.837308955275
2026-09-29T23:42:20,5307,2.114571318723568e-07,0.1608923226594925,1188.8695578790266
2026-09-29T23:43:07,5308,2.0761245674740486e-07,0.2359059602022171,1188.820295938107
2026-09-29T23:43:18,5309,2.0376778162245294e-07,0.18099729716777802,1188.840204203509
2026-09-29T23:43:35,5310,1.99923106497501e-07,0.21740955114364624,1188.862884495913
2026-09-29T23:43:48,5311,1.9607843137254904e-07,0.16097095608711243,1188.888695384723
2026-09-29T23:44:06,5312,1.922337562475971e-07,0.22294649481773376,1188.9141272492545
2026-09-29T23:45:03,5313,1.8838908112264517e-07,0.2907050848007202,1188.8715581860076
2026-09-29T23:45:18,5314,1.8454440599769322e-07,0.18052583932876587,1188.8957925201332
2026-09-29T23:45:34,5315,1.8069973087274127e-07,0.17215511202812195,1188.91543653791
2026-09-29T23:46:14,5316,1.7685505574778932e-07,0.18567872047424316,1188.8925270168845
2026-09-29T23:46:29,5317,1.730103806228374e-07,0.2246982604265213,1188.900853608491
2026-09-29T23:47:01,5318,1.6916570549788545e-07,0.20602953433990479,1188.91790288844
2026-09-29T23:47:45,5319,1.653210303729335e-07,0.19915644824504852,1188.8561734257735
2026-09-29T23:48:46,5320,1.6147635524798155e-07,0.2884666919708252,1188.8032959947284
2026-09-29T23:49:04,5321,1.5763168012302963e-07,0.21331749856472015,1188.8216307163711
2026-09-29T23:49:19,5322,1.5378700499807768e-07,0.17071501910686493,1188.8517496244162
2026-09-29T23:50:07,5323,1.4994232987312573e-07,0.24411112070083618,1188.8056480855637
2026-09-29T23:50:30,5324,1.460976547481738e-07,0.18336360156536102,1188.8268751961189
2026-09-29T23:50:43,5325,1.4225297962322186e-07,0.21457144618034363,1188.8490600594403
2026-09-29T23:51:34,5326,1.384083044982699e-07,0.2561168670654297,1188.7983337122516
2026-09-29T23:51:52,5327,1.3456362937331796e-07,0.1990625560283661,1188.818353362388
2026-09-29T23:52:34,5328,1.3071895424836603e-07,0.23211628198623657,1188.8033050469871
2026-09-29T23:52:54,5329,1.2687427912341408e-07,0.20344287157058716,1188.8323705001408
2026-09-29T23:53:23,5330,1.2302960399846214e-07,0.30526378750801086,1188.8440664760162
2026-09-29T23:54:14,5331,1.191849288735102e-07,0.24289946258068085,1188.792345566497
2026-09-29T23:54:26,5332,1.1534025374855826e-07,0.1897277534008026,1188.8101295209233
2026-09-29T23:54:44,5333,1.1149557862360631e-07,0.4136166572570801,1188.8339612430518
2026-09-29T23:55:09,5334,1.0765090349865438e-07,0.18425863981246948,1188.8470581753104
2026-09-29T23:55:47,5335,1.0380622837370243e-07,0.2927354872226715,1188.8137720433149
2026-09-29T23:56:07,5336,9.99615532487505e-08,0.17822623252868652,1188.826768702278
2026-09-29T23:56:18,5337,9.611687812379854e-08,0.1509675532579422,1188.8470741883934
2026-09-29T23:56:50,5338,9.227220299884661e-08,0.20652160048484802,1188.8460293554447
2026-09-29T23:57:04,5339,8.842752787389466e-08,0.1644163727760315,1188.870287239382
2026-09-29T23:57:26,5340,8.458285274894272e-08,0.2710382044315338,1188.8942237923693
2026-09-29T23:58:14,5341,8.073817762399077e-08,0.2771757245063782,1188.8494635031523
2026-09-29T23:58:28,5342,7.689350249903884e-08,0.2223741114139557,1188.8640864521706
2026-09-29T23:59:08,5343,7.30488273740869e-08,0.17721910774707794,1188.818191114055
2026-09-29T23:59:30,5344,6.920415224913495e-08,0.20901355147361755,1188.833774153647
2026-09-30T00:00:02,5345,6.535947712418302e-08,0.21952731907367706,1188.8447130381378
2026-09-30T00:00:12,5346,6.151480199923107e-08,0.17528888583183289,1188.8594428844556
2026-09-30T00:00:43,5347,5.767012687427913e-08,0.2512674927711487,1188.858306091417
2026-09-30T00:01:35,5348,5.382545174932719e-08,0.2867392301559448,1188.8351985159936
2026-09-30T00:01:54,5349,4.998077662437525e-08,0.19284699857234955,1188.8582802273568
2026-09-30T00:02:27,5350,4.6136101499423304e-08,0.24656334519386292,1188.8738838475708
2026-09-30T00:02:57,5351,4.229142637447136e-08,0.26731884479522705,1188.8722173720632
2026-09-30T00:03:51,5352,3.844675124951942e-08,0.29296088218688965,1188.823231203256
2026-09-30T00:04:04,5353,3.4602076124567476e-08,0.16518542170524597,1188.8457747378902
2026-09-30T00:05:02,5354,3.0757400999615534e-08,0.33890780806541443,1188.7841601667847
2026-09-30T00:05:19,5355,2.6912725874663595e-08,0.15463566780090332,1188.797545097609
2026-09-30T00:06:16,5356,2.3068050749711652e-08,0.3112231194972992,1188.7353761760755
2026-09-30T00:06:33,5357,1.922337562475971e-08,0.1912071257829666,1188.7580786355363
2026-09-30T00:06:55,5358,1.5378700499807767e-08,0.24063391983509064,1188.7825797701898
2026-09-30T00:07:12,5359,1.1534025374855826e-08,0.24076464772224426,1188.8052683779458
2026-09-30T00:07:39,5360,7.689350249903883e-09,0.2074761688709259,1188.8179972573198
2026-09-30T00:08:08,5361,3.844675124951942e-09,0.2393268346786499,1188.820833717077
2026-09-30T00:08:23,5362,0.0,0.16585004329681396,1188.8486091144375
